CID IDSURVEY zHD zHDERR zCMB zCMBERR zHEL zHELERR m_b_corr m_b_corr_err_DIAG MU_SH0ES MU_SH0ES_ERR_DIAG CEPH_DIST IS_CALIBRATOR USED_IN_SH0ES_HF c cERR x1 x1ERR mB mBERR x0 x0ERR COV_x1_c COV_x1_x0 COV_c_x0 RA DEC HOST_RA HOST_DEC HOST_ANGSEP VPEC VPECERR MWEBV HOST_LOGMASS HOST_LOGMASS_ERR PKMJD PKMJDERR NDOF FITCHI2 FITPROB m_b_corr_err_RAW m_b_corr_err_VPEC biasCor_m_b biasCorErr_m_b biasCor_m_b_COVSCALE biasCor_m_b_COVADD
2013E 56 0.01016000 0.00085000 0.01042000 0.00008000 0.00936000 0.00008000 13.52640000 0.34750000 32.77940000 0.34854700 -9.00000000 0 0 0.00817800 0.04886000 0.35982000 0.25323000 13.50080000 0.06767570 0.07139880 0.00445040 0.00168994 -0.00023856 -0.00014573 150.02300000 -34.23370000 -999 -999 -9.00000000 77.06490000 250 0.08409170 10.57480000 0.00000000 56309.10000000 0.16620000 12 21.01040000 0.05022760 0.12090000 0.18260000 -0.05020000 0.00100000 1.00000000 0.00700000
1999ac 57 0.01017000 0.00084000 0.00979000 0.00002000 0.00947000 0.00002000 13.66520000 0.36422400 32.91820000 0.36522300 -9.00000000 0 0 0.04062300 0.03773900 0.11098000 0.04023600 13.86420000 0.04017940 0.05109050 0.00189068 -0.00039889 0.00001004 -0.00005167 241.81200000 7.97230000 -999 -999 -9.00000000 -112.32600000 250 0.03955280 9.83179000 -9.00000000 51250.30000000 0.03870000 24 262.48800000 0.00000000 0.09370000 0.18030000 0.03730000 0.00600000 1.00000000 0.02200000
1999ac 62 0.01017000 0.00084000 0.00979000 0.00002000 0.00947000 0.00002000 13.71440000 0.34081000 32.96740000 0.34187800 -9.00000000 0 0 0.03813500 0.02547000 0.16103000 0.03264600 13.89610000 0.03847040 0.04960990 0.00175781 -0.00022461 0.00000951 -0.00003633 241.81200000 7.97230000 -999 -999 -9.00000000 -112.32600000 250 0.03955280 9.83179000 0.12850000 51251.10000000 0.04790000 76 554.10900000 0.00000000 0.05420000 0.18030000 0.03510000 0.00600000 1.00000000 0.02100000
2009an 51 0.01026000 0.00084000 0.00921000 0.00001000 0.00887000 0.00001000 14.08480000 0.30510100 33.33780000 0.30629400 -9.00000000 0 0 0.00959600 0.04244000 -1.33873000 0.23636000 14.32020000 0.06862090 0.03356840 0.00212160 0.00304291 -0.00011354 -0.00007671 185.69700000 65.85120000 -999 -999 -9.00000000 -311.40900000 250 0.01600600 10.51170000 0.00200000 54897.20000000 0.74920000 29 24.76240000 0.69052000 0.07820000 0.17870000 -0.04420000 0.00100000 1.00000000 0.00700000
2009an 65 0.01026000 0.00084000 0.00921000 0.00001000 0.00887000 0.00001000 13.97230000 0.29786500 33.22530000 0.29908600 -9.00000000 0 0 0.01070400 0.02982200 -1.47090000 0.10067000 14.23040000 0.03645780 0.03646250 0.00122437 0.00072800 -0.00004312 -0.00003189 185.69700000 65.85120000 -999 -999 -9.00000000 -311.40900000 250 0.01600600 10.51170000 0.01700000 54898.50000000 0.11270000 48 10.17310000 1.00000000 0.06240000 0.17870000 -0.04440000 0.00100000 1.00000000 0.00700000
2004S 57 0.01042000 0.00084000 0.00980000 0.00002000 0.00930000 0.00002000 13.87060000 0.31607600 33.12360000 0.31722700 -9.00000000 0 0 -0.00638000 0.03172600 -0.18170800 0.05568000 13.94940000 0.06813380 0.04723400 0.00296410 -0.00050830 0.00004144 -0.00007416 101.43100000 -31.23120000 -999 -999 -9.00000000 -183.95000000 250 0.08579750 7.00000000 -9.00000000 53040.80000000 0.17540000 40 71.42680000 0.00163933 0.06300000 0.17600000 0.01930000 0.00400000 1.00000000 0.01200000
1997do 62 0.01073000 0.00084000 0.01048000 0.00002000 0.01012000 0.00002000 13.85510000 0.36366700 33.10810000 0.36466800 -9.00000000 0 0 0.07758300 0.02785500 0.39341000 0.11191000 14.13960000 0.04692470 0.03964310 0.00171335 0.00010947 -0.00003481 -0.00003612 111.67700000 47.09330000 -999 -999 -9.00000000 -76.09900000 250 0.05310430 9.59400000 0.28089000 50766.90000000 0.09430000 13 98.23090000 0.00000000 0.06290000 0.17090000 0.05020000 0.00800000 1.00000000 0.03100000
ASASSN-16jf 150 0.01096000 0.00084000 0.01040000 0.00001000 0.01144000 0.00001000 14.31790000 0.31369800 33.57090000 0.31485800 -9.00000000 0 0 -0.03171900 0.04251700 -1.97973000 0.15325000 14.60190000 0.04919480 0.02589620 0.00117336 0.00002000 -0.00005543 -0.00004224 339.24700000 -25.23200000 -999 -999 -9.00000000 -166.92000000 250 0.02035730 8.01649000 0.01300000 57629.90000000 0.22210000 8 25.71630000 0.00117435 0.09970000 0.16730000 0.03760000 0.00400000 1.00000000 0.00800000
iPTF13ebh 56 0.01114000 0.00085000 0.01238000 0.00005000 0.01317000 0.00005000 14.48070000 0.34142100 33.73370000 0.34248700 -9.00000000 0 0 0.02341400 0.05069100 -2.41474000 0.14085000 14.91360000 0.05891420 0.01943340 0.00105449 0.00012317 -0.00002782 -0.00003431 35.49990000 33.27050000 -999 -999 -9.00000000 367.49700000 250 0.06657910 11.50000000 0.00100000 56623.10000000 0.10880000 31 33.31750000 0.35510000 0.13020000 0.16660000 -0.04810000 0.00200000 1.00000000 0.00800000
iPTF13ebh 5 0.01114000 0.00085000 0.01238000 0.00005000 0.01317000 0.00005000 14.38390000 0.29398300 33.63690000 0.29522000 -9.00000000 0 0 0.01919100 0.02459200 -2.15768000 0.02708600 14.76490000 0.04864000 0.02228610 0.00099840 -0.00014451 0.00000379 -0.00001764 35.49990000 33.27050000 -999 -999 -9.00000000 367.49700000 250 0.06657910 11.50000000 0.00100000 56623.10000000 0.03410000 145 739.53700000 0.00000000 0.05410000 0.16660000 -0.04900000 0.00100000 1.00000000 0.00800000
2010ko 56 0.01122000 0.00084000 0.01096000 0.00002000 0.01082000 0.00002000 14.58170000 0.35287800 33.83470000 0.35390900 -9.00000000 0 0 0.01255800 0.05143800 -2.46319000 0.12961000 15.07380000 0.08784760 0.01676730 0.00135665 -0.00042462 -0.00000935 -0.00004593 83.20600000 -14.09610000 -999 -999 -9.00000000 -74.59420000 250 0.12089000 7.25539000 0.01900000 55545.30000000 0.14160000 24 48.23340000 0.00236139 0.12470000 0.16350000 0.03750000 0.00700000 1.00000000 0.01600000
2013ex 51 0.01122000 0.00084000 0.01096000 0.00002000 0.01082000 0.00002000 14.18060000 0.28213500 33.43360000 0.28342400 -9.00000000 0 0 -0.03693900 0.03397400 -0.34116600 0.06572300 14.18730000 0.08653840 0.03793830 0.00302387 -0.00058196 0.00004083 -0.00008866 83.19420000 -14.04590000 -999 -999 -9.00000000 -74.59420000 250 0.12341000 8.72661000 -9.00000000 56531.60000000 0.26810000 19 14.91280000 0.72812000 0.05580000 0.16350000 0.01820000 0.00300000 1.00000000 0.00700000
2013ex 56 0.01122000 0.00084000 0.01096000 0.00002000 0.01082000 0.00002000 14.24170000 0.32405000 33.49470000 0.32517200 -9.00000000 0 0 -0.09280100 0.05267500 -0.40726000 0.23902000 14.11660000 0.08948490 0.04049320 0.00333739 0.00095470 -0.00008785 -0.00011608 83.19420000 -14.04590000 -999 -999 -9.00000000 -74.59420000 250 0.12341000 8.72661000 0.02900000 56531.30000000 0.24970000 14 4.65885000 0.99002000 0.12790000 0.16350000 0.04930000 0.00300000 1.00000000 0.00600000
2009ab 5 0.01155000 0.00085000 0.01189000 0.00008000 0.01219000 0.00008000 14.33030000 0.27987000 33.58330000 0.28116900 -9.00000000 0 0 -0.04833300 0.03707900 -1.00248000 0.04717700 14.40860000 0.11989000 0.03094340 0.00341680 -0.00041414 0.00003529 -0.00010878 64.15160000 2.76420000 -999 -999 -9.00000000 99.06510000 250 0.18406000 9.32360000 0.03000000 54883.90000000 0.04190000 36 8.58168000 1.00000000 0.06310000 0.16070000 0.02740000 0.00400000 1.00000000 0.00700000
2011ao 56 0.01195000 0.00084000 0.01168000 0.00001000 0.01074000 0.00001000 14.24440000 0.30029000 33.49740000 0.30150200 -9.00000000 0 0 -0.08450400 0.04300000 0.41451000 0.13602000 14.01350000 0.03677750 0.04452440 0.00150819 0.00012348 -0.00005048 -0.00005032 178.46300000 33.36290000 -999 -999 -9.00000000 -81.52670000 250 0.01737220 7.12388000 0.01000000 55639.60000000 0.11170000 30 28.79560000 0.52835000 0.11000000 0.15350000 0.03920000 0.00300000 1.00000000 0.00600000
2001cz 50 0.01213000 0.00086000 0.01275000 0.00015000 0.01178000 0.00015000 14.62530000 0.34532700 33.87830000 0.34638100 -9.00000000 0 0 0.04127100 0.02940700 0.12432000 0.06202800 14.82460000 0.05984070 0.02109410 0.00116261 -0.00029397 0.00000799 -0.00002694 191.87600000 -39.58000000 -999 -999 -9.00000000 183.10800000 250 0.07896240 7.00000000 0.28089000 52104.40000000 0.08810000 31 34.94880000 0.28583000 0.05920000 0.15490000 0.03760000 0.00500000 1.00000000 0.02200000
2009kk 66 0.01220000 0.00086000 0.01244000 0.00015000 0.01286000 0.00015000 14.44930000 0.26529600 33.70230000 0.26666600 -9.00000000 0 0 -0.12096400 0.03645000 -1.33511000 0.08369100 14.40420000 0.08627800 0.03106940 0.00246893 0.00010482 0.00000502 -0.00007259 57.43450000 -3.26440000 -999 -999 -9.00000000 68.55050000 250 0.11827000 9.51953000 3.44200000 55126.80000000 0.27730000 31 9.53617000 0.99993000 0.06680000 0.15400000 0.07950000 0.00600000 1.00000000 0.00500000
2010Y 66 0.01233000 0.00084000 0.01142000 0.00001000 0.01105000 0.00001000 14.48730000 0.25269700 33.74030000 0.25413500 -9.00000000 0 0 -0.06867500 0.03185300 -2.58836000 0.08811200 14.71670000 0.03722930 0.02329800 0.00079888 0.00036033 -0.00002159 -0.00002234 162.76600000 65.77970000 -999 -999 -9.00000000 -269.90100000 250 0.01149940 10.11820000 0.04700000 55247.80000000 0.08820000 54 66.24850000 0.12246000 0.06920000 0.14880000 0.00750000 0.00100000 1.00000000 0.00300000
2008R 5 0.01246000 0.00086000 0.01260000 0.00015000 0.01321000 0.00015000 14.57560000 0.26373600 33.82860000 0.26511500 -9.00000000 0 0 0.01355900 0.02618500 -2.23955000 0.04981900 14.95470000 0.04691830 0.01871190 0.00080860 -0.00013799 0.00000079 -0.00001536 45.97380000 -11.99430000 -999 -999 -9.00000000 40.65450000 250 0.06202080 11.04660000 0.24000000 54494.50000000 0.08410000 41 140.74800000 0.00000000 0.05840000 0.15080000 -0.04560000 0.00100000 1.00000000 0.00700000
2002ha 57 0.01258000 0.00085000 0.01220000 0.00010000 0.01321000 0.00010000 14.45500000 0.23924100 33.70800000 0.24076000 -9.00000000 0 0 -0.09141000 0.02490000 -1.46565000 0.03392200 14.46970000 0.06245080 0.02924950 0.00168241 -0.00019945 0.00000948 -0.00003450 311.82700000 0.31270000 -999 -999 -9.00000000 -112.61400000 250 0.08791470 10.60570000 -9.00000000 52581.30000000 0.04050000 83 79.86350000 0.57716000 0.04490000 0.14760000 0.02870000 0.00100000 1.00000000 0.00300000
2002ha 63 0.01258000 0.00085000 0.01220000 0.00010000 0.01321000 0.00010000 14.47160000 0.24863500 33.72460000 0.25009700 -9.00000000 0 0 -0.07328600 0.03209700 -1.30067000 0.07394200 14.50300000 0.06572860 0.02836660 0.00171727 -0.00015695 0.00000177 -0.00004321 311.82700000 0.31270000 -999 -999 -9.00000000 -112.61400000 250 0.08791470 10.60570000 0.45200000 52581.30000000 0.11360000 22 14.84350000 0.86887000 0.06470000 0.14760000 0.01370000 0.00100000 1.00000000 0.00300000
2009kq 51 0.01259000 0.00086000 0.01247000 0.00015000 0.01169000 0.00015000 14.33440000 0.25865400 33.58740000 0.26006000 -9.00000000 0 0 -0.05492300 0.02662100 -0.13916500 0.06875100 14.26310000 0.03701580 0.03538110 0.00120624 -0.00018616 0.00000141 -0.00002654 129.06300000 28.06710000 -999 -999 -9.00000000 -35.01850000 250 0.03528840 7.75299000 0.00300000 55155.30000000 0.09780000 43 26.95670000 0.97348000 0.05810000 0.14930000 0.02560000 0.00300000 1.00000000 0.00700000
2009kq 66 0.01259000 0.00086000 0.01247000 0.00015000 0.01169000 0.00015000 14.26480000 0.26481800 33.51780000 0.26619000 -9.00000000 0 0 -0.03688600 0.03141400 -0.08780800 0.14567000 14.23370000 0.04447520 0.03635150 0.00148907 0.00107716 -0.00008207 -0.00003950 129.06300000 28.06710000 -999 -999 -9.00000000 -35.01850000 250 0.03528840 7.75299000 0.10400000 55155.20000000 0.22450000 30 5.74856000 1.00000000 0.06570000 0.14930000 0.01760000 0.00300000 1.00000000 0.00700000
2001bt 50 0.01279000 0.00086000 0.01407000 0.00015000 0.01426000 0.00015000 14.49620000 0.41578300 33.74920000 0.41665800 -9.00000000 0 0 0.14144000 0.02835100 -0.92297200 0.05274300 15.02760000 0.04806590 0.01749730 0.00077461 -0.00011045 0.00000078 -0.00001683 288.44500000 -59.28970000 -999 -999 -9.00000000 378.65900000 250 0.05610000 10.75240000 0.28089000 52064.50000000 0.06090000 46 74.87510000 0.00453890 0.06070000 0.14690000 -0.09450000 0.00400000 1.00000000 0.02200000
2001ep 57 0.01283000 0.00086000 0.01306000 0.00015000 0.01312000 0.00015000 14.38350000 0.28610700 33.63650000 0.28737900 -9.00000000 0 0 0.00082900 0.02653900 -0.89485200 0.03886000 14.59270000 0.04003300 0.02611630 0.00096295 -0.00006531 0.00000095 -0.00001968 74.25110000 -4.76120000 -999 -999 -9.00000000 65.68910000 250 0.04071660 9.88173000 -9.00000000 52199.90000000 0.03390000 70 179.27200000 0.00000000 0.05790000 0.14650000 0.02220000 0.00400000 1.00000000 0.01300000
2001ep 63 0.01283000 0.00086000 0.01306000 0.00015000 0.01312000 0.00015000 14.24980000 0.33002100 33.50280000 0.33112400 -9.00000000 0 0 0.06015400 0.02696200 -0.95322900 0.05978500 14.66550000 0.04006830 0.02442200 0.00090128 -0.00006517 -0.00000074 -0.00001939 74.25110000 -4.76120000 -999 -999 -9.00000000 65.68910000 250 0.04071660 9.88173000 0.02900000 52200.20000000 0.09300000 30 24.03760000 0.77032000 0.05810000 0.14650000 0.03670000 0.00800000 1.00000000 0.02600000
2013gy 51 0.01303000 0.00085000 0.01309000 0.00002000 0.01355000 0.00002000 14.48250000 0.23825800 33.73550000 0.23978300 -9.00000000 0 0 -0.02359500 0.02117400 -0.51353400 0.03488300 14.50520000 0.03963990 0.02830960 0.00103357 -0.00000057 -0.00000217 -0.00001743 55.57030000 -4.72180000 -999 -999 -9.00000000 18.07140000 250 0.04963340 10.46380000 -9.00000000 56648.90000000 0.03900000 118 125.84700000 0.29354000 0.04210000 0.14260000 -0.03250000 0.00100000 1.00000000 0.00400000
2013gy 56 0.01303000 0.00085000 0.01309000 0.00002000 0.01355000 0.00002000 14.50770000 0.28594800 33.76070000 0.28722000 -9.00000000 0 0 -0.09413500 0.04638900 -0.93035000 0.11837000 14.43530000 0.04948840 0.03019020 0.00137608 0.00011788 -0.00003438 -0.00004375 55.57030000 -4.72180000 -999 -999 -9.00000000 18.07140000 250 0.04963340 10.46380000 0.00300000 56648.70000000 0.11260000 24 16.20090000 0.88069000 0.11770000 0.14260000 0.02910000 0.00100000 1.00000000 0.00300000
AT2017cfd 150 0.01304000 0.00086000 0.01222000 0.00016000 0.01208000 0.00016000 14.32220000 0.29131500 33.57520000 0.29256400 -9.00000000 0 0 0.05062600 0.03447700 -0.52942000 0.09352300 14.57020000 0.04082100 0.02666440 0.00100251 -0.00030269 -0.00000940 -0.00002918 130.20400000 73.48750000 -999 -999 -9.00000000 -244.55400000 250 0.01900220 10.63160000 0.00100000 57843.60000000 0.10460000 7 37.23230000 0.00000424 0.07910000 0.14410000 -0.03910000 0.00200000 1.00000000 0.01200000
2017cfd 51 0.01304000 0.00086000 0.01222000 0.00016000 0.01208000 0.00016000 14.31430000 0.28350300 33.56730000 0.28478600 -9.00000000 0 0 0.05847500 0.02723400 -0.79384000 0.10414000 14.59930000 0.03180350 0.02595760 0.00076035 0.00003300 -0.00000495 -0.00001759 130.20400000 73.48750000 -999 -999 -9.00000000 -244.55400000 250 0.01900220 10.63160000 -9.00000000 57844.00000000 0.09060000 32 174.34700000 0.00000000 0.06180000 0.14410000 -0.06530000 0.00200000 1.00000000 0.01300000
2007hj 57 0.01325000 0.00085000 0.01288000 0.00013000 0.01411000 0.00013000 14.71520000 0.30249100 33.96820000 0.30369300 -9.00000000 0 0 0.09910000 0.03139100 -2.30035000 0.06603300 15.33600000 0.05909040 0.01317010 0.00071678 -0.00018058 0.00000244 -0.00001744 345.44900000 15.58650000 -999 -999 -9.00000000 -110.60400000 250 0.07576050 10.83480000 -9.00000000 54349.40000000 0.11110000 51 204.97700000 0.00000000 0.06500000 0.14020000 -0.07740000 0.00200000 1.00000000 0.01800000
2007hj 5 0.01325000 0.00085000 0.01288000 0.00013000 0.01411000 0.00013000 14.73160000 0.29817900 33.98460000 0.29939900 -9.00000000 0 0 0.09525500 0.02682900 -2.06693000 0.04196300 15.30580000 0.05531190 0.01354160 0.00068986 -0.00025689 0.00000384 -0.00001394 345.44900000 15.58650000 -999 -999 -9.00000000 -110.60400000 250 0.07576050 10.83480000 0.13000000 54349.30000000 0.12010000 75 258.38200000 0.00000000 0.05670000 0.14020000 -0.07770000 0.00200000 1.00000000 0.01700000
2007hj 65 0.01325000 0.00085000 0.01288000 0.00013000 0.01411000 0.00013000 14.67170000 0.30340700 33.92470000 0.30460600 -9.00000000 0 0 0.10594000 0.03068600 -2.20461000 0.06253900 15.29790000 0.05972680 0.01364050 0.00075037 -0.00019520 0.00000250 -0.00001813 345.44900000 15.58650000 -999 -999 -9.00000000 -110.60400000 250 0.07576050 10.83480000 0.44400000 54349.20000000 0.12090000 53 125.18800000 0.00000009 0.06210000 0.14020000 -0.07900000 0.00200000 1.00000000 0.01800000
2008hv 56 0.01375000 0.00085000 0.01360000 0.00007000 0.01255000 0.00007000 14.54400000 0.27654000 33.79700000 0.27785500 -9.00000000 0 0 -0.12960400 0.04491700 -1.38336000 0.11911000 14.46900000 0.03966160 0.02926940 0.00106920 -0.00017484 -0.00002362 -0.00003523 136.89200000 3.39230000 -999 -999 -9.00000000 -42.96300000 250 0.02743590 10.53790000 0.04200000 54817.10000000 0.10600000 32 22.36430000 0.89736000 0.11620000 0.13520000 0.06920000 0.00200000 1.00000000 0.00300000
2008hv 5 0.01375000 0.00085000 0.01360000 0.00007000 0.01255000 0.00007000 14.51530000 0.23120600 33.76830000 0.23277800 -9.00000000 0 0 -0.10777700 0.02258200 -1.24313000 0.03343600 14.46010000 0.02816140 0.02950830 0.00076538 -0.00017548 0.00000283 -0.00001286 136.89200000 3.39230000 -999 -999 -9.00000000 -42.96300000 250 0.02743590 10.53790000 0.19000000 54817.50000000 0.03370000 72 66.41650000 0.66346000 0.05380000 0.13520000 0.04230000 0.00100000 1.00000000 0.00300000
2008hv 65 0.01375000 0.00085000 0.01360000 0.00007000 0.01255000 0.00007000 14.51900000 0.23420400 33.77200000 0.23575500 -9.00000000 0 0 -0.13147800 0.02723100 -1.47007000 0.06267600 14.45290000 0.03517280 0.02970580 0.00096233 -0.00007601 -0.00000566 -0.00002207 136.89200000 3.39230000 -999 -999 -9.00000000 -42.96300000 250 0.02743590 10.53790000 0.18800000 54817.00000000 0.05810000 51 50.22790000 0.50426000 0.05960000 0.13520000 0.07120000 0.00200000 1.00000000 0.00300000
1997E 62 0.01376000 0.00085000 0.01314000 0.00012000 0.01315000 0.00012000 14.51190000 0.28752600 33.76490000 0.28879100 -9.00000000 0 0 0.01605400 0.03334200 -1.75207000 0.09086400 14.90150000 0.07825870 0.01965130 0.00141644 -0.00038606 0.00000948 -0.00003754 101.90900000 74.49750000 -999 -999 -9.00000000 -184.24300000 250 0.10956000 8.75604000 1.50000000 50468.50000000 0.09760000 26 21.14940000 0.73421000 0.06560000 0.13510000 0.02910000 0.00600000 1.00000000 0.01600000
2007cv 56 0.01386000 0.00086000 0.01361000 0.00015000 0.01245000 0.00015000 14.42110000 0.34431000 33.67410000 0.34536700 -9.00000000 0 0 -0.00572600 0.04717100 -2.14639000 0.11819000 14.80560000 0.05466620 0.02146600 0.00108080 0.00001050 -0.00002033 -0.00003427 159.43900000 -27.08250000 -999 -999 -9.00000000 -73.35990000 250 0.06092670 9.00235000 0.02100000 54290.80000000 0.10990000 30 15.42270000 0.98712000 0.11890000 0.13570000 0.03320000 0.00500000 1.00000000 0.01200000
1992al 50 0.01388000 0.00085000 0.01434000 0.00003000 0.01484000 0.00003000 14.44380000 0.23196400 33.69680000 0.23353100 -9.00000000 0 0 -0.13040500 0.02736200 -0.28409200 0.08295600 14.20000000 0.03599390 0.03749560 0.00124304 0.00001964 -0.00000904 -0.00002761 311.48500000 -51.39440000 -999 -999 -9.00000000 134.76000000 250 0.02927630 10.03380000 0.28089000 48838.90000000 0.12550000 32 17.92660000 0.97867000 0.06100000 0.13390000 0.06520000 0.00200000 1.00000000 0.00300000
1999dk 50 0.01389000 0.00085000 0.01400000 0.00000000 0.01502000 0.00000000 14.55230000 0.28753800 33.80530000 0.28880300 -9.00000000 0 0 0.01929200 0.02732200 0.54421000 0.11017000 14.60980000 0.04172180 0.02570990 0.00098796 -0.00008650 -0.00000250 -0.00002198 22.86220000 14.28490000 -999 -999 -9.00000000 31.29440000 250 0.04328660 9.64099000 0.11850000 51415.20000000 0.17650000 34 204.58300000 0.00000000 0.05930000 0.13380000 0.02570000 0.00400000 1.00000000 0.01700000
1999dk 57 0.01389000 0.00085000 0.01400000 0.00000000 0.01502000 0.00000000 14.41210000 0.29497300 33.66510000 0.29620700 -9.00000000 0 0 -0.00270400 0.04095700 -0.32922600 0.06912800 14.52590000 0.04341130 0.02777450 0.00111052 -0.00036993 0.00000193 -0.00003399 22.86220000 14.28490000 -999 -999 -9.00000000 31.29440000 250 0.04328660 9.64099000 -9.00000000 51415.20000000 0.05810000 34 43.36920000 0.13025000 0.10060000 0.13380000 0.02120000 0.00300000 1.00000000 0.01300000
ASASSN-16dn 150 0.01411000 0.00085000 0.01406000 0.00010000 0.01285000 0.00010000 14.56760000 0.24941600 33.82060000 0.25087300 -9.00000000 0 0 -0.09315400 0.03112500 0.47579000 0.07576500 14.31150000 0.04164280 0.03383830 0.00129785 -0.00002568 -0.00000817 -0.00003471 162.20600000 -20.26390000 -999 -999 -9.00000000 -13.36920000 250 0.03269250 8.03684000 0.01700000 57489.90000000 0.07260000 14 34.73600000 0.00160814 0.06580000 0.13170000 0.04970000 0.00200000 1.00000000 0.00600000
ASASSN-16la 150 0.01424000 0.00085000 0.01424000 0.00004000 0.01506000 0.00004000 14.59140000 0.26411200 33.84440000 0.26548900 -9.00000000 0 0 -0.10233500 0.04358000 0.83157000 0.13455000 14.25990000 0.11928000 0.03548550 0.00389851 -0.00033767 0.00004868 -0.00014040 37.32260000 18.08790000 -999 -999 -9.00000000 -1.39470000 250 0.17993000 8.23133000 0.00100000 57671.70000000 0.12040000 8 2.47053000 0.96309000 0.07800000 0.13050000 0.05520000 0.00200000 1.00000000 0.00500000
2005kc 5 0.01442000 0.00085000 0.01386000 0.00000000 0.01509000 0.00000000 14.76570000 0.30600500 34.01870000 0.30719400 -9.00000000 0 0 0.13431000 0.02922800 -0.75632200 0.03738100 15.24570000 0.07796360 0.01431270 0.00102775 -0.00025076 0.00000757 -0.00002362 338.53100000 5.56840000 -999 -999 -9.00000000 -167.35900000 250 0.11361000 10.65410000 0.01000000 53698.30000000 0.03290000 47 92.36780000 0.00008699 0.05710000 0.12890000 -0.09930000 0.00300000 1.00000000 0.02100000
2005kc 64 0.01442000 0.00085000 0.01386000 0.00000000 0.01509000 0.00000000 14.77190000 0.35130200 34.02490000 0.35233800 -9.00000000 0 0 0.22174000 0.03337400 -0.39428900 0.06578500 15.42240000 0.08079340 0.01216340 0.00090512 -0.00010633 0.00000073 -0.00002445 338.53100000 5.56840000 -999 -999 -9.00000000 -167.35900000 250 0.11361000 10.65410000 0.43900000 53697.80000000 0.07190000 27 99.78570000 0.00000000 0.06210000 0.12890000 -0.14580000 0.00500000 1.00000000 0.02700000
2007ca 57 0.01442000 0.00085000 0.01509000 0.00001000 0.01406000 0.00001000 15.08360000 0.36973100 34.33660000 0.37071500 -9.00000000 0 0 0.15106000 0.02365900 0.72372000 0.12586000 15.56600000 0.04823540 0.01065640 0.00047342 -0.00035654 0.00000537 -0.00000881 202.77400000 -15.10180000 -999 -999 -9.00000000 197.31800000 250 0.05747670 9.44451000 -9.00000000 54227.70000000 0.30210000 34 31.88530000 0.57165000 0.05140000 0.12890000 0.06960000 0.01100000 1.00000000 0.04400000
2007ca 5 0.01442000 0.00085000 0.01509000 0.00001000 0.01406000 0.00001000 14.92510000 0.39598800 34.17810000 0.39690800 -9.00000000 0 0 0.20417000 0.02361500 0.56794000 0.03228000 15.62040000 0.04363120 0.01013540 0.00040730 -0.00023586 0.00000279 -0.00000731 202.77400000 -15.10180000 -999 -999 -9.00000000 197.31800000 250 0.05747670 9.44451000 0.38000000 54228.20000000 0.04190000 44 76.79610000 0.00160594 0.05050000 0.12890000 0.09540000 0.01600000 1.00000000 0.05100000
2007ca 64 0.01442000 0.00085000 0.01509000 0.00001000 0.01406000 0.00001000 14.99900000 0.39631700 34.25200000 0.39723500 -9.00000000 0 0 0.20709000 0.02814300 0.54711000 0.06824500 15.70660000 0.04817010 0.00936184 0.00041535 -0.00023106 0.00000115 -0.00000954 202.77400000 -15.10180000 -999 -999 -9.00000000 197.31800000 250 0.05747670 9.44451000 4.35600000 54227.80000000 0.07770000 33 75.40000000 0.00003659 0.05760000 0.12890000 0.09560000 0.01600000 1.00000000 0.05100000
2006N 64 0.01446000 0.00085000 0.01416000 0.00008000 0.01416000 0.00008000 14.65480000 0.23899400 33.90780000 0.24051500 -9.00000000 0 0 -0.05925200 0.03047100 -2.01175000 0.06524600 14.85490000 0.06227220 0.02051400 0.00117658 -0.00026853 0.00000807 -0.00002800 92.13020000 64.72360000 -999 -999 -9.00000000 -89.21500000 250 0.08256840 9.70642000 0.43700000 53760.70000000 0.15730000 51 66.62300000 0.06986180 0.06170000 0.12860000 0.03410000 0.00300000 1.00000000 0.00700000
2006td 64 0.01450000 0.00085000 0.01504000 0.00009000 0.01588000 0.00009000 14.91970000 0.36402900 34.17270000 0.36502900 -9.00000000 0 0 0.09067500 0.03004100 -1.37917000 0.10972000 15.49680000 0.05908550 0.01135770 0.00061808 -0.00019672 0.00000411 -0.00001451 29.56570000 36.34940000 -999 -999 -9.00000000 161.17400000 250 0.07601270 9.15931000 4.69100000 54098.90000000 0.24310000 19 10.20380000 0.94774000 0.06220000 0.12820000 0.04080000 0.00800000 1.00000000 0.03300000
2013gq 51 0.01453000 0.00085000 0.01457000 0.00004000 0.01381000 0.00004000 14.49960000 0.21460800 33.75260000 0.21630000 -9.00000000 0 0 -0.10207600 0.02218300 -0.74046800 0.07692200 14.37900000 0.03977900 0.03179770 0.00116500 0.00000906 -0.00001132 -0.00002062 124.47300000 23.46960000 -999 -999 -9.00000000 11.98410000 250 0.04866770 10.89310000 0.00200000 56384.70000000 0.00450000 32 16.03650000 0.99160000 0.04660000 0.12790000 0.03340000 0.00100000 1.00000000 0.00300000
2004eo 5 0.01460000 0.00085000 0.01420000 0.00005000 0.01517000 0.00005000 14.62960000 0.24785000 33.88260000 0.24931600 -9.00000000 0 0 -0.04202900 0.02636700 -1.23185000 0.02094600 14.75940000 0.06368330 0.02239930 0.00131382 -0.00019755 0.00000705 -0.00002552 308.22600000 9.92850000 -999 -999 -9.00000000 -117.10600000 250 0.09289680 9.18868000 0.13000000 53278.90000000 0.02560000 134 195.11100000 0.00044990 0.05610000 0.12730000 0.02560000 0.00300000 1.00000000 0.00700000
2003gt 57 0.01462000 0.00085000 0.01422000 0.00002000 0.01519000 0.00002000 14.67230000 0.24242900 33.92530000 0.24392800 -9.00000000 0 0 -0.03200500 0.02684500 -0.19694000 0.03180000 14.66890000 0.06670470 0.02434670 0.00149579 -0.00018201 0.00000807 -0.00003321 308.24600000 9.87200000 -999 -999 -9.00000000 -117.10600000 250 0.09421620 7.00000000 -9.00000000 52862.20000000 0.02690000 78 158.85900000 0.00000018 0.04760000 0.12720000 0.01410000 0.00200000 1.00000000 0.00800000
2005bo 5 0.01463000 0.00085000 0.01503000 0.00003000 0.01389000 0.00003000 14.50230000 0.38957100 33.75530000 0.39050600 -9.00000000 0 0 0.19426000 0.02365800 -1.12409000 0.11789000 15.37970000 0.03466880 0.01265100 0.00040396 -0.00018302 0.00000310 -0.00000710 192.42100000 -11.09650000 -999 -999 -9.00000000 118.87600000 250 0.03953200 7.89478000 0.01000000 53479.30000000 0.14760000 33 10.38270000 0.99994000 0.05640000 0.12710000 0.05850000 0.01900000 1.00000000 0.05100000
2005bo 57 0.01463000 0.00085000 0.01503000 0.00003000 0.01389000 0.00003000 14.46590000 0.39189100 33.71890000 0.39282000 -9.00000000 0 0 0.22259000 0.02830000 -1.12890000 0.10042000 15.43020000 0.04030380 0.01207620 0.00044828 -0.00028813 0.00000098 -0.00001016 192.42100000 -11.09650000 -999 -999 -9.00000000 118.87600000 250 0.03953200 7.89478000 -9.00000000 53478.80000000 0.00530000 34 25.10920000 0.86583000 0.06400000 0.12710000 0.05700000 0.02300000 1.00000000 0.05100000
2001fe 63 0.01467000 0.00085000 0.01448000 0.00001000 0.01351000 0.00001000 14.63860000 0.23917500 33.89160000 0.24069400 -9.00000000 0 0 -0.05532900 0.02643400 0.74260000 0.09668500 14.42950000 0.03195070 0.03035380 0.00089324 -0.00043218 0.00000872 -0.00002042 144.48800000 25.49480000 -999 -999 -9.00000000 -56.64910000 250 0.01928830 9.95617000 0.09500000 52229.30000000 0.25750000 22 34.83710000 0.04028980 0.06070000 0.12670000 0.01910000 0.00200000 1.00000000 0.00700000
2013fa 51 0.01472000 0.00085000 0.01429000 0.00004000 0.01530000 0.00004000 14.53640000 0.39643400 33.78940000 0.39735200 -9.00000000 0 0 0.20583000 0.03040400 -0.55690800 0.08937300 15.37420000 0.06444920 0.01271560 0.00075480 -0.00013843 0.00000307 -0.00001853 310.97300000 12.51440000 -999 -999 -9.00000000 -126.77800000 250 0.08589130 8.70972000 -9.00000000 56536.80000000 0.13600000 33 57.12030000 0.00569383 0.05860000 0.12630000 0.06670000 0.01700000 1.00000000 0.05100000
2000dm 57 0.01484000 0.00085000 0.01472000 0.00001000 0.01510000 0.00001000 14.75790000 0.26886900 34.01090000 0.27022200 -9.00000000 0 0 -0.11434800 0.04925900 -2.12328000 0.11874000 14.84120000 0.10769000 0.02077470 0.00206061 -0.00077627 0.00001890 -0.00007430 274.74600000 16.24820000 -999 -999 -9.00000000 -35.47360000 250 0.15921000 7.00000000 -9.00000000 51816.00000000 0.11590000 27 16.59360000 0.94067000 0.10730000 0.12530000 0.07120000 0.00400000 1.00000000 0.00500000
PSNJ2043531 150 0.01492000 0.00085000 0.01449000 0.00002000 0.01549000 0.00002000 14.93720000 0.37169400 34.19020000 0.37267400 -9.00000000 0 0 0.09340200 0.04330100 -2.55527000 0.14723000 15.73650000 0.07118610 0.00910719 0.00059711 0.00058458 -0.00001666 -0.00001958 310.97200000 12.50850000 -999 -999 -9.00000000 -126.77800000 250 0.08572120 7.58761000 0.00100000 57226.00000000 0.16650000 10 19.80170000 0.03118450 0.09530000 0.12460000 0.08110000 0.00800000 1.00000000 0.03500000
2011df 51 0.01493000 0.00085000 0.01402000 0.00002000 0.01454000 0.00002000 14.59940000 0.27624100 33.85240000 0.27755800 -9.00000000 0 0 0.01812300 0.03251000 0.20649000 0.07304500 14.69650000 0.07997610 0.02373500 0.00174834 -0.00073261 0.00003649 -0.00004728 291.89000000 54.38650000 -999 -999 -9.00000000 -268.95100000 250 0.11226000 9.78368000 -9.00000000 55717.40000000 0.26530000 22 39.31450000 0.01298520 0.05850000 0.12450000 0.01920000 0.00300000 1.00000000 0.01600000
2005el 57 0.01499000 0.00086000 0.01483000 0.00012000 0.01484000 0.00012000 14.72100000 0.22797100 33.97400000 0.22956400 -9.00000000 0 0 -0.14178500 0.02906700 -1.31973000 0.04876200 14.62670000 0.06946790 0.02531190 0.00161952 -0.00026955 0.00000992 -0.00003944 77.95300000 5.19430000 -999 -999 -9.00000000 -46.32980000 250 0.09808370 8.06485000 -9.00000000 53646.70000000 0.05020000 52 91.54740000 0.00058587 0.05110000 0.12550000 0.09700000 0.00500000 1.00000000 0.00500000
2005el 64 0.01499000 0.00086000 0.01483000 0.00012000 0.01484000 0.00012000 14.67310000 0.23013000 33.92610000 0.23170800 -9.00000000 0 0 -0.10184300 0.03247400 -1.37084000 0.03414900 14.67160000 0.07186880 0.02428620 0.00160759 -0.00031759 0.00000868 -0.00004484 77.95300000 5.19430000 -999 -999 -9.00000000 -46.32980000 250 0.09808370 8.06485000 2.67400000 53646.80000000 0.05660000 98 178.43600000 0.00000127 0.05520000 0.12550000 0.05880000 0.00300000 1.00000000 0.00600000
2001cn 50 0.01515000 0.00086000 0.01509000 0.00013000 0.01515000 0.00013000 14.63470000 0.29374700 33.88770000 0.29498500 -9.00000000 0 0 0.11801000 0.02725800 -0.55354300 0.03962600 15.03930000 0.04540820 0.01730960 0.00072393 -0.00028302 0.00000675 -0.00001564 281.57400000 -65.76160000 -999 -999 -9.00000000 -20.00520000 250 0.05084670 10.06030000 0.28089000 52073.40000000 0.15090000 53 87.13000000 0.00217409 0.05720000 0.12420000 -0.09440000 0.00300000 1.00000000 0.01900000
2005de 57 0.01519000 0.00085000 0.01495000 0.00006000 0.01526000 0.00006000 14.92630000 0.26540000 34.17930000 0.26677000 -9.00000000 0 0 0.01664000 0.02511100 -0.49313100 0.03284400 15.12410000 0.06119760 0.01600890 0.00090235 -0.00009281 0.00000279 -0.00001875 270.59700000 26.05210000 -999 -999 -9.00000000 -72.36400000 250 0.08752710 7.00000000 -9.00000000 53598.80000000 0.02670000 95 159.07100000 0.00004210 0.04430000 0.12240000 0.02120000 0.00300000 1.00000000 0.01600000
SN2017jl 150 0.01525000 0.00096000 0.01529000 0.00044000 0.01633000 0.00044000 14.51760000 0.30098200 33.77060000 0.30219000 -9.00000000 0 0 -0.00234200 0.03418300 0.60274000 0.12175000 14.51290000 0.05576910 0.02810990 0.00144387 0.00008692 -0.00001372 -0.00003939 14.38290000 30.18520000 -999 -999 -9.00000000 11.82150000 250 0.06320050 8.73660000 0.00800000 57784.90000000 0.10530000 8 5.71435000 0.67919000 0.07260000 0.13770000 0.03900000 0.00200000 1.00000000 0.01300000
ASASSN-16ad 150 0.01529000 0.00085000 0.01522000 0.00001000 0.01613000 0.00001000 14.78040000 0.34324500 34.03340000 0.34430500 -9.00000000 0 0 0.01361800 0.03263000 0.10511000 0.07327400 14.90330000 0.04557400 0.01961820 0.00082348 -0.00020049 0.00000027 -0.00002196 24.88360000 33.82680000 -999 -999 -9.00000000 -21.23260000 250 0.04213560 8.61292000 0.00200000 57406.40000000 0.08930000 14 38.57500000 0.00042413 0.07100000 0.12160000 0.04390000 0.00200000 1.00000000 0.01600000
ATLAS16cxr 150 0.01542000 0.00131000 0.01518000 0.00100000 0.01552000 0.00100000 15.08960000 0.37190900 34.34260000 0.37288800 -9.00000000 0 0 0.04603000 0.03762000 -0.04908000 0.09251200 15.35690000 0.08084180 0.01291980 0.00096198 -0.00019538 0.00000276 -0.00002878 272.02700000 25.40880000 -999 -999 -9.00000000 -72.36400000 250 0.11019000 7.98113000 0.00200000 57666.60000000 0.09070000 8 20.06610000 0.01008900 0.07350000 0.18590000 0.06530000 0.00300000 1.00000000 0.02300000
iPTF16auf 150 0.01543000 0.00085000 0.01566000 0.00000000 0.01502000 0.00000000 14.82140000 0.31370200 34.07440000 0.31486200 -9.00000000 0 0 0.04831500 0.03102200 0.04660200 0.08501900 15.08430000 0.03664450 0.01660590 0.00056046 0.00002731 -0.00000319 -0.00001521 217.78800000 27.23600000 -999 -999 -9.00000000 68.15960000 250 0.01307720 9.05163000 0.01700000 57538.10000000 0.09590000 16 65.91420000 0.00000005 0.06780000 0.12050000 0.06800000 0.00300000 1.00000000 0.02300000
2008bc 5 0.01546000 0.00086000 0.01572000 0.00012000 0.01509000 0.00012000 14.78010000 0.22485000 34.03310000 0.22646500 -9.00000000 0 0 -0.13229100 0.03998200 0.57382000 0.02977400 14.41580000 0.13745000 0.03073890 0.00389140 -0.00086117 0.00007611 -0.00015557 144.63000000 -63.97380000 -999 -999 -9.00000000 78.50400000 250 0.22551000 9.92086000 10.00000000 54550.60000000 0.03160000 69 169.53800000 0.00000000 0.03660000 0.12170000 0.07700000 0.00300000 1.00000000 0.00500000
2011im 56 0.01549000 0.00085000 0.01493000 0.00001000 0.01616000 0.00001000 15.02020000 0.33928800 34.27320000 0.34036000 -9.00000000 0 0 0.09111600 0.05729600 -1.45096000 0.28990000 15.48680000 0.05795020 0.01146260 0.00061181 0.00244053 -0.00003296 -0.00002378 341.10500000 -0.16720000 -999 -999 -9.00000000 -164.78000000 250 0.05555820 10.52590000 0.00100000 55904.30000000 0.37330000 14 9.75193000 0.78009000 0.14610000 0.12010000 -0.08160000 0.00100000 1.00000000 0.01700000
1999ej 57 0.01550000 0.00085000 0.01534000 0.00003000 0.01630000 0.00003000 15.00510000 0.27118700 34.25810000 0.27252800 -9.00000000 0 0 -0.06744500 0.04185600 -1.85693000 0.06952700 15.12700000 0.05193920 0.01596620 0.00076379 -0.00061550 0.00000622 -0.00002263 20.73910000 33.46610000 -999 -999 -9.00000000 -45.89710000 250 0.06184680 10.08660000 -9.00000000 51483.20000000 0.09180000 40 26.91880000 0.94349000 0.10230000 0.12000000 0.00410000 0.00000000 1.00000000 0.00300000
1999ej 62 0.01550000 0.00085000 0.01534000 0.00003000 0.01630000 0.00003000 14.95820000 0.25665500 34.21120000 0.25807100 -9.00000000 0 0 -0.03513400 0.03688000 -1.52281000 0.22966000 15.10820000 0.06715750 0.01624520 0.00100484 -0.00069480 0.00003318 -0.00002896 20.73910000 33.46610000 -999 -999 -9.00000000 -45.89710000 250 0.06184680 10.08660000 0.16000000 51483.00000000 0.58620000 5 2.69429000 0.74699000 0.08170000 0.12000000 -0.01840000 0.00100000 1.00000000 0.00400000
2001en 57 0.01550000 0.00085000 0.01534000 0.00001000 0.01629000 0.00001000 14.74640000 0.28504500 33.99940000 0.28632000 -9.00000000 0 0 -0.05073900 0.02642000 -0.76644900 0.04478900 14.77850000 0.04184430 0.02200800 0.00084819 -0.00010343 0.00000149 -0.00001773 21.34540000 34.02510000 -999 -999 -9.00000000 -45.89710000 250 0.04638650 9.47732000 -9.00000000 52192.80000000 0.03880000 71 64.11780000 0.70571000 0.05600000 0.12000000 0.02360000 0.00200000 1.00000000 0.00700000
2001en 63 0.01550000 0.00085000 0.01534000 0.00001000 0.01629000 0.00001000 14.63220000 0.31276900 33.88520000 0.31393200 -9.00000000 0 0 0.00614700 0.02899200 -0.96475100 0.07454200 14.86400000 0.04629580 0.02034320 0.00086743 -0.00036452 0.00001437 -0.00001975 21.34540000 34.02510000 -999 -999 -9.00000000 -45.89710000 250 0.04638650 9.47732000 0.07800000 52193.50000000 0.35770000 17 14.39080000 0.63927000 0.06240000 0.12000000 0.01800000 0.00300000 1.00000000 0.01400000
2001V 63 0.01557000 0.00124000 0.01592000 0.00090000 0.01488000 0.00090000 14.53720000 0.28932000 33.79020000 0.29057700 -9.00000000 0 0 -0.03272200 0.02588000 0.91446000 0.08006500 14.32190000 0.03153030 0.03351440 0.00097327 0.00000226 -0.00001558 -0.00002148 179.35400000 25.20250000 -999 -999 -9.00000000 102.36600000 250 0.01683720 10.90810000 3.85400000 51973.90000000 0.05500000 64 65.84820000 0.41268000 0.05810000 0.17430000 -0.03160000 0.00100000 1.00000000 0.00400000
2001V 50 0.01557000 0.00124000 0.01592000 0.00090000 0.01488000 0.00090000 14.55420000 0.28913700 33.80720000 0.29039500 -9.00000000 0 0 -0.05439300 0.02533000 0.86688000 0.04165200 14.29420000 0.03040650 0.03438280 0.00096290 -0.00013841 0.00000094 -0.00002013 179.35400000 25.20250000 -999 -999 -9.00000000 102.36600000 250 0.01683720 10.90810000 3.85400000 51974.30000000 0.03380000 74 147.35800000 0.00000086 0.05730000 0.17430000 -0.01640000 0.00100000 1.00000000 0.00400000
2008ec 57 0.01562000 0.00085000 0.01506000 0.00006000 0.01631000 0.00006000 14.92020000 0.26298100 34.17320000 0.26436300 -9.00000000 0 0 0.07238000 0.02787700 -0.93679100 0.04942300 15.26170000 0.04853160 0.01410260 0.00063038 -0.00014046 0.00000090 -0.00001375 345.81900000 8.87220000 -999 -999 -9.00000000 -166.15700000 250 0.05915250 10.64070000 -9.00000000 54674.10000000 0.05410000 47 32.62360000 0.94495000 0.05830000 0.11910000 -0.07290000 0.00200000 1.00000000 0.01500000
2008ec 56 0.01562000 0.00085000 0.01506000 0.00006000 0.01631000 0.00006000 14.87720000 0.33321800 34.13020000 0.33431000 -9.00000000 0 0 0.12997000 0.05172900 -0.76300500 0.18287000 15.34570000 0.05661590 0.01305300 0.00068065 0.00069069 -0.00003070 -0.00002855 345.81900000 8.87220000 -999 -999 -9.00000000 -166.15700000 250 0.05915250 10.64070000 0.00100000 54674.10000000 0.15610000 28 8.84756000 0.99979000 0.12230000 0.11910000 -0.09830000 0.00300000 1.00000000 0.02100000
2008eo 51 0.01565000 0.00092000 0.01539000 0.00037000 0.01643000 0.00037000 15.07870000 0.27740200 34.33170000 0.27871300 -9.00000000 0 0 0.00172500 0.02319000 1.06352000 0.08753700 14.99710000 0.05156360 0.01799530 0.00085463 -0.00042645 0.00001262 -0.00001594 10.46680000 32.99030000 -999 -999 -9.00000000 -78.29720000 250 0.06972240 9.01416000 0.00900000 54687.60000000 0.21920000 43 39.09020000 0.64154000 0.04670000 0.12860000 0.01760000 0.00300000 1.00000000 0.01300000
2009nq 66 0.01576000 0.00085000 0.01527000 0.00001000 0.01649000 0.00001000 14.91270000 0.28560700 34.16570000 0.28688000 -9.00000000 0 0 0.00680000 0.04862500 -0.52438300 0.79264000 15.01400000 0.09503550 0.01771660 0.00155075 0.00849139 -0.00011176 -0.00005726 348.82100000 19.02290000 -999 -999 -9.00000000 -146.87500000 250 0.12480000 10.13230000 0.51300000 55204.00000000 0.66090000 15 0.43463000 1.00000000 0.13370000 0.11800000 -0.04940000 0.00100000 1.00000000 0.00700000
2005al 5 0.01578000 0.00085000 0.01629000 0.00005000 0.01538000 0.00005000 14.74560000 0.21827300 33.99860000 0.21993700 -9.00000000 0 0 -0.14907400 0.02389900 -1.25264000 0.03114100 14.60960000 0.03838170 0.02571450 0.00090903 -0.00028856 0.00000731 -0.00001690 207.50100000 -30.57620000 -999 -999 -9.00000000 148.66400000 250 0.04777410 10.25990000 0.01000000 53431.10000000 0.08750000 100 189.22200000 0.00000018 0.05210000 0.11790000 0.08770000 0.00200000 1.00000000 0.00300000
2013hn 56 0.01578000 0.00085000 0.01629000 0.00010000 0.01538000 0.00010000 14.81670000 0.28912400 34.06970000 0.29038200 -9.00000000 0 0 -0.14111500 0.05587800 -1.76294000 0.15572000 14.77360000 0.07337740 0.02210780 0.00149411 0.00054707 -0.00003336 -0.00005420 207.24700000 -30.29070000 -999 -999 -9.00000000 148.66400000 250 0.05258550 11.50000000 0.03800000 56644.60000000 0.59720000 26 16.85490000 0.91340000 0.13890000 0.11790000 0.08080000 0.00100000 1.00000000 0.00300000
2001bf 57 0.01581000 0.00086000 0.01556000 0.00013000 0.01587000 0.00013000 14.73960000 0.23776100 33.99260000 0.23928900 -9.00000000 0 0 -0.08691400 0.04135300 0.88145000 0.05190300 14.40610000 0.06272860 0.03101380 0.00179182 -0.00071478 0.00001686 -0.00005352 270.39200000 26.25060000 -999 -999 -9.00000000 -72.36400000 250 0.08495940 10.12880000 -9.00000000 52044.80000000 0.04790000 44 197.64200000 0.00000000 0.09610000 0.11900000 0.01290000 0.00100000 1.00000000 0.00300000
2001bf 63 0.01581000 0.00086000 0.01556000 0.00013000 0.01587000 0.00013000 14.64740000 0.21732300 33.90040000 0.21899400 -9.00000000 0 0 -0.01897400 0.03034900 0.53614000 0.08230800 14.52140000 0.06411160 0.02788920 0.00164683 -0.00035142 0.00002002 -0.00003898 270.39200000 26.25060000 -999 -999 -9.00000000 -72.36400000 250 0.08495940 10.12880000 3.80900000 52046.80000000 0.22820000 19 63.78090000 0.00000096 0.06140000 0.11900000 -0.04060000 0.00100000 1.00000000 0.00400000
ASASSN-15oh 150 0.01587000 0.00085000 0.01579000 0.00011000 0.01683000 0.00011000 15.13860000 0.26899000 34.39160000 0.27034100 -9.00000000 0 0 0.02787600 0.04749600 -1.58413000 0.17332000 15.47330000 0.09737780 0.01160600 0.00104092 0.00066843 -0.00005733 -0.00003846 337.67500000 39.29320000 -999 -999 -9.00000000 -24.62850000 250 0.12766000 10.19930000 0.00600000 57255.90000000 0.22440000 19 32.60090000 0.02671510 0.10210000 0.11720000 -0.03760000 0.00100000 1.00000000 0.00900000
1994S 61 0.01588000 0.00085000 0.01619000 0.00001000 0.01524000 0.00001000 14.77570000 0.22319700 34.02870000 0.22482400 -9.00000000 0 0 -0.10161500 0.02815400 0.30392000 0.18270000 14.49680000 0.03550670 0.02853000 0.00093301 0.00059041 -0.00005964 -0.00002214 187.84100000 29.13440000 -999 -999 -9.00000000 92.32460000 250 0.01808410 10.20530000 0.21000000 49518.80000000 0.24350000 24 37.52970000 0.03871260 0.06700000 0.11710000 0.02770000 0.00100000 1.00000000 0.00300000
1999aa 57 0.01590000 0.00085000 0.01579000 0.00001000 0.01497000 0.00001000 14.91330000 0.24138800 34.16630000 0.24289300 -9.00000000 0 0 -0.07360900 0.04009700 1.57087000 0.09070300 14.50500000 0.03861320 0.02831280 0.00100692 -0.00066430 0.00000540 -0.00003059 126.92500000 21.48740000 -999 -999 -9.00000000 -33.57060000 250 0.03416970 10.80860000 -9.00000000 51232.70000000 0.10860000 27 31.19470000 0.26322000 0.10170000 0.11700000 -0.00130000 0.00100000 1.00000000 0.00300000
1999aa 62 0.01590000 0.00085000 0.01579000 0.00001000 0.01497000 0.00001000 14.87930000 0.20772400 34.13230000 0.20947100 -9.00000000 0 0 -0.10679400 0.02564800 1.17396000 0.03426600 14.45790000 0.03597070 0.02957020 0.00097967 -0.00025938 0.00000634 -0.00002016 126.92500000 21.48740000 -999 -999 -9.00000000 -33.57060000 250 0.03416970 10.80860000 0.04000000 51233.20000000 0.04130000 122 201.68600000 0.00000762 0.05660000 0.11700000 0.02960000 0.00100000 1.00000000 0.00300000
2002cs 57 0.01590000 0.00085000 0.01538000 0.00003000 0.01584000 0.00003000 14.77990000 0.27117000 34.03290000 0.27251100 -9.00000000 0 0 0.01231200 0.03231300 0.52807000 0.03750500 14.81110000 0.07137990 0.02135770 0.00140413 -0.00011893 0.00000367 -0.00003166 281.75000000 45.70550000 -999 -999 -9.00000000 -154.79900000 250 0.09268310 7.00000000 -9.00000000 52410.20000000 0.03820000 56 547.38700000 0.00000000 0.07220000 0.11700000 0.01860000 0.00300000 1.00000000 0.01500000
iPTF14bdn 56 0.01603000 0.00085000 0.01636000 0.00001000 0.01558000 0.00001000 14.85320000 0.28028400 34.10620000 0.28158200 -9.00000000 0 0 -0.06618100 0.04529700 1.26874000 0.17976000 14.53450000 0.03648520 0.02755360 0.00092591 -0.00053591 -0.00004687 -0.00003082 202.68700000 32.76180000 -999 -999 -9.00000000 96.36140000 250 0.00994100 7.76651000 0.03600000 56822.50000000 0.13880000 29 9.14289000 0.99984000 0.12320000 0.11610000 0.02080000 0.00300000 1.00000000 0.00600000
2007ss 65 0.01652000 0.00085000 0.01619000 0.00001000 0.01557000 0.00001000 15.16070000 0.34531600 34.41370000 0.34637000 -9.00000000 0 0 0.24779000 0.03161600 -1.30935000 0.09044000 16.01190000 0.04093590 0.00706726 0.00026646 -0.00046643 0.00000101 -0.00000715 190.27500000 50.39130000 -999 -999 -9.00000000 -97.16130000 250 0.01286740 10.31000000 0.07400000 54453.70000000 0.31520000 35 35.84720000 0.42855000 0.07070000 0.11260000 -0.16060000 0.00500000 1.00000000 0.02700000
2010kg 56 0.01652000 0.00085000 0.01595000 0.00001000 0.01614000 0.00001000 14.74690000 0.33363800 33.99990000 0.33472900 -9.00000000 0 0 0.10814000 0.05671900 -1.28649000 0.19062000 15.23330000 0.09645830 0.01447670 0.00128613 0.00120272 -0.00003614 -0.00004778 70.03500000 7.35000000 -999 -999 -9.00000000 -167.48500000 250 0.13388000 10.24210000 0.00600000 55543.60000000 0.13800000 21 15.25000000 0.81020000 0.13560000 0.11260000 -0.09020000 0.00200000 1.00000000 0.01800000
2013fw 51 0.01656000 0.00085000 0.01570000 0.00003000 0.01679000 0.00003000 14.90780000 0.21643900 34.16080000 0.21811700 -9.00000000 0 0 -0.03251600 0.02176100 0.55558000 0.04969600 14.79180000 0.04819570 0.02174040 0.00096505 -0.00007997 0.00000191 -0.00001697 318.43700000 13.57600000 -999 -999 -9.00000000 -253.34800000 250 0.06674340 9.76360000 -9.00000000 56601.90000000 0.04600000 86 132.66600000 0.00092740 0.04130000 0.11240000 0.01410000 0.00200000 1.00000000 0.00800000
2013Q 56 0.01657000 0.00085000 0.01612000 0.00001000 0.01727000 0.00001000 14.71960000 0.41440100 33.97260000 0.41528000 -9.00000000 0 0 0.11788000 0.05857400 -0.18416100 0.67913000 15.22150000 0.07274100 0.01463570 0.00098054 0.00972233 -0.00022862 -0.00003747 356.78300000 29.48650000 -999 -999 -9.00000000 -131.67200000 250 0.08462430 7.00000000 0.00800000 56332.10000000 0.30390000 12 5.13034000 0.95348000 0.16460000 0.11230000 0.05780000 0.00700000 1.00000000 0.03800000
iPTF13dge 56 0.01662000 0.00085000 0.01581000 0.00001000 0.01586000 0.00001000 15.02630000 0.26052100 34.27930000 0.26191600 -9.00000000 0 0 -0.08666700 0.04842600 -0.12032800 0.14616000 14.84480000 0.06262500 0.02070590 0.00119431 0.00069082 -0.00002928 -0.00003837 75.89620000 1.57150000 -999 -999 -9.00000000 -237.13900000 250 0.07703650 10.66970000 0.00100000 56556.80000000 0.12210000 30 10.40880000 0.99966000 0.11910000 0.11200000 0.01630000 0.00100000 1.00000000 0.00300000
2007fs 51 0.01666000 0.00086000 0.01633000 0.00015000 0.01737000 0.00015000 15.08780000 0.19617400 34.34080000 0.19802300 -9.00000000 0 0 -0.07782900 0.02015800 0.51566000 0.07855400 14.82990000 0.03119370 0.02099170 0.00060310 -0.00021959 0.00000461 -0.00000999 330.41800000 -21.50820000 -999 -999 -9.00000000 -98.05300000 250 0.02883310 10.44520000 -9.00000000 54295.80000000 0.25490000 59 46.10640000 0.88949000 0.04390000 0.11300000 0.00640000 0.00100000 1.00000000 0.00300000
SN2016gfr 150 0.01671000 0.00086000 0.01630000 0.00012000 0.01669000 0.00012000 14.64550000 0.24389400 33.89850000 0.24538300 -9.00000000 0 0 -0.02286000 0.03760200 0.12662000 0.11111000 14.63470000 0.08280910 0.02512700 0.00191643 -0.00022581 0.00000164 -0.00005731 274.89800000 23.78620000 -999 -999 -9.00000000 -122.82500000 250 0.11479000 9.56317000 0.00600000 57657.60000000 0.18210000 8 16.09070000 0.04109990 0.07430000 0.11270000 0.02610000 0.00100000 1.00000000 0.00900000
ASASSN-16ip 150 0.01678000 0.00085000 0.01632000 0.00010000 0.01701000 0.00010000 14.91490000 0.24499200 34.16790000 0.24647500 -9.00000000 0 0 -0.02021500 0.03354400 -0.87738600 0.10684000 15.05370000 0.03931950 0.01708070 0.00061857 -0.00005481 -0.00001259 -0.00001807 36.84070000 -23.92870000 -999 -999 -9.00000000 -135.07000000 250 0.01683800 9.75333000 0.00600000 57619.30000000 0.13870000 13 46.89860000 0.00001005 0.07570000 0.11090000 0.01950000 0.00200000 1.00000000 0.01000000
PSNJ0107203 150 0.01682000 0.00085000 0.01601000 0.00004000 0.01701000 0.00004000 14.71430000 0.28312400 33.96730000 0.28440800 -9.00000000 0 0 -0.09945800 0.04140400 -1.98709000 0.19122000 14.79200000 0.05908020 0.02173640 0.00118278 0.00050503 -0.00004293 -0.00003805 16.83460000 32.39970000 -999 -999 -9.00000000 -240.34000000 250 0.05955940 11.02230000 0.00100000 57352.00000000 0.16710000 11 12.47950000 0.32870000 0.09540000 0.11070000 0.03970000 0.00100000 1.00000000 0.00300000
1998ef 57 0.01690000 0.00085000 0.01610000 0.00000000 0.01711000 0.00000000 14.58800000 0.28804800 33.84100000 0.28931100 -9.00000000 0 0 -0.06356800 0.04173600 -1.01696000 0.05789900 14.59230000 0.05291240 0.02612660 0.00127325 -0.00047112 0.00000716 -0.00003705 15.86200000 32.23680000 -999 -999 -9.00000000 -236.77600000 250 0.06338050 10.30880000 -9.00000000 51113.50000000 0.04920000 28 82.55380000 0.00000028 0.10170000 0.11010000 -0.00160000 0.00100000 1.00000000 0.00300000
1998ef 62 0.01690000 0.00085000 0.01610000 0.00000000 0.01711000 0.00000000 14.64450000 0.26318000 33.89750000 0.26456200 -9.00000000 0 0 -0.11018700 0.02997500 -1.19643000 0.11134000 14.57610000 0.05300220 0.02651880 0.00129457 0.00021424 -0.00002341 -0.00002984 15.86200000 32.23680000 -999 -999 -9.00000000 -236.77600000 250 0.06338050 10.30880000 0.15000000 51114.20000000 0.09430000 11 12.88160000 0.30114000 0.06480000 0.11010000 0.04340000 0.00100000 1.00000000 0.00300000
ASASSN-15ti 150 0.01692000 0.00085000 0.01671000 0.00006000 0.01732000 0.00006000 15.23640000 0.30913800 34.48940000 0.31031400 -9.00000000 0 0 -0.04226600 0.04107100 -1.47904000 0.10914000 15.40530000 0.09219560 0.01235660 0.00104926 0.00007152 -0.00001183 -0.00003416 46.28580000 37.90000000 -999 -999 -9.00000000 -61.28570000 250 0.12944000 8.44463000 0.00100000 57364.10000000 0.19560000 11 7.75279000 0.73526000 0.08100000 0.11000000 0.02890000 0.00200000 1.00000000 0.00700000
ASASSN-15od 150 0.01698000 0.00085000 0.01678000 0.00001000 0.01760000 0.00001000 15.08790000 0.22678500 34.34090000 0.22838700 -9.00000000 0 0 -0.10111700 0.03527200 -1.11648000 0.12954000 15.04840000 0.04234780 0.01716420 0.00066947 -0.00029542 -0.00000485 -0.00001993 35.80490000 -4.51720000 -999 -999 -9.00000000 -57.13800000 250 0.02550520 9.51783000 0.00100000 57256.40000000 0.31730000 8 7.74803000 0.45846000 0.08140000 0.10960000 0.05610000 0.00200000 1.00000000 0.00500000
1996bv 61 0.01699000 0.00085000 0.01673000 0.00002000 0.01667000 0.00002000 14.82250000 0.29658800 34.07550000 0.29781500 -9.00000000 0 0 0.14673000 0.03168200 0.70324000 0.20474000 15.11190000 0.07039480 0.01619050 0.00104973 -0.00057816 0.00006243 -0.00002569 94.05420000 57.05250000 -999 -999 -9.00000000 -79.13190000 250 0.09038750 10.06220000 4.00000000 50404.60000000 0.50850000 13 32.51180000 0.00201614 0.06410000 0.10960000 -0.11300000 0.00300000 1.00000000 0.02200000
1997Y 62 0.01705000 0.00085000 0.01661000 0.00001000 0.01608000 0.00001000 14.94430000 0.21275600 34.19730000 0.21446300 -9.00000000 0 0 -0.01359100 0.02816100 -1.06703000 0.13548000 15.07640000 0.03174530 0.01672750 0.00048909 -0.00020729 0.00000291 -0.00001152 191.38100000 54.73810000 -999 -999 -9.00000000 -127.65900000 250 0.01433060 10.07960000 0.12000000 50489.10000000 0.46650000 11 11.27370000 0.42063000 0.06710000 0.10920000 -0.03570000 0.00100000 1.00000000 0.00500000
2001da 57 0.01718000 0.00085000 0.01658000 0.00001000 0.01782000 0.00001000 14.76900000 0.30781300 34.02200000 0.30899500 -9.00000000 0 0 0.12145000 0.04384800 -0.68599700 0.07529700 15.20160000 0.04943150 0.01490590 0.00067864 -0.00059499 0.00000610 -0.00002237 358.38700000 8.11740000 -999 -999 -9.00000000 -175.60000000 250 0.04989810 10.11680000 -9.00000000 52108.20000000 0.07490000 40 166.67900000 0.00000000 0.10620000 0.10840000 -0.09650000 0.00300000 1.00000000 0.02000000
2001da 63 0.01718000 0.00085000 0.01658000 0.00001000 0.01782000 0.00001000 14.94730000 0.32420600 34.20030000 0.32532900 -9.00000000 0 0 0.07561500 0.03555200 -0.56437000 0.89098000 15.23720000 0.05846180 0.01442510 0.00077672 0.00082363 0.00017750 -0.00001981 358.38700000 8.11740000 -999 -999 -9.00000000 -175.60000000 250 0.04989810 10.11680000 0.04200000 52107.50000000 1.35630000 3 1.75170000 0.62550000 0.13740000 0.10840000 -0.07960000 0.00200000 1.00000000 0.01500000
ASASSN-15kx 150 0.01720000 0.00085000 0.01697000 0.00008000 0.01802000 0.00008000 15.35540000 0.21815000 34.60840000 0.21981400 -9.00000000 0 0 -0.09556000 0.04209400 -1.45347000 0.14555000 15.36100000 0.09954000 0.01287120 0.00118003 0.00014600 -0.00001064 -0.00003954 334.04900000 37.47380000 -999 -999 -9.00000000 -70.13310000 250 0.14108000 10.55780000 0.02800000 57191.60000000 0.15560000 10 12.13390000 0.27620000 0.08260000 0.10820000 0.03420000 0.00100000 1.00000000 0.00300000
2000dk 57 0.01730000 0.00085000 0.01649000 0.00010000 0.01749000 0.00010000 14.89060000 0.28139800 34.14360000 0.28269000 -9.00000000 0 0 -0.09291600 0.04258700 -2.44176000 0.10186000 15.04740000 0.05150930 0.01718060 0.00081508 -0.00053211 0.00000274 -0.00002460 16.84800000 32.40640000 -999 -999 -9.00000000 -240.34000000 250 0.06060910 10.00120000 -9.00000000 51812.30000000 0.07250000 30 33.89520000 0.28504000 0.10510000 0.10760000 0.03150000 0.00100000 1.00000000 0.00300000
2000dk 62 0.01730000 0.00085000 0.01649000 0.00010000 0.01749000 0.00010000 14.89870000 0.25571500 34.15170000 0.25713600 -9.00000000 0 0 -0.03696100 0.02937300 -2.03848000 0.07781000 15.12070000 0.04963630 0.01605950 0.00073419 -0.00011015 -0.00000068 -0.00001645 16.84800000 32.40640000 -999 -999 -9.00000000 -240.34000000 250 0.06060910 10.00120000 0.37417000 51812.90000000 0.09270000 23 26.39500000 0.28258000 0.06390000 0.10760000 -0.01690000 0.00100000 1.00000000 0.00400000
2007fb 51 0.01733000 0.00085000 0.01680000 0.00001000 0.01803000 0.00001000 15.14790000 0.22004800 34.40090000 0.22169800 -9.00000000 0 0 -0.02883800 0.02493700 -1.55803000 0.08166500 15.36330000 0.04099580 0.01284390 0.00048497 -0.00018681 -0.00000048 -0.00000969 359.21800000 5.50880000 -999 -999 -9.00000000 -156.63300000 250 0.04776800 9.62870000 0.00300000 54287.60000000 0.18670000 62 53.36310000 0.77465000 0.05380000 0.10740000 0.02230000 0.00300000 1.00000000 0.00800000
2007fb 65 0.01733000 0.00085000 0.01680000 0.00001000 0.01803000 0.00001000 15.25710000 0.22965700 34.51010000 0.23123900 -9.00000000 0 0 -0.11916200 0.03227100 -1.64181000 0.20852000 15.25900000 0.05166200 0.01413890 0.00067276 0.00002491 -0.00001156 -0.00001480 359.21800000 5.50880000 -999 -999 -9.00000000 -156.63300000 250 0.04776800 9.62870000 3.86600000 54288.10000000 0.01160000 17 31.75940000 0.01611750 0.08240000 0.10740000 0.07570000 0.00400000 1.00000000 0.00500000
2006ef 57 0.01734000 0.00085000 0.01694000 0.00000000 0.01781000 0.00000000 15.10800000 0.21862400 34.36100000 0.22028500 -9.00000000 0 0 -0.05665000 0.02647800 -1.56473000 0.06761800 15.24740000 0.03149840 0.01429060 0.00041459 -0.00026606 0.00000169 -0.00000932 31.08130000 -8.72840000 -999 -999 -9.00000000 -118.11000000 250 0.02042890 7.84890000 -9.00000000 53969.60000000 0.09340000 40 45.61480000 0.25004000 0.06020000 0.10740000 0.03130000 0.00300000 1.00000000 0.00700000
2008C 5 0.01737000 0.00085000 0.01709000 0.00001000 0.01662000 0.00001000 15.05700000 0.26217000 34.31000000 0.26355700 -9.00000000 0 0 0.08706400 0.02638100 -0.69587600 0.07910800 15.39900000 0.05451490 0.01242760 0.00062399 -0.00041326 0.00000883 -0.00001196 104.29800000 20.43710000 -999 -999 -9.00000000 -83.40810000 250 0.07204760 10.03220000 0.00000000 54467.90000000 0.18800000 35 173.30200000 0.00000000 0.05870000 0.10720000 -0.08230000 0.00200000 1.00000000 0.01600000
2008C 65 0.01737000 0.00085000 0.01709000 0.00001000 0.01662000 0.00001000 15.01390000 0.26103200 34.26690000 0.26242500 -9.00000000 0 0 0.08262200 0.03141400 -0.75824400 0.11927000 15.35430000 0.06038490 0.01295040 0.00072026 -0.00022775 0.00000595 -0.00001811 104.29800000 20.43710000 -999 -999 -9.00000000 -83.40810000 250 0.07204760 10.03220000 3.15800000 54467.30000000 0.28680000 30 12.79630000 0.99744000 0.06370000 0.10720000 -0.07940000 0.00200000 1.00000000 0.01600000
2004fz 57 0.01743000 0.00085000 0.01646000 0.00001000 0.01732000 0.00001000 14.52690000 0.32952800 33.77990000 0.33063300 -9.00000000 0 0 -0.04421400 0.02436600 -1.27514000 0.05855200 14.65650000 0.04307290 0.02462580 0.00097695 0.00010063 -0.00000515 -0.00001803 30.27670000 31.87890000 -999 -999 -9.00000000 -287.20300000 250 0.05276090 7.00000000 -9.00000000 53333.90000000 0.04030000 56 118.87300000 0.00000201 0.05160000 0.10680000 0.02580000 0.00300000 1.00000000 0.00700000
2006ax 64 0.01747000 0.00086000 0.01774000 0.00015000 0.01649000 0.00015000 15.06980000 0.19841300 34.32280000 0.20024100 -9.00000000 0 0 -0.09139700 0.02654400 0.28118000 0.03731600 14.81690000 0.04022130 0.02124460 0.00078701 -0.00014299 0.00000140 -0.00001710 171.01400000 -12.29140000 -999 -999 -9.00000000 81.23200000 250 0.04324010 10.99700000 0.00000000 53827.50000000 0.03750000 60 93.12610000 0.00394799 0.05560000 0.10780000 0.01880000 0.00100000 1.00000000 0.00300000
2006ax 5 0.01747000 0.00086000 0.01774000 0.00015000 0.01649000 0.00015000 15.06030000 0.19596800 34.31330000 0.19782000 -9.00000000 0 0 -0.12749300 0.02159500 0.16897000 0.02362900 14.75050000 0.03444190 0.02258500 0.00071645 -0.00015805 0.00000285 -0.00001089 171.01400000 -12.29140000 -999 -999 -9.00000000 81.23200000 250 0.04324010 10.99700000 0.02000000 53828.00000000 0.02320000 82 129.04100000 0.00071082 0.05020000 0.10780000 0.05690000 0.00100000 1.00000000 0.00300000
1998V 62 0.01752000 0.00085000 0.01718000 0.00002000 0.01758000 0.00002000 14.89350000 0.22983600 34.14650000 0.23141700 -9.00000000 0 0 0.00547900 0.04085100 -0.22994500 0.06437700 14.94600000 0.11674000 0.01886300 0.00202818 -0.00055378 0.00002567 -0.00006521 275.65600000 15.70210000 -999 -999 -9.00000000 -102.50500000 250 0.16914000 10.56570000 3.01000000 50892.70000000 0.17950000 20 69.04570000 0.00000026 0.08080000 0.10630000 -0.05080000 0.00100000 1.00000000 0.00600000
2013gs 56 0.01776000 0.00085000 0.01748000 0.00002000 0.01681000 0.00002000 14.96910000 0.31927200 34.22210000 0.32041200 -9.00000000 0 0 0.03640700 0.04798400 -0.22931400 0.15961000 15.19550000 0.03935900 0.01498940 0.00054338 0.00079971 -0.00002830 -0.00001963 142.78700000 46.38480000 -999 -999 -9.00000000 -82.59950000 250 0.01670670 9.13025000 0.02500000 56640.20000000 0.12690000 28 25.90100000 0.57848000 0.12330000 0.10480000 0.02760000 0.00300000 1.00000000 0.02000000
2008L 57 0.01778000 0.00085000 0.01734000 0.00009000 0.01789000 0.00009000 15.08340000 0.20837300 34.33640000 0.21011500 -9.00000000 0 0 -0.11545600 0.03976700 -1.58162000 0.10566000 15.06040000 0.09591580 0.01697690 0.00149977 -0.00010965 -0.00001271 -0.00004750 49.31940000 41.38270000 -999 -999 -9.00000000 -129.75300000 250 0.13657000 10.77030000 -9.00000000 54493.60000000 0.10930000 29 14.99010000 0.98509000 0.07820000 0.10470000 0.04820000 0.00100000 1.00000000 0.00300000
2008L 64 0.01778000 0.00085000 0.01734000 0.00009000 0.01789000 0.00009000 14.99340000 0.21171400 34.24640000 0.21342800 -9.00000000 0 0 -0.14193200 0.03981100 -1.52385000 0.09694400 14.91280000 0.09539890 0.01944870 0.00170887 -0.00104032 0.00001980 -0.00005367 49.31940000 41.38270000 -999 -999 -9.00000000 -129.75300000 250 0.13657000 10.77030000 0.44600000 54492.90000000 0.28800000 18 22.43750000 0.21314000 0.08100000 0.10470000 0.08100000 0.00100000 1.00000000 0.00300000
2009le 5 0.01784000 0.00085000 0.01739000 0.00010000 0.01815000 0.00010000 15.04090000 0.24511900 34.29390000 0.24660200 -9.00000000 0 0 0.06491800 0.02232900 0.91638000 0.17222000 15.07810000 0.02356600 0.01670190 0.00036252 0.00048291 -0.00000590 -0.00000660 32.32140000 -23.41240000 -999 -999 -9.00000000 -131.59000000 250 0.01416480 10.72330000 0.17000000 55166.70000000 0.15520000 32 28.43410000 0.64773000 0.05470000 0.10440000 -0.08080000 0.00100000 1.00000000 0.01300000
2009le 66 0.01784000 0.00085000 0.01739000 0.00010000 0.01815000 0.00010000 14.98880000 0.22122800 34.24180000 0.22287000 -9.00000000 0 0 0.00345700 0.03318400 -0.01916300 0.12244000 15.00450000 0.03797310 0.01787240 0.00062508 0.00099160 -0.00003376 -0.00001708 32.32140000 -23.41240000 -999 -999 -9.00000000 -131.59000000 250 0.01416480 10.72330000 3.41600000 55166.00000000 0.06990000 15 17.65170000 0.28142000 0.07470000 0.10440000 -0.05020000 0.00100000 1.00000000 0.00600000
2000dr 57 0.01790000 0.00086000 0.01765000 0.00015000 0.01867000 0.00015000 15.04450000 0.31776700 34.29750000 0.31891200 -9.00000000 0 0 0.04808200 0.04207500 -2.72877000 0.10384000 15.69650000 0.03504420 0.00944904 0.00030499 -0.00032106 -0.00000019 -0.00001049 15.43350000 -15.56920000 -999 -999 -9.00000000 -72.52960000 250 0.01786500 7.00000000 -9.00000000 51834.10000000 0.08420000 32 40.98620000 0.13259000 0.10600000 0.10530000 0.04840000 0.00800000 1.00000000 0.02300000
2007as 5 0.01802000 0.00097000 0.01791000 0.00046000 0.01757000 0.00046000 15.01310000 0.23264900 34.26610000 0.23421100 -9.00000000 0 0 0.01652100 0.02992200 -0.98384500 0.03915700 15.20940000 0.08117460 0.01479940 0.00110647 -0.00037707 0.00001010 -0.00002687 141.90000000 -80.17760000 -999 -999 -9.00000000 -31.29870000 250 0.12249000 10.21930000 10.00000000 54182.10000000 0.09400000 43 40.54660000 0.57826000 0.05590000 0.11790000 -0.05230000 0.00100000 1.00000000 0.00800000
1992bo 50 0.01808000 0.00086000 0.01805000 0.00015000 0.01884000 0.00015000 15.35480000 0.19965300 34.60780000 0.20147000 -9.00000000 0 0 -0.06368400 0.02845800 -2.00428000 0.06352900 15.50740000 0.03478450 0.01124750 0.00036034 -0.00001145 -0.00000354 -0.00000848 20.49250000 -34.21200000 -999 -999 -9.00000000 -8.52790000 250 0.02368560 10.40230000 0.28089000 48986.60000000 0.06830000 48 59.07120000 0.13134000 0.06400000 0.10420000 0.00140000 0.00100000 1.00000000 0.00300000
2010ai 66 0.01826000 0.00085000 0.01918000 0.00004000 0.01826000 0.00004000 15.72620000 0.21680500 34.97920000 0.21848000 -9.00000000 0 0 -0.11969300 0.03085000 -1.64870000 0.09131000 15.72830000 0.03570820 0.00917687 0.00030181 0.00077669 -0.00001171 -0.00000837 194.85000000 27.99640000 -999 -999 -9.00000000 270.96400000 250 0.00799332 9.11400000 0.44800000 55277.10000000 0.06520000 54 14.10440000 1.00000000 0.06430000 0.10200000 0.07650000 0.00400000 1.00000000 0.00500000
ASASSN-17co 150 0.01826000 0.00086000 0.01791000 0.00015000 0.01826000 0.00015000 14.94750000 0.27926600 34.20050000 0.28056800 -9.00000000 0 0 0.10393000 0.03887700 -0.58281200 0.15128000 15.34870000 0.07252880 0.01301750 0.00086958 0.00068107 -0.00001786 -0.00002657 272.33600000 18.29830000 -999 -999 -9.00000000 -102.66600000 250 0.09071090 10.90280000 0.00100000 57808.20000000 0.18720000 7 9.01701000 0.25144000 0.07950000 0.10320000 -0.05860000 0.00200000 1.00000000 0.01900000
PS15coh 150 0.01839000 0.00085000 0.01796000 0.00007000 0.01884000 0.00007000 15.18630000 0.22528900 34.43930000 0.22690100 -9.00000000 0 0 -0.03648100 0.03878900 1.34214000 0.09865200 14.94980000 0.08531240 0.01879710 0.00147700 -0.00062549 0.00000380 -0.00004539 33.99350000 12.23720000 -999 -999 -9.00000000 -126.66900000 250 0.11837000 8.09212000 0.00200000 57329.40000000 0.11550000 18 12.80420000 0.80307000 0.07860000 0.10130000 0.02190000 0.00100000 1.00000000 0.00700000
2009gf 65 0.01855000 0.00085000 0.01925000 0.00001000 0.01844000 0.00001000 15.23900000 0.25393000 34.49200000 0.25536200 -9.00000000 0 0 0.06787800 0.03053000 -2.72077000 0.17526000 15.83060000 0.03448150 0.00835174 0.00026524 0.00005438 -0.00000200 -0.00000673 213.90500000 14.28020000 -999 -999 -9.00000000 205.32900000 250 0.02185810 10.98240000 0.10800000 55002.30000000 0.17410000 14 52.47690000 0.00000233 0.07340000 0.10040000 -0.07210000 0.00300000 1.00000000 0.01400000
2009gf 56 0.01855000 0.00085000 0.01925000 0.00001000 0.01844000 0.00001000 15.32300000 0.29501000 34.57600000 0.29624300 -9.00000000 0 0 0.03699700 0.05361600 -2.72446000 0.21137000 15.83210000 0.04406560 0.00833968 0.00033847 -0.00019633 -0.00000290 -0.00001357 213.90500000 14.28020000 -999 -999 -9.00000000 205.32900000 250 0.02185810 10.98240000 0.00700000 55001.20000000 0.32170000 24 22.15590000 0.56996000 0.14060000 0.10040000 -0.05960000 0.00300000 1.00000000 0.01000000
2016ffh 51 0.01865000 0.00085000 0.01851000 0.00001000 0.01819000 0.00001000 15.36410000 0.23745400 34.61710000 0.23898400 -9.00000000 0 0 0.05102700 0.02867500 -0.61225500 0.14560000 15.59510000 0.03558660 0.01037420 0.00034003 -0.00045152 0.00000023 -0.00000850 227.95600000 46.25100000 -999 -999 -9.00000000 -41.11080000 250 0.02402120 10.18990000 0.00200000 57631.50000000 0.20700000 10 23.98770000 0.00763303 0.06700000 0.09990000 -0.06950000 0.00200000 1.00000000 0.01100000
ATLAS16cpu 150 0.01865000 0.00085000 0.01851000 0.00001000 0.01819000 0.00001000 15.31860000 0.23846600 34.57160000 0.23998900 -9.00000000 0 0 0.03789500 0.03614200 -0.95757400 0.16126000 15.58690000 0.04301030 0.01045280 0.00041408 0.00062087 -0.00000233 -0.00001250 227.95600000 46.25100000 -999 -999 -9.00000000 -41.11080000 250 0.02402120 10.00790000 0.01200000 57630.90000000 0.35880000 5 5.73414000 0.33295000 0.07990000 0.09990000 -0.04250000 0.00100000 1.00000000 0.01000000
2000cu 57 0.01866000 0.00086000 0.01902000 0.00015000 0.01957000 0.00015000 15.35360000 0.27615500 34.60660000 0.27747100 -9.00000000 0 0 -0.00609100 0.04598600 -1.85209000 0.13201000 15.68320000 0.06114950 0.00956575 0.00053875 -0.00027451 -0.00000041 -0.00001711 291.08700000 -25.98460000 -999 -999 -9.00000000 105.61200000 250 0.07600080 7.00000000 -9.00000000 51744.20000000 0.17400000 21 8.22226000 0.99413000 0.11220000 0.10100000 0.02280000 0.00400000 1.00000000 0.01200000
2011fs 51 0.01875000 0.00085000 0.01822000 0.00001000 0.01929000 0.00001000 15.29360000 0.21381600 34.54660000 0.21551400 -9.00000000 0 0 -0.03588800 0.03085000 1.18664000 0.09053000 15.02940000 0.07029950 0.01746800 0.00113102 -0.00032852 0.00000819 -0.00002778 334.33100000 35.58060000 -999 -999 -9.00000000 -157.59700000 250 0.10090000 10.87700000 -9.00000000 55833.50000000 0.13960000 44 23.63620000 0.99487000 0.06080000 0.09940000 -0.03060000 0.00100000 1.00000000 0.00400000
2011fs 56 0.01875000 0.00085000 0.01822000 0.00001000 0.01929000 0.00001000 15.23360000 0.31988600 34.48660000 0.32102300 -9.00000000 0 0 -0.08410800 0.06142400 0.22883000 0.80990000 15.00500000 0.08347570 0.01786470 0.00137351 0.01400570 -0.00037246 -0.00005591 334.33100000 35.58060000 -999 -999 -9.00000000 -157.59700000 250 0.10090000 10.87700000 0.01300000 55833.50000000 0.50020000 6 1.57592000 0.95429000 0.17380000 0.09940000 0.01280000 0.00100000 1.00000000 0.00300000
ASASSN-16cs 150 0.01905000 0.00085000 0.01839000 0.00001000 0.01802000 0.00001000 15.17560000 0.28010900 34.42860000 0.28140700 -9.00000000 0 0 0.03398400 0.03809000 0.28962000 0.11906000 15.33810000 0.08334590 0.01314450 0.00100903 -0.00032593 -0.00000399 -0.00003046 102.65300000 31.11240000 -999 -999 -9.00000000 -194.64500000 250 0.11447000 9.10557000 0.00200000 57464.60000000 0.15410000 7 12.95880000 0.07311890 0.07720000 0.09780000 0.04780000 0.00200000 1.00000000 0.01900000
2006kf 5 0.01947000 0.00085000 0.01955000 0.00001000 0.02004000 0.00001000 15.52170000 0.19352900 34.77470000 0.19540300 -9.00000000 0 0 -0.07856900 0.04163200 -2.07155000 0.05675500 15.65420000 0.13453000 0.00982436 0.00121732 -0.00045456 0.00000862 -0.00004451 55.46030000 8.15690000 -999 -999 -9.00000000 23.47560000 250 0.21116000 11.01650000 0.02000000 54041.70000000 0.07320000 48 47.53900000 0.49164000 0.06670000 0.09570000 0.01750000 0.00100000 1.00000000 0.00300000
2006kf 64 0.01947000 0.00085000 0.01955000 0.00001000 0.02004000 0.00001000 15.55550000 0.19365800 34.80850000 0.19553100 -9.00000000 0 0 -0.07765900 0.04548200 -2.29704000 0.10573000 15.72410000 0.13614000 0.00921176 0.00115502 -0.00062917 0.00001013 -0.00004666 55.46030000 8.15690000 -999 -999 -9.00000000 23.47560000 250 0.21116000 11.01650000 0.44900000 54041.20000000 0.20130000 46 44.55830000 0.53273000 0.06900000 0.09570000 0.01750000 0.00100000 1.00000000 0.00300000
2008hs 56 0.01975000 0.00085000 0.01835000 0.00007000 0.01906000 0.00007000 15.50400000 0.46583000 34.75700000 0.46661100 -9.00000000 0 0 -0.00098600 0.05210700 -2.71083000 0.18764000 15.91130000 0.05089420 0.00775335 0.00036344 0.00008369 -0.00001328 -0.00001260 36.37340000 41.84310000 -999 -999 -9.00000000 -411.41500000 250 0.04939740 11.05080000 0.02700000 54812.70000000 0.13120000 28 31.22790000 0.30705000 0.13740000 0.09440000 -0.04200000 0.00200000 1.00000000 0.00600000
2008hs 65 0.01975000 0.00085000 0.01835000 0.00007000 0.01906000 0.00007000 15.48630000 0.43267400 34.73940000 0.43351600 -9.00000000 0 0 -0.00913000 0.03463600 -2.50052000 0.11117000 15.84150000 0.05102510 0.00826782 0.00038855 0.00049407 -0.00001310 -0.00001070 36.37340000 41.84310000 -999 -999 -9.00000000 -411.41500000 250 0.04939740 11.05080000 3.10100000 54812.60000000 0.08350000 35 57.18210000 0.01037480 0.07560000 0.09440000 -0.03790000 0.00100000 1.00000000 0.00500000
2007au 57 0.01976000 0.00085000 0.01992000 0.00004000 0.01964000 0.00004000 15.43350000 0.40534300 34.68650000 0.40624100 -9.00000000 0 0 0.14796000 0.03269000 -2.41480000 0.13651000 16.35080000 0.05085320 0.00517245 0.00024226 -0.00010543 -0.00000434 -0.00000587 107.94200000 49.85370000 -999 -999 -9.00000000 48.06510000 250 0.05770640 9.23827000 -9.00000000 54184.00000000 0.11130000 30 65.72730000 0.00017691 0.07720000 0.09430000 0.05110000 0.01500000 1.00000000 0.04300000
2016W 150 0.01995000 0.00085000 0.01855000 0.00007000 0.01925000 0.00007000 15.11180000 0.29449000 34.36480000 0.29572500 -9.00000000 0 0 0.04684900 0.03670400 -1.42495000 0.10741000 15.56530000 0.05584970 0.01066260 0.00054848 0.00014573 -0.00000912 -0.00001582 37.66550000 42.23600000 -999 -999 -9.00000000 -411.41500000 250 0.05988820 8.45606000 0.00200000 57417.80000000 0.13560000 10 15.72740000 0.10771000 0.08020000 0.09340000 0.04610000 0.00300000 1.00000000 0.02200000
2002kf 63 0.02001000 0.00085000 0.01948000 0.00009000 0.01930000 0.00009000 15.43240000 0.20248300 34.68540000 0.20427500 -9.00000000 0 0 -0.06761700 0.03243400 -0.98852200 0.07594900 15.45200000 0.07261880 0.01183620 0.00079166 -0.00052167 0.00001156 -0.00002059 99.31380000 49.85280000 -999 -999 -9.00000000 -156.97400000 250 0.10027000 9.26363000 4.61100000 52639.50000000 0.28050000 23 20.28150000 0.62488000 0.06280000 0.09320000 0.03040000 0.00200000 1.00000000 0.00600000
1992bc 50 0.02006000 0.00086000 0.01976000 0.00013000 0.02017000 0.00013000 15.25910000 0.19765100 34.51210000 0.19948600 -9.00000000 0 0 -0.13826100 0.02614600 0.85559000 0.07169600 14.84410000 0.03172650 0.02071910 0.00060543 -0.00026768 -0.00000085 -0.00001363 46.31690000 -39.55960000 -999 -999 -9.00000000 -87.89910000 250 0.01863280 9.61338000 0.28089000 48913.20000000 0.05720000 65 130.97700000 0.00000238 0.05910000 0.09400000 0.08630000 0.00400000 1.00000000 0.00500000
2009ds 5 0.02019000 0.00086000 0.02033000 0.00015000 0.01909000 0.00015000 15.25420000 0.23232900 34.50720000 0.23389300 -9.00000000 0 0 0.06172400 0.02320000 1.25453000 0.12410000 15.23310000 0.03103640 0.01447940 0.00041390 0.00006506 -0.00000260 -0.00000717 177.26700000 -9.72910000 -999 -999 -9.00000000 40.33600000 250 0.03346940 10.92640000 0.49000000 54962.20000000 0.08560000 32 45.57660000 0.05659420 0.05580000 0.09340000 -0.07930000 0.00200000 1.00000000 0.01300000
2009ds 65 0.02019000 0.00086000 0.02033000 0.00015000 0.01909000 0.00015000 15.44900000 0.19055600 34.70200000 0.19246000 -9.00000000 0 0 -0.06133700 0.03156600 0.47147000 0.13343000 15.23120000 0.04322390 0.01450550 0.00057748 -0.00026331 -0.00000701 -0.00001539 177.26700000 -9.72910000 -999 -999 -9.00000000 40.33600000 250 0.03346940 10.92640000 2.92000000 54961.20000000 0.24130000 29 25.81540000 0.63534000 0.07110000 0.09340000 -0.01100000 0.00100000 1.00000000 0.00300000
2006ej 57 0.02023000 0.00085000 0.01926000 0.00001000 0.02038000 0.00001000 15.34650000 0.18636400 34.59950000 0.18830900 -9.00000000 0 0 -0.04576300 0.02854500 -1.65658000 0.07981300 15.48970000 0.03630280 0.01143200 0.00038224 -0.00029571 -0.00000084 -0.00000864 9.74900000 -9.01570000 -999 -999 -9.00000000 -285.87100000 250 0.03021610 10.19490000 -9.00000000 53976.10000000 0.13270000 27 24.73290000 0.58943000 0.06680000 0.09220000 -0.01210000 0.00100000 1.00000000 0.00400000
2006ej 56 0.02023000 0.00085000 0.01926000 0.00001000 0.02038000 0.00001000 15.24820000 0.29433000 34.50120000 0.29556600 -9.00000000 0 0 0.05773300 0.05194600 -1.25730000 0.21560000 15.59600000 0.04492500 0.01036610 0.00042892 -0.00002568 -0.00001414 -0.00001598 9.74900000 -9.01570000 -999 -999 -9.00000000 -285.87100000 250 0.03021610 10.19490000 0.00100000 53976.30000000 0.32110000 22 9.45751000 0.99059000 0.13760000 0.09220000 -0.06870000 0.00100000 1.00000000 0.01200000
2006ej 5 0.02023000 0.00085000 0.01926000 0.00001000 0.02038000 0.00001000 15.32300000 0.18797400 34.57600000 0.18990300 -9.00000000 0 0 -0.04391300 0.02697700 -1.52252000 0.04602500 15.45080000 0.03308420 0.01184890 0.00036105 -0.00043141 0.00000240 -0.00000719 9.74900000 -9.01570000 -999 -999 -9.00000000 -285.87100000 250 0.03021610 10.19490000 0.16000000 53976.60000000 0.20860000 30 16.25700000 0.98046000 0.06600000 0.09220000 -0.01340000 0.00100000 1.00000000 0.00400000
2006ej 64 0.02023000 0.00085000 0.01926000 0.00001000 0.02038000 0.00001000 15.39520000 0.18588100 34.64820000 0.18783200 -9.00000000 0 0 -0.02954300 0.02872900 -1.09060000 0.07958200 15.49240000 0.03846360 0.01140340 0.00040398 -0.00060369 0.00000827 -0.00000958 9.74900000 -9.01570000 -999 -999 -9.00000000 -285.87100000 250 0.03021610 10.19490000 0.40500000 53975.50000000 0.32890000 26 70.67840000 0.00000528 0.06470000 0.09220000 -0.02470000 0.00100000 1.00000000 0.00400000
2002jy 63 0.02024000 0.00085000 0.01870000 0.00003000 0.01960000 0.00003000 15.74580000 0.18576300 34.99880000 0.18771500 -9.00000000 0 0 -0.03779300 0.02763000 0.94186000 0.10233000 15.51350000 0.04264210 0.01118410 0.00043925 -0.00058755 0.00000867 -0.00000985 20.31780000 40.49870000 -999 -999 -9.00000000 -453.05100000 250 0.04561330 10.71900000 0.41500000 52634.40000000 0.27420000 19 38.53710000 0.00506720 0.06100000 0.09210000 -0.02890000 0.00100000 1.00000000 0.00400000
2016hpw 18 0.02034000 0.00087000 0.02019000 0.00018000 0.02117000 0.00018000 15.56350000 0.24031300 34.81650000 0.24182500 -9.00000000 0 0 0.01189800 0.02886000 0.56680000 0.10848000 15.58500000 0.05050210 0.01047110 0.00048706 0.00042637 -0.00000752 -0.00001109 317.28300000 -18.10390000 -999 -999 -9.00000000 -41.71860000 250 0.06023570 7.00000000 -9.00000000 57703.60000000 0.07900000 41 41.66010000 0.44192000 0.05920000 0.09380000 0.01590000 0.00300000 1.00000000 0.01500000
ATLAS16dqf 150 0.02034000 0.00087000 0.02019000 0.00018000 0.02117000 0.00018000 15.32190000 0.37485100 34.57490000 0.37582200 -9.00000000 0 0 0.12111000 0.05938500 0.80402000 0.20183000 15.73100000 0.08773740 0.00915403 0.00073973 0.00032439 -0.00002114 -0.00003985 317.28300000 -18.10390000 -999 -999 -9.00000000 -41.71860000 250 0.06023570 7.75897000 0.03000000 57703.50000000 0.22400000 5 9.03744000 0.10758000 0.11630000 0.09380000 0.10080000 0.00400000 1.00000000 0.03800000
2005ki 64 0.02035000 0.00085000 0.02066000 0.00001000 0.01946000 0.00001000 15.31790000 0.18575600 34.57090000 0.18770800 -9.00000000 0 0 -0.10609800 0.03001600 -1.61047000 0.05842400 15.31990000 0.03586270 0.01336710 0.00044152 -0.00021525 -0.00000117 -0.00001081 160.11800000 9.20230000 -999 -999 -9.00000000 88.40100000 250 0.02748640 11.06050000 0.18500000 53705.40000000 0.08550000 33 33.63750000 0.43643000 0.06910000 0.09160000 0.04010000 0.00100000 1.00000000 0.00300000
2005ki 5 0.02035000 0.00085000 0.02066000 0.00001000 0.01946000 0.00001000 15.31260000 0.17565300 34.56560000 0.17771600 -9.00000000 0 0 -0.10876000 0.02266700 -1.45192000 0.03098700 15.28530000 0.02780730 0.01380010 0.00035344 -0.00019778 0.00000156 -0.00000610 160.11800000 9.20230000 -999 -999 -9.00000000 88.40100000 250 0.02748640 11.06050000 0.01000000 53705.80000000 0.05540000 66 68.12650000 0.40476000 0.05370000 0.09160000 0.04240000 0.00100000 1.00000000 0.00300000
2005ki 51 0.02035000 0.00085000 0.02066000 0.00001000 0.01946000 0.00001000 15.24010000 0.18882900 34.49310000 0.19075000 -9.00000000 0 0 -0.07230000 0.03007600 -1.30129000 0.11141000 15.26680000 0.03728150 0.01403780 0.00048202 0.00001067 -0.00001163 -0.00001162 160.11800000 9.20230000 -999 -999 -9.00000000 88.40100000 250 0.02748640 11.06050000 0.00200000 53705.40000000 0.08750000 42 17.06050000 0.99978000 0.07080000 0.09160000 0.00580000 0.00100000 1.00000000 0.00300000
ASASSN-15lg 150 0.02044000 0.00085000 0.02121000 0.00001000 0.02015000 0.00001000 15.40220000 0.21288600 34.65520000 0.21459100 -9.00000000 0 0 -0.08258100 0.04103900 -1.23150000 0.14170000 15.42500000 0.05499260 0.01213410 0.00061459 0.00025845 -0.00001238 -0.00002228 198.88700000 3.50070000 -999 -999 -9.00000000 224.97800000 250 0.02651310 9.66664000 0.01300000 57196.50000000 0.29880000 7 13.09030000 0.06993960 0.08560000 0.09120000 0.04410000 0.00100000 1.00000000 0.00600000
2001dl 57 0.02049000 0.00085000 0.01983000 0.00001000 0.02095000 0.00001000 15.87330000 0.37481200 35.12630000 0.37578300 -9.00000000 0 0 0.20428000 0.03051200 0.32293000 0.10836000 16.57180000 0.04180860 0.00421985 0.00016249 -0.00104311 -0.00000079 -0.00000352 320.25700000 9.18070000 -999 -999 -9.00000000 -194.81500000 250 0.04669050 7.00000000 -9.00000000 52131.20000000 0.08690000 41 38.88610000 0.56496000 0.07950000 0.09100000 0.06200000 0.01600000 1.00000000 0.05000000
PSNJ1602512 150 0.02052000 0.00086000 0.02039000 0.00013000 0.02025000 0.00013000 15.30300000 0.33281000 34.55600000 0.33390400 -9.00000000 0 0 0.09716800 0.03213600 0.34806000 0.10388000 15.69170000 0.03791330 0.00949146 0.00033144 0.00008022 -0.00000581 -0.00000927 240.71400000 47.22480000 -999 -999 -9.00000000 -37.13590000 250 0.01452550 9.81701000 0.00100000 57172.40000000 0.10170000 14 27.64670000 0.01584420 0.07150000 0.09190000 0.08720000 0.00300000 1.00000000 0.03400000
2007st 5 0.02056000 0.00085000 0.02061000 0.00003000 0.02113000 0.00003000 15.16380000 0.21547100 34.41680000 0.21715600 -9.00000000 0 0 0.03406600 0.02493100 -1.62937000 0.05274900 15.50240000 0.03046860 0.01129880 0.00031707 -0.00014643 0.00000169 -0.00000581 27.17700000 -48.64940000 -999 -999 -9.00000000 12.89170000 250 0.01418930 10.79470000 10.00000000 54454.20000000 0.24080000 40 65.92830000 0.00606030 0.05970000 0.09070000 -0.05950000 0.00100000 1.00000000 0.00900000
ASASSN-17bs 150 0.02056000 0.00085000 0.02014000 0.00002000 0.02039000 0.00002000 15.31170000 0.24804000 34.56470000 0.24950500 -9.00000000 0 0 0.06335700 0.03727200 -1.01194000 0.15497000 15.65940000 0.06354510 0.00977787 0.00057227 0.00018186 -0.00000986 -0.00001649 268.02600000 21.56600000 -999 -999 -9.00000000 -125.06700000 250 0.07626320 10.08320000 0.01200000 57791.10000000 0.19370000 6 6.15740000 0.40579000 0.08170000 0.09070000 -0.04990000 0.00100000 1.00000000 0.01300000
2010A 66 0.02081000 0.00085000 0.02079000 0.00002000 0.02159000 0.00002000 15.23330000 0.32934000 34.48630000 0.33044500 -9.00000000 0 0 0.10360000 0.03333800 0.48015000 0.12751000 15.57990000 0.03986550 0.01052110 0.00038631 -0.00050572 -0.00001235 -0.00001036 38.16440000 0.61950000 -999 -999 -9.00000000 -6.68150000 250 0.02499460 9.92075000 0.10500000 55212.50000000 0.11820000 18 19.77710000 0.34551000 0.08240000 0.08960000 0.04460000 0.00600000 1.00000000 0.03500000
2003W 57 0.02082000 0.00085000 0.02087000 0.00000000 0.01979000 0.00000000 15.42100000 0.22931500 34.67400000 0.23089900 -9.00000000 0 0 0.06838400 0.02202400 -0.00850700 0.04343000 15.60300000 0.03559120 0.01029870 0.00033760 -0.00003850 -0.00000048 -0.00000570 146.70600000 16.04380000 -999 -999 -9.00000000 14.60450000 250 0.04111330 10.93270000 -9.00000000 52680.10000000 0.04280000 71 320.99800000 0.00000000 0.04780000 0.08960000 -0.08310000 0.00200000 1.00000000 0.01400000
2003W 63 0.02082000 0.00085000 0.02087000 0.00000000 0.01979000 0.00000000 15.38190000 0.25307400 34.63490000 0.25451100 -9.00000000 0 0 0.10191000 0.02637800 0.04859100 0.06383500 15.64460000 0.03950160 0.00991199 0.00036062 -0.00015269 -0.00000048 -0.00000757 146.70600000 16.04380000 -999 -999 -9.00000000 14.60450000 250 0.04111330 10.93270000 0.63500000 52680.50000000 0.06010000 35 155.36300000 0.00000000 0.05770000 0.08960000 -0.09770000 0.00200000 1.00000000 0.01700000
2001br 57 0.02090000 0.00087000 0.02046000 0.00020000 0.02090000 0.00020000 15.55880000 0.29900700 34.81180000 0.30022300 -9.00000000 0 0 0.04012700 0.04383500 -1.49568000 0.13731000 15.98260000 0.04986360 0.00726057 0.00033345 -0.00117706 0.00000583 -0.00001070 277.60700000 34.10360000 -999 -999 -9.00000000 -127.60200000 250 0.05553750 7.00000000 -9.00000000 52052.80000000 0.20110000 31 24.68670000 0.78155000 0.11040000 0.09130000 0.02660000 0.00500000 1.00000000 0.02100000
ASASSN-16lc 18 0.02096000 0.00086000 0.02001000 0.00009000 0.02033000 0.00009000 15.44260000 0.21480400 34.69560000 0.21649400 -9.00000000 0 0 -0.03309500 0.03125900 1.19177000 0.22900000 15.22760000 0.04478930 0.01455400 0.00060039 0.00019315 -0.00002565 -0.00001480 292.25200000 -51.97100000 -999 -999 -9.00000000 -278.07400000 250 0.04306690 7.00000000 -9.00000000 57669.00000000 0.30110000 27 22.34550000 0.71962000 0.07780000 0.09000000 0.01070000 0.00300000 1.00000000 0.00800000
AT2016eoa 150 0.02106000 0.00085000 0.01993000 0.00007000 0.02109000 0.00007000 15.41630000 0.22910200 34.66930000 0.23068700 -9.00000000 0 0 0.00709300 0.04089500 -1.57505000 0.16289000 15.68960000 0.05812360 0.00950967 0.00050909 -0.00092285 -0.00001018 -0.00001572 5.34610000 22.43540000 -999 -999 -9.00000000 -331.62300000 250 0.06088090 10.21630000 0.01300000 57615.70000000 0.18090000 6 8.89598000 0.17951000 0.10020000 0.08860000 -0.03340000 0.00100000 1.00000000 0.00600000
ASASSN-16lg 150 0.02116000 0.00086000 0.02093000 0.00011000 0.02117000 0.00011000 15.12200000 0.20128600 34.37500000 0.20308900 -9.00000000 0 0 -0.04144600 0.03894000 -1.33321000 0.17568000 15.23320000 0.06059270 0.01447910 0.00080805 0.00028139 -0.00002275 -0.00002450 267.05100000 17.62560000 -999 -999 -9.00000000 -66.58990000 250 0.06750760 10.44490000 0.00100000 57674.60000000 0.22040000 6 8.95352000 0.17621000 0.08790000 0.08920000 -0.00980000 0.00000000 1.00000000 0.00300000
2004bw 57 0.02116000 0.00087000 0.02207000 0.00015000 0.02140000 0.00015000 15.56640000 0.19456100 34.81940000 0.19642500 -9.00000000 0 0 -0.08277800 0.03238000 -1.18794000 0.06528600 15.58180000 0.08328940 0.01050190 0.00080563 -0.00039154 0.00000469 -0.00002166 225.94500000 -3.30460000 -999 -999 -9.00000000 266.52300000 250 0.12097000 7.00000000 -9.00000000 53163.10000000 0.08380000 59 66.06880000 0.24596000 0.05850000 0.09020000 0.04370000 0.00300000 1.00000000 0.00600000
2008Z 57 0.02118000 0.00085000 0.02146000 0.00001000 0.02062000 0.00001000 15.86500000 0.30951100 35.11800000 0.31068600 -9.00000000 0 0 0.09020900 0.02712700 0.65572000 0.11233000 16.13890000 0.03040230 0.00628694 0.00017604 -0.00012786 -0.00000291 -0.00000404 145.81400000 36.28440000 -999 -999 -9.00000000 82.55930000 250 0.00993478 7.00000000 -9.00000000 54515.50000000 0.08930000 14 43.35180000 0.00007525 0.06470000 0.08810000 0.03930000 0.00500000 1.00000000 0.03200000
2008Z 65 0.02118000 0.00085000 0.02146000 0.00001000 0.02062000 0.00001000 15.95260000 0.30290200 35.20560000 0.30410300 -9.00000000 0 0 0.08346000 0.02702100 0.98431000 0.09468400 16.15760000 0.03143270 0.00617988 0.00017891 0.00002198 -0.00000391 -0.00000439 145.81400000 36.28440000 -999 -999 -9.00000000 82.55930000 250 0.00993478 7.00000000 0.31000000 54515.50000000 0.06670000 47 61.52110000 0.07583470 0.05980000 0.08810000 0.03970000 0.00600000 1.00000000 0.03100000
2007bc 57 0.02131000 0.00085000 0.02187000 0.00001000 0.02075000 0.00001000 15.50310000 0.17855400 34.75610000 0.18058400 -9.00000000 0 0 -0.02068100 0.02518800 -1.01193000 0.06109700 15.60760000 0.03062790 0.01025550 0.00028930 -0.00023323 0.00000055 -0.00000610 169.81100000 20.80900000 -999 -999 -9.00000000 163.39400000 250 0.01861990 10.57920000 -9.00000000 54200.10000000 0.08510000 41 52.74300000 0.10341000 0.05730000 0.08750000 -0.03320000 0.00100000 1.00000000 0.00400000
2007bc 5 0.02131000 0.00085000 0.02187000 0.00001000 0.02075000 0.00001000 15.48140000 0.17510800 34.73440000 0.17717700 -9.00000000 0 0 -0.03564800 0.02204800 -1.09301000 0.03358300 15.56410000 0.02452430 0.01067470 0.00024112 -0.00015676 0.00000096 -0.00000413 169.81100000 20.80900000 -999 -999 -9.00000000 163.39400000 250 0.01861990 10.57920000 0.05000000 54200.80000000 0.06540000 47 30.33650000 0.97174000 0.05290000 0.08750000 -0.02070000 0.00100000 1.00000000 0.00400000
2007bc 64 0.02131000 0.00085000 0.02187000 0.00001000 0.02075000 0.00001000 15.48890000 0.18580100 34.74190000 0.18775300 -9.00000000 0 0 -0.02062500 0.02872300 -1.28476000 0.08131000 15.63610000 0.03364930 0.00998951 0.00030960 -0.00015118 -0.00000091 -0.00000742 169.81100000 20.80900000 -999 -999 -9.00000000 163.39400000 250 0.01861990 10.57920000 0.45400000 54200.30000000 0.14370000 34 51.85050000 0.02562610 0.06590000 0.08750000 -0.03090000 0.00100000 1.00000000 0.00400000
SN2016ajf 150 0.02134000 0.00085000 0.01978000 0.00003000 0.02032000 0.00003000 15.50970000 0.33889700 34.76270000 0.33997100 -9.00000000 0 0 0.20266000 0.05045500 -2.93112000 0.17108000 16.53920000 0.10146000 0.00434839 0.00040635 0.00021469 -0.00000998 -0.00001551 49.97710000 41.56500000 -999 -999 -9.00000000 -460.50600000 250 0.14138000 11.50000000 0.00100000 57442.20000000 0.28240000 12 51.64050000 0.00000072 0.10890000 0.08740000 -0.08200000 0.03200000 1.00000000 0.02800000
2009dc 5 0.02137000 0.00085000 0.02179000 0.00001000 0.02146000 0.00001000 15.09380000 0.19717000 34.34680000 0.19901000 -9.00000000 0 0 0.00130100 0.02629600 2.23755000 0.10956000 14.76700000 0.04507690 0.02224300 0.00092347 -0.00023124 0.00000067 -0.00001706 237.80100000 25.70780000 -999 -999 -9.00000000 123.08100000 250 0.06016280 10.42140000 0.05000000 54948.40000000 0.14070000 36 116.26400000 0.00000000 0.06290000 0.08730000 -0.05310000 0.00400000 1.00000000 0.00600000
2018fop 18 0.02151000 0.00086000 0.02017000 0.00009000 0.02121000 0.00009000 15.33690000 0.19733900 34.58990000 0.19917700 -9.00000000 0 0 -0.07678500 0.02999100 0.64773000 0.13589000 15.08570000 0.05089080 0.01658450 0.00077735 0.00013046 -0.00001216 -0.00001818 18.82550000 -6.85900000 -999 -999 -9.00000000 -395.68200000 250 0.05896110 7.00000000 -9.00000000 58366.00000000 0.18850000 24 27.53070000 0.28033000 0.06590000 0.08770000 0.02940000 0.00200000 1.00000000 0.00600000
ASASSN-15uv 150 0.02153000 0.00085000 0.02104000 0.00002000 0.02028000 0.00002000 15.35840000 0.39239600 34.61140000 0.39332400 -9.00000000 0 0 0.27395000 0.03292500 0.26468000 0.12635000 16.35380000 0.04301540 0.00515808 0.00020436 -0.00004754 -0.00000109 -0.00000579 126.78400000 27.81160000 -999 -999 -9.00000000 -143.28000000 250 0.02864570 9.45815000 0.00100000 57392.50000000 0.18730000 18 18.62050000 0.41553000 0.07170000 0.08660000 0.13490000 0.01500000 1.00000000 0.05000000
ASASSN-18da 18 0.02170000 0.00086000 0.02157000 0.00009000 0.02200000 0.00009000 15.51790000 0.19399300 34.77090000 0.19586300 -9.00000000 0 0 -0.13427100 0.02914800 1.18661000 0.13672000 15.06660000 0.03610320 0.01688020 0.00056130 -0.00008268 -0.00002065 -0.00001348 52.31940000 -23.97860000 -999 -999 -9.00000000 -38.78500000 250 0.01795160 7.00000000 -9.00000000 58178.10000000 0.14330000 44 30.26120000 0.94289000 0.07030000 0.08700000 0.08650000 0.00400000 1.00000000 0.00500000
2006et 64 0.02183000 0.00086000 0.02140000 0.00015000 0.02240000 0.00015000 15.50530000 0.28215900 34.75830000 0.28344800 -9.00000000 0 0 0.12001000 0.02897700 0.78862000 0.14383000 15.70730000 0.03449910 0.00935598 0.00029728 -0.00003283 -0.00000765 -0.00000118 10.69090000 -23.55840000 -999 -999 -9.00000000 -126.05400000 250 0.01648410 10.14640000 3.21100000 53994.50000000 0.20810000 22 21.43380000 0.49408000 0.09550000 0.08650000 -0.10520000 0.00200000 1.00000000 0.01900000
2006et 5 0.02183000 0.00086000 0.02140000 0.00015000 0.02240000 0.00015000 15.52120000 0.25220500 34.77420000 0.25364600 -9.00000000 0 0 0.10840000 0.02149800 0.74714000 0.03346500 15.69770000 0.02372420 0.00943873 0.00020624 -0.00019940 0.00000106 -0.00000355 10.69090000 -23.55840000 -999 -999 -9.00000000 -126.05400000 250 0.01648410 10.14640000 0.10000000 53994.70000000 0.03820000 58 64.94740000 0.24752000 0.05120000 0.08650000 -0.10080000 0.00200000 1.00000000 0.01800000
1999dg 57 0.02197000 0.00086000 0.02263000 0.00014000 0.02206000 0.00014000 15.60590000 0.24496400 34.85890000 0.24644700 -9.00000000 0 0 -0.10111300 0.04616000 -1.76017000 0.16216000 15.66340000 0.04127090 0.00974172 0.00037030 -0.00088727 -0.00000135 -0.00001286 227.86800000 13.48490000 -999 -999 -9.00000000 194.00500000 250 0.03389330 7.00000000 -9.00000000 51393.30000000 0.24710000 16 12.94760000 0.67658000 0.12100000 0.08590000 0.05810000 0.00300000 1.00000000 0.00600000
2001cp 57 0.02198000 0.00085000 0.02245000 0.00002000 0.02246000 0.00002000 15.71240000 0.21528600 34.96540000 0.21697300 -9.00000000 0 0 -0.04529200 0.04742300 1.00995000 0.08662900 15.45180000 0.09262070 0.01183800 0.00100987 -0.00077452 0.00000810 -0.00003474 257.76100000 5.84110000 -999 -999 -9.00000000 136.81400000 250 0.13469000 11.10550000 -9.00000000 52089.00000000 0.07250000 43 47.16850000 0.30602000 0.10500000 0.08490000 -0.02400000 0.00100000 1.00000000 0.00400000
1995ak 61 0.02203000 0.00085000 0.02193000 0.00003000 0.02269000 0.00003000 15.42090000 0.24630900 34.67390000 0.24778500 -9.00000000 0 0 0.07167300 0.03343000 -1.06110000 0.11929000 15.77600000 0.04905020 0.00878236 0.00039676 0.00074719 -0.00001527 -0.00000950 41.45350000 3.23060000 -999 -999 -9.00000000 -29.03260000 250 0.03259850 10.00660000 0.05000000 50022.20000000 0.38530000 31 54.62840000 0.00549390 0.07760000 0.08470000 -0.07550000 0.00200000 1.00000000 0.01400000
2009na 66 0.02205000 0.00085000 0.02209000 0.00001000 0.02104000 0.00001000 15.49470000 0.19725600 34.74770000 0.19909500 -9.00000000 0 0 -0.05743200 0.02878200 -0.70936400 0.10035000 15.49750000 0.03518270 0.01134970 0.00036778 0.00002918 -0.00000321 -0.00000861 161.75600000 26.54390000 -999 -999 -9.00000000 10.30450000 250 0.02763990 9.88571000 0.14100000 55201.90000000 0.09180000 31 37.93320000 0.18257000 0.06590000 0.08460000 0.02340000 0.00200000 1.00000000 0.00700000
ASASSN-18iu 18 0.02207000 0.00086000 0.02202000 0.00009000 0.02230000 0.00009000 15.63170000 0.18405900 34.88470000 0.18602900 -9.00000000 0 0 -0.11455000 0.02373300 0.56141000 0.07350800 15.30550000 0.03575510 0.01354530 0.00044607 -0.00002065 -0.00000685 -0.00000838 269.41800000 50.03860000 -999 -999 -9.00000000 -15.51410000 250 0.03614970 7.00000000 -9.00000000 58243.90000000 0.06680000 84 80.92650000 0.57474000 0.05300000 0.08550000 0.05850000 0.00200000 1.00000000 0.00500000
ATLAS16dpb 150 0.02215000 0.00085000 0.02238000 0.00003000 0.02309000 0.00003000 15.79510000 0.28736600 35.04810000 0.28863200 -9.00000000 0 0 0.09821900 0.04917800 -2.54831000 0.22060000 16.46480000 0.10901000 0.00465672 0.00046753 -0.00123046 0.00000495 -0.00001660 44.39190000 5.97820000 -999 -999 -9.00000000 68.06660000 250 0.16073000 10.87350000 0.00000000 57689.30000000 0.58960000 7 17.90540000 0.02194710 0.11370000 0.08420000 -0.06240000 0.00400000 1.00000000 0.01800000
SNF20080514-002 57 0.02219000 0.00085000 0.02292000 0.00001000 0.02194000 0.00001000 15.76060000 0.21446600 35.01360000 0.21615900 -9.00000000 0 0 -0.18285000 0.02813600 -1.51050000 0.07726400 15.59480000 0.03565350 0.01037710 0.00034076 -0.00021058 0.00000001 -0.00000775 202.30300000 11.27240000 -999 -999 -9.00000000 212.71800000 250 0.02889150 7.00000000 -9.00000000 54612.40000000 0.14560000 47 40.07420000 0.75272000 0.06440000 0.08410000 0.12440000 0.01800000 1.00000000 0.00400000
2006dm 57 0.02228000 0.00087000 0.02161000 0.00015000 0.02284000 0.00015000 15.55290000 0.17814600 34.80590000 0.18018000 -9.00000000 0 0 -0.03292200 0.02796700 -1.90086000 0.06850700 15.76310000 0.03716160 0.00888667 0.00030417 -0.00012077 -0.00000110 -0.00000691 355.44900000 -3.66900000 -999 -999 -9.00000000 -197.62200000 250 0.03317380 11.00560000 -9.00000000 53928.70000000 0.07410000 59 74.90290000 0.07926190 0.06240000 0.08570000 -0.02080000 0.00100000 1.00000000 0.00400000
2006dm 56 0.02228000 0.00087000 0.02161000 0.00015000 0.02284000 0.00015000 15.57040000 0.25669400 34.82340000 0.25811000 -9.00000000 0 0 0.00159000 0.04908400 -1.76040000 0.17003000 15.84420000 0.04362320 0.00824785 0.00033139 -0.00019067 -0.00001260 -0.00001139 355.44900000 -3.66900000 -999 -999 -9.00000000 -197.62200000 250 0.03317380 11.00560000 0.00200000 53929.10000000 0.14160000 26 13.24390000 0.98168000 0.13020000 0.08570000 -0.04330000 0.00100000 1.00000000 0.00600000
2008ia 5 0.02231000 0.00086000 0.02257000 0.00010000 0.02194000 0.00010000 15.67150000 0.16767700 34.92450000 0.16983700 -9.00000000 0 0 -0.08343600 0.04263900 -1.24683000 0.04833700 15.67010000 0.13297000 0.00968157 0.00118569 -0.00069723 0.00001721 -0.00004760 132.64700000 -61.27790000 -999 -999 -9.00000000 76.49610000 250 0.19479000 10.77320000 10.00000000 54813.50000000 0.07000000 53 107.35400000 0.00001478 0.04660000 0.08460000 0.02030000 0.00100000 1.00000000 0.00300000
2004bg 57 0.02234000 0.00085000 0.02214000 0.00003000 0.02103000 0.00003000 15.51970000 0.19716400 34.77270000 0.19900400 -9.00000000 0 0 -0.14876800 0.02579900 0.19286000 0.06719700 15.17910000 0.03123790 0.01521760 0.00043783 -0.00033903 0.00000440 -0.00000967 170.25600000 21.33980000 -999 -999 -9.00000000 -56.86750000 250 0.01896990 8.84045000 -9.00000000 53109.10000000 0.15220000 50 75.52110000 0.01135620 0.05820000 0.08350000 0.09550000 0.00300000 1.00000000 0.00500000
2004bg 63 0.02234000 0.00085000 0.02214000 0.00003000 0.02103000 0.00003000 15.61740000 0.20268900 34.87040000 0.20447900 -9.00000000 0 0 -0.09027100 0.02898600 0.58396000 0.11684000 15.34440000 0.04605270 0.01306900 0.00055434 -0.00034299 0.00000316 -0.00001288 170.25600000 21.33980000 -999 -999 -9.00000000 -56.86750000 250 0.01896990 8.84045000 0.13800000 53109.70000000 0.52500000 31 71.84540000 0.00004361 0.06380000 0.08350000 0.03990000 0.00200000 1.00000000 0.00600000
2002cu 57 0.02236000 0.00085000 0.02217000 0.00004000 0.02252000 0.00004000 15.52840000 0.22303400 34.78140000 0.22466300 -9.00000000 0 0 -0.00316800 0.02757400 -1.85070000 0.06426800 15.86490000 0.04555900 0.00809177 0.00033954 -0.00015746 0.00000065 -0.00000735 272.71000000 31.10900000 -999 -999 -9.00000000 -55.52130000 250 0.05382980 7.00000000 -9.00000000 52416.50000000 0.04880000 68 56.35290000 0.84235000 0.05880000 0.08350000 0.02090000 0.00400000 1.00000000 0.01200000
2006cp 64 0.02239000 0.00085000 0.02334000 0.00000000 0.02229000 0.00000000 15.51840000 0.30144800 34.77140000 0.30265400 -9.00000000 0 0 0.05654500 0.02758100 0.32303000 0.07547400 15.72710000 0.03397270 0.00918626 0.00028744 -0.00019120 -0.00000136 -0.00000658 184.81200000 22.42730000 -999 -999 -9.00000000 277.72500000 250 0.02272740 8.32354000 0.35200000 53897.70000000 0.06920000 21 20.65380000 0.48026000 0.06290000 0.08330000 0.02920000 0.00400000 1.00000000 0.02400000
2006cp 57 0.02239000 0.00085000 0.02334000 0.00000000 0.02229000 0.00000000 15.60730000 0.24161600 34.86030000 0.24312000 -9.00000000 0 0 -0.01644000 0.02594200 0.04237700 0.09511900 15.61430000 0.03243530 0.01019290 0.00030450 0.00013165 -0.00000388 -0.00000677 184.81200000 22.42730000 -999 -999 -9.00000000 277.72500000 250 0.02272740 8.32354000 -9.00000000 53897.60000000 0.06960000 40 51.96610000 0.09736750 0.05680000 0.08330000 0.01160000 0.00200000 1.00000000 0.01000000
2000fa 57 0.02240000 0.00085000 0.02181000 0.00002000 0.02128000 0.00002000 15.50600000 0.28745400 34.75900000 0.28871900 -9.00000000 0 0 0.04125200 0.04234200 0.50832000 0.06802500 15.63320000 0.04990440 0.01001660 0.00046040 -0.00032644 0.00000014 -0.00001397 108.87400000 23.42840000 -999 -999 -9.00000000 -173.53700000 250 0.05771340 8.26184000 -9.00000000 51892.60000000 0.06170000 47 62.22270000 0.06759250 0.10330000 0.08330000 0.02220000 0.00300000 1.00000000 0.02100000
2000fa 62 0.02240000 0.00085000 0.02181000 0.00002000 0.02128000 0.00002000 15.54670000 0.25383800 34.79970000 0.25527000 -9.00000000 0 0 0.03343200 0.02880000 0.48583000 0.08358900 15.65050000 0.04901400 0.00985849 0.00044505 -0.00007589 -0.00000409 -0.00000983 108.87400000 23.42840000 -999 -999 -9.00000000 -173.53700000 250 0.05771340 8.26184000 4.00000000 51893.10000000 0.08070000 17 16.30890000 0.50205000 0.06320000 0.08330000 0.01970000 0.00300000 1.00000000 0.01900000
ASASSN-16bn 18 0.02241000 0.00086000 0.02253000 0.00008000 0.02317000 0.00008000 15.78620000 0.21282000 35.03920000 0.21452600 -9.00000000 0 0 -0.08808400 0.04006000 1.46775000 0.34863000 15.38370000 0.10185000 0.01260390 0.00118229 0.00081372 0.00002793 -0.00003738 47.64370000 4.26970000 -999 -999 -9.00000000 35.57360000 250 0.14830000 7.00000000 -9.00000000 57427.20000000 0.55160000 20 12.22140000 0.90825000 0.08360000 0.08430000 0.03400000 0.00300000 1.00000000 0.00600000
ASASSN-17aj 150 0.02255000 0.00086000 0.02253000 0.00011000 0.02127000 0.00011000 15.47760000 0.24163800 34.73060000 0.24314100 -9.00000000 0 0 0.00592000 0.03315300 0.14080000 0.13185000 15.55840000 0.04426770 0.01073100 0.00043753 0.00028422 -0.00000986 -0.00001198 173.29400000 -10.22180000 -999 -999 -9.00000000 -6.69030000 250 0.03596680 7.00000000 0.01400000 57773.10000000 0.13940000 8 20.60620000 0.00827050 0.07340000 0.08370000 0.03090000 0.00100000 1.00000000 0.01400000
AT2017cfb 150 0.02266000 0.00085000 0.02382000 0.00001000 0.02290000 0.00001000 15.59080000 0.21888800 34.84380000 0.22054700 -9.00000000 0 0 -0.07692800 0.03314400 0.94220000 0.14870000 15.30270000 0.04100390 0.01358060 0.00051289 -0.00034516 -0.00000455 -0.00001415 208.52800000 9.41280000 -999 -999 -9.00000000 339.03200000 250 0.02838900 8.97146000 0.01300000 57836.80000000 0.27230000 7 7.70642000 0.35919000 0.07810000 0.08240000 0.03640000 0.00100000 1.00000000 0.00600000
2006bq 64 0.02270000 0.00086000 0.02226000 0.00012000 0.02271000 0.00012000 15.61630000 0.20149900 34.86930000 0.20330000 -9.00000000 0 0 0.02680500 0.02818100 -1.67036000 0.06988100 15.94080000 0.04550470 0.00754558 0.00031624 -0.00013423 0.00000188 -0.00000713 279.99500000 39.98240000 -999 -999 -9.00000000 -131.50000000 250 0.05087140 11.21890000 0.41500000 53848.20000000 0.17880000 50 80.26220000 0.00423650 0.05890000 0.08320000 -0.05720000 0.00100000 1.00000000 0.00800000
2002ef 57 0.02273000 0.00087000 0.02224000 0.00015000 0.02341000 0.00015000 15.43190000 0.35730600 34.68490000 0.35832500 -9.00000000 0 0 0.25356000 0.01922600 -0.54695700 0.07722100 16.37850000 0.02767500 0.00504211 0.00012852 -0.00011571 0.00000030 -0.00000203 357.87300000 -13.37960000 -999 -999 -9.00000000 -142.23400000 250 0.02774450 7.00000000 -9.00000000 52491.40000000 0.08230000 67 68.85210000 0.41447000 0.04260000 0.08400000 0.02940000 0.02400000 1.00000000 0.04900000
2010cr 56 0.02295000 0.00085000 0.02368000 0.00001000 0.02269000 0.00001000 16.01550000 0.30367600 35.26850000 0.30487400 -9.00000000 0 0 0.03086600 0.06569500 -1.41732000 0.34555000 16.31330000 0.07342610 0.00535393 0.00036208 -0.00141945 0.00003953 -0.00001677 202.35400000 11.79620000 -999 -999 -9.00000000 212.71800000 250 0.02952280 10.12820000 0.00200000 55309.40000000 0.84910000 22 21.30090000 0.50222000 0.16480000 0.08130000 -0.05910000 0.00100000 1.00000000 0.00900000
ASASSN-15il 150 0.02295000 0.00087000 0.02374000 0.00015000 0.02331000 0.00015000 15.60540000 0.19945000 34.85840000 0.20127000 -9.00000000 0 0 -0.11218000 0.04066000 1.24762000 0.12464000 15.18330000 0.10222000 0.01515900 0.00142718 0.00000731 -0.00001393 -0.00004623 239.28400000 -12.67330000 -999 -999 -9.00000000 232.32600000 250 0.14964000 9.87434000 0.00200000 57161.40000000 0.19440000 12 39.35290000 0.00009203 0.08000000 0.08330000 0.05650000 0.00100000 1.00000000 0.00500000
2000cn 57 0.02298000 0.00085000 0.02260000 0.00003000 0.02289000 0.00003000 15.74620000 0.26600000 34.99920000 0.26736700 -9.00000000 0 0 0.07123900 0.04344900 -2.47558000 0.10546000 16.30560000 0.04630150 0.00539186 0.00022994 -0.00058172 0.00000038 -0.00000732 269.41800000 27.83280000 -999 -999 -9.00000000 -112.15900000 250 0.04902640 10.73390000 -9.00000000 51707.00000000 0.06880000 48 53.10740000 0.28387000 0.10880000 0.08120000 -0.07850000 0.00200000 1.00000000 0.01400000
2000cn 62 0.02298000 0.00085000 0.02260000 0.00003000 0.02289000 0.00003000 15.71820000 0.23574300 34.97120000 0.23728400 -9.00000000 0 0 0.07515800 0.02879100 -2.56473000 0.15877000 16.30110000 0.04411770 0.00541462 0.00022002 0.00028515 -0.00000403 -0.00000505 269.41800000 27.83280000 -999 -999 -9.00000000 -112.15900000 250 0.04902640 10.73390000 0.28089000 51707.80000000 0.07060000 32 25.38300000 0.79023000 0.06430000 0.08120000 -0.08030000 0.00200000 1.00000000 0.01500000
2017hoq 18 0.02303000 0.00086000 0.02350000 0.00009000 0.02341000 0.00009000 15.73200000 0.18881900 34.98500000 0.19074000 -9.00000000 0 0 -0.06307600 0.02627800 0.78087000 0.13028000 15.49390000 0.04972190 0.01138800 0.00052152 -0.00025595 -0.00000211 -0.00001074 79.83450000 -17.61160000 -999 -999 -9.00000000 137.15400000 250 0.06403480 7.00000000 -9.00000000 58061.70000000 0.25550000 50 39.86330000 0.84701000 0.05830000 0.08200000 0.01970000 0.00200000 1.00000000 0.00600000
2009jb 56 0.02307000 0.00086000 0.02324000 0.00006000 0.02338000 0.00006000 15.51360000 0.33926600 34.76660000 0.34033800 -9.00000000 0 0 0.02229500 0.05860400 -0.07521000 0.51713000 15.66220000 0.04893400 0.00975292 0.00043956 0.00164986 -0.00005101 -0.00001769 260.92500000 30.49730000 -999 -999 -9.00000000 51.61760000 250 0.03717160 7.79338000 0.03000000 55075.70000000 0.51930000 6 0.33928000 0.99928000 0.17040000 0.08190000 0.01610000 0.00300000 1.00000000 0.01700000
2014ai 51 0.02313000 0.00085000 0.02317000 0.00004000 0.02233000 0.00004000 15.76950000 0.26987400 35.02250000 0.27122100 -9.00000000 0 0 0.08419200 0.03790600 -1.00094000 0.25544000 16.14710000 0.04994090 0.00623942 0.00028700 -0.00012064 -0.00003287 -0.00000813 139.93400000 33.76370000 -999 -999 -9.00000000 10.20190000 250 0.01470170 11.50000000 0.00200000 56745.60000000 0.35240000 11 2.98822000 0.99088000 0.10340000 0.08070000 -0.08280000 0.00200000 1.00000000 0.01600000
ASASSN-14fa 56 0.02316000 0.00087000 0.02262000 0.00015000 0.02315000 0.00015000 15.63000000 0.27364200 34.88300000 0.27497000 -9.00000000 0 0 -0.09036400 0.05688200 -1.93908000 0.26272000 15.74010000 0.04589160 0.00907693 0.00038366 0.00108141 -0.00000750 -0.00001590 43.09610000 -31.82170000 -999 -999 -9.00000000 -159.48800000 250 0.01745680 9.74865000 0.00000000 56879.50000000 0.41670000 12 9.74464000 0.63835000 0.14850000 0.08250000 0.05110000 0.00300000 1.00000000 0.00600000
2004at 57 0.02321000 0.00085000 0.02287000 0.00001000 0.02237000 0.00001000 15.66380000 0.17647000 34.91680000 0.17852400 -9.00000000 0 0 -0.11342300 0.02271100 -0.04604800 0.05288600 15.43140000 0.02603640 0.01206230 0.00028926 -0.00001567 -0.00000235 -0.00000552 164.68800000 59.48670000 -999 -999 -9.00000000 -99.44650000 250 0.01022190 7.00000000 -9.00000000 53092.40000000 0.04790000 53 34.97580000 0.97346000 0.05180000 0.08040000 0.05920000 0.00200000 1.00000000 0.00500000
PS15cku 150 0.02325000 0.00086000 0.02222000 0.00007000 0.02327000 0.00007000 15.80070000 0.22811000 35.05370000 0.22970200 -9.00000000 0 0 -0.01092400 0.03420900 0.75555000 0.14045000 15.73280000 0.04096010 0.00913877 0.00034477 -0.00018849 -0.00000337 -0.00001002 21.09390000 3.58760000 -999 -999 -9.00000000 -301.90000000 250 0.02264500 9.13095000 0.01100000 57319.30000000 0.28750000 12 22.30630000 0.03422740 0.07890000 0.08120000 0.02490000 0.00100000 1.00000000 0.01100000
2007ci 57 0.02331000 0.00085000 0.02295000 0.00001000 0.02184000 0.00001000 15.39480000 0.26559300 34.64780000 0.26696200 -9.00000000 0 0 -0.04430300 0.02713600 -2.46320000 0.09706500 15.66000000 0.03184300 0.00977258 0.00028661 0.00017552 -0.00000573 -0.00000637 176.44100000 19.77050000 -999 -999 -9.00000000 -103.55600000 250 0.02220400 10.83790000 -9.00000000 54246.70000000 0.07780000 37 70.36220000 0.00076673 0.06250000 0.08010000 -0.01360000 0.00100000 1.00000000 0.00400000
2007ci 64 0.02331000 0.00085000 0.02295000 0.00001000 0.02184000 0.00001000 15.17710000 0.27811500 34.43010000 0.27942300 -9.00000000 0 0 0.01224300 0.02838600 -2.79197000 0.09703500 15.62850000 0.03399410 0.01005990 0.00031497 0.00021057 -0.00000485 -0.00000758 176.44100000 19.77050000 -999 -999 -9.00000000 -103.55600000 250 0.02220400 10.83790000 0.02800000 54246.60000000 0.06440000 49 88.02240000 0.00052609 0.06300000 0.08010000 -0.05070000 0.00200000 1.00000000 0.00700000
2009al 51 0.02342000 0.00087000 0.02328000 0.00014000 0.02207000 0.00014000 15.73210000 0.28128700 34.98510000 0.28257900 -9.00000000 0 0 0.15147000 0.02754100 0.26837000 0.22181000 16.08900000 0.03809120 0.00658250 0.00023094 0.00040601 -0.00000999 -0.00000506 162.84200000 8.57850000 -999 -999 -9.00000000 -42.20470000 250 0.02117400 10.77060000 0.00200000 54897.00000000 0.00980000 38 56.55050000 0.02683000 0.06880000 0.08160000 -0.12430000 0.00200000 1.00000000 0.02200000
2009al 5 0.02342000 0.00087000 0.02328000 0.00014000 0.02207000 0.00014000 15.75510000 0.22004200 35.00810000 0.22169200 -9.00000000 0 0 0.05778200 0.02358800 -0.14877900 0.05851400 15.92790000 0.02688820 0.00763564 0.00018910 -0.00058289 0.00000346 -0.00000389 162.84200000 8.57850000 -999 -999 -9.00000000 -42.20470000 250 0.02117400 10.77060000 0.04000000 54896.90000000 0.16780000 45 313.06700000 0.00000000 0.05560000 0.08160000 -0.08020000 0.00100000 1.00000000 0.01200000
2009al 65 0.02342000 0.00087000 0.02328000 0.00014000 0.02207000 0.00014000 15.72530000 0.22378000 34.97830000 0.22540300 -9.00000000 0 0 0.05686700 0.02875600 -0.48666100 0.09732300 15.94920000 0.03418040 0.00748725 0.00023571 -0.00025288 -0.00000274 -0.00000568 162.84200000 8.57850000 -999 -999 -9.00000000 -42.20470000 250 0.02117400 10.77060000 0.47700000 54897.20000000 0.10810000 44 105.73000000 0.00000054 0.06740000 0.08160000 -0.07620000 0.00200000 1.00000000 0.01200000
2009cz 56 0.02343000 0.00085000 0.02315000 0.00001000 0.02227000 0.00001000 15.60520000 0.25886900 34.85820000 0.26027300 -9.00000000 0 1 0.00834000 0.04972600 0.73538000 0.25892000 15.51890000 0.04116280 0.01112910 0.00042193 0.00116268 -0.00003534 -0.00001544 138.75000000 29.73530000 -999 -999 -9.00000000 -82.89040000 250 0.02228010 10.51590000 0.00100000 54943.60000000 0.21980000 22 6.11632000 0.99966000 0.13210000 0.07970000 -0.05600000 0.00100000 1.00000000 0.00700000
2009cz 5 0.02343000 0.00085000 0.02315000 0.00001000 0.02227000 0.00001000 15.60520000 0.16848700 34.85820000 0.17063600 -9.00000000 0 1 -0.02851000 0.02188200 0.70449000 0.05179100 15.43030000 0.02566190 0.01207440 0.00028538 -0.00011343 0.00000059 -0.00000483 138.75000000 29.73530000 -999 -999 -9.00000000 -82.89040000 250 0.02228010 10.51590000 0.13000000 54944.00000000 0.04790000 28 8.37327000 0.99988000 0.05200000 0.07970000 -0.03520000 0.00100000 1.00000000 0.00400000
ASASSN-15nr 150 0.02344000 0.00087000 0.02309000 0.00018000 0.02320000 0.00018000 15.58010000 0.26238500 34.83310000 0.26377100 -9.00000000 0 1 0.02858900 0.03966200 1.20679000 0.19025000 15.58160000 0.08290890 0.01050420 0.00080212 0.00070851 -0.00001499 -0.00002541 261.67400000 13.90980000 -999 -999 -9.00000000 -101.95900000 250 0.11158000 9.88465000 0.01300000 57250.10000000 0.15060000 8 10.03640000 0.26248000 0.07920000 0.08150000 0.03870000 0.00200000 1.00000000 0.01800000
2004bk 57 0.02352000 0.00085000 0.02405000 0.00001000 0.02306000 0.00001000 15.58610000 0.21418500 34.83910000 0.21588000 -9.00000000 0 1 -0.02212700 0.02629200 0.47024000 0.06860000 15.51190000 0.03543530 0.01120040 0.00036555 -0.00018729 0.00000021 -0.00000726 204.37000000 4.10310000 -999 -999 -9.00000000 155.85000000 250 0.02180710 7.00000000 -9.00000000 53113.50000000 0.28010000 41 38.97380000 0.56101000 0.06150000 0.07940000 0.01120000 0.00200000 1.00000000 0.00900000
2018enc 18 0.02354000 0.00086000 0.02450000 0.00009000 0.02389000 0.00009000 15.74680000 0.21603800 34.99980000 0.21771800 -9.00000000 0 0 -0.01692100 0.03407100 1.98320000 0.20158000 15.46450000 0.07421840 0.01170070 0.00079983 0.00081527 -0.00002946 -0.00002141 229.86900000 -9.88060000 -999 -999 -9.00000000 280.99900000 250 0.10125000 7.00000000 -9.00000000 58345.10000000 0.15210000 40 23.56070000 0.98204000 0.07260000 0.08030000 0.01020000 0.00800000 1.00000000 0.01000000
2007qe 57 0.02357000 0.00085000 0.02280000 0.00005000 0.02396000 0.00005000 15.78760000 0.20480000 35.04060000 0.20657200 -9.00000000 0 1 -0.01658100 0.02688600 0.34568000 0.06993400 15.74930000 0.03609050 0.00900033 0.00029918 0.00003093 -0.00000254 -0.00000657 358.55400000 27.40930000 -999 -999 -9.00000000 -227.14100000 250 0.03294680 8.34246000 -9.00000000 54429.70000000 0.05330000 33 39.40670000 0.20508000 0.05900000 0.07920000 0.01160000 0.00200000 1.00000000 0.01000000
2007qe 64 0.02357000 0.00085000 0.02280000 0.00005000 0.02396000 0.00005000 15.69790000 0.25771700 34.95090000 0.25912800 -9.00000000 0 1 0.04478200 0.02652200 0.68284000 0.04526000 15.80940000 0.03617200 0.00851616 0.00028372 -0.00006723 -0.00000071 -0.00000594 358.55400000 27.40930000 -999 -999 -9.00000000 -227.14100000 250 0.03294680 8.34246000 0.37500000 54429.80000000 0.03630000 74 111.69900000 0.00305636 0.05900000 0.07920000 0.02140000 0.00400000 1.00000000 0.02100000
ATLAS17bas 150 0.02357000 0.00085000 0.02331000 0.00001000 0.02222000 0.00001000 15.31850000 0.26034900 34.57150000 0.26174600 -9.00000000 0 1 0.02729800 0.03338700 0.80072000 0.12208000 15.37760000 0.03989480 0.01267530 0.00046575 -0.00000506 -0.00001081 -0.00001334 166.89800000 22.85140000 -999 -999 -9.00000000 -76.11090000 250 0.01963240 8.18544000 0.00100000 57813.20000000 0.14510000 7 13.43490000 0.06219510 0.07610000 0.07920000 0.04040000 0.00100000 1.00000000 0.01800000
ASASSN-15tz 150 0.02365000 0.00085000 0.02220000 0.00003000 0.02286000 0.00003000 15.70130000 0.27270600 34.95430000 0.27403900 -9.00000000 0 1 0.11405000 0.04553300 -1.51814000 0.15420000 16.26450000 0.10167000 0.00560040 0.00052442 0.00046056 -0.00001002 -0.00001897 40.28700000 43.68020000 -999 -999 -9.00000000 -424.04900000 250 0.14106000 10.19990000 0.00500000 57376.10000000 0.17870000 8 3.81395000 0.87351000 0.08990000 0.07900000 -0.06590000 0.00200000 1.00000000 0.01900000
2010ao 51 0.02369000 0.00085000 0.02422000 0.00001000 0.02324000 0.00001000 15.69000000 0.20805600 34.94300000 0.20980000 -9.00000000 0 1 -0.09300600 0.03116800 -0.43220600 0.13307000 15.56450000 0.03630360 0.01067050 0.00035679 0.00006396 -0.00000903 -0.00000913 205.92100000 3.90000000 -999 -999 -9.00000000 155.85000000 250 0.02259680 8.81300000 0.00300000 55289.10000000 0.16990000 30 21.22840000 0.88061000 0.07390000 0.07880000 0.04600000 0.00200000 1.00000000 0.00600000
2006sr 64 0.02388000 0.00085000 0.02307000 0.00001000 0.02425000 0.00001000 15.74190000 0.17877300 34.99490000 0.18080100 -9.00000000 0 1 -0.01523900 0.03151900 -1.36612000 0.11700000 15.91440000 0.06092770 0.00773082 0.00043383 0.00001968 -0.00000045 -0.00001057 0.89590000 23.19620000 -999 -999 -9.00000000 -237.71300000 250 0.08096570 10.79510000 0.05000000 54092.80000000 0.12090000 34 38.52110000 0.27233000 0.06580000 0.07820000 -0.03430000 0.00100000 1.00000000 0.00500000
ASASSN-15jt 150 0.02390000 0.00085000 0.02396000 0.00001000 0.02306000 0.00001000 15.63600000 0.40279300 34.88900000 0.40369700 -9.00000000 0 0 0.21149000 0.03940600 -2.32675000 0.14299000 16.75300000 0.04418250 0.00357119 0.00014532 0.00049453 -0.00000495 -0.00000500 197.03800000 27.82640000 -999 -999 -9.00000000 17.47050000 250 0.00965878 9.91542000 0.00100000 57169.80000000 0.18760000 14 40.22100000 0.00023564 0.08850000 0.07810000 0.06730000 0.02300000 1.00000000 0.05000000
ASASSN-16em 150 0.02390000 0.00086000 0.02296000 0.00009000 0.02302000 0.00009000 15.74100000 0.27606600 34.99400000 0.27738300 -9.00000000 0 0 0.04484800 0.03854600 0.43976000 0.13077000 15.91780000 0.08498310 0.00770674 0.00060322 -0.00071878 0.00000494 -0.00001873 203.05700000 84.67830000 -999 -999 -9.00000000 -275.07900000 250 0.11701000 8.53565000 0.01400000 57500.80000000 0.15450000 11 46.23960000 0.00000293 0.07700000 0.07910000 0.05060000 0.00200000 1.00000000 0.02200000
2000ca 50 0.02391000 0.00088000 0.02454000 0.00020000 0.02361000 0.00020000 15.64630000 0.18840600 34.89930000 0.19033100 -9.00000000 0 1 -0.11565000 0.02820900 0.52115000 0.07132200 15.32370000 0.04863770 0.01332000 0.00059670 -0.00032916 0.00000339 -0.00001324 203.84600000 -34.16030000 -999 -999 -9.00000000 185.43800000 250 0.05940520 7.00000000 0.28089000 51666.70000000 0.12800000 35 56.96250000 0.01091050 0.06020000 0.08090000 0.05950000 0.00200000 1.00000000 0.00500000
1998eg 62 0.02401000 0.00085000 0.02358000 0.00001000 0.02483000 0.00001000 15.84880000 0.19313600 35.10180000 0.19501400 -9.00000000 0 0 -0.00089800 0.03402800 -0.49848100 0.28240000 15.92380000 0.07482470 0.00766469 0.00052822 0.00028458 0.00000044 -0.00001403 339.87600000 8.60590000 -999 -999 -9.00000000 -126.49300000 250 0.10377000 10.76710000 0.06000000 51111.20000000 0.48720000 8 5.01234000 0.75626000 0.07640000 0.07780000 -0.04820000 0.00100000 1.00000000 0.00600000
PS1-14xw 56 0.02411000 0.00085000 0.02436000 0.00003000 0.02427000 0.00003000 15.85190000 0.30915300 35.10490000 0.31033000 -9.00000000 0 1 -0.03661700 0.05698100 1.22828000 0.70865000 15.62060000 0.06046530 0.01013380 0.00056436 0.00604883 -0.00011691 -0.00001981 253.24000000 2.39350000 -999 -999 -9.00000000 74.49350000 250 0.06541060 9.22547000 0.00700000 56786.30000000 0.48030000 12 3.09984000 0.99480000 0.17520000 0.07750000 0.01070000 0.00300000 1.00000000 0.00700000
2010gp 56 0.02411000 0.00085000 0.02436000 0.00003000 0.02427000 0.00003000 15.21810000 0.39756000 34.47110000 0.39847600 -9.00000000 0 0 0.17440000 0.05294500 -0.51214700 0.24684000 15.93820000 0.05924260 0.00756357 0.00041270 0.00037202 -0.00001375 -0.00001471 253.23900000 2.38790000 -999 -999 -9.00000000 74.49350000 250 0.06538410 9.22547000 0.00600000 55406.60000000 0.32770000 33 15.43190000 0.99603000 0.13720000 0.07750000 0.05280000 0.01500000 1.00000000 0.04700000
2000bh 50 0.02412000 0.00087000 0.02421000 0.00015000 0.02304000 0.00015000 15.62520000 0.22243400 34.87820000 0.22406700 -9.00000000 0 1 -0.00495800 0.02787000 -0.11269200 0.07102400 15.69120000 0.04409670 0.00949566 0.00038566 -0.00051019 -0.00000122 -0.00000821 185.31300000 -21.99880000 -999 -999 -9.00000000 25.48850000 250 0.04356670 9.50930000 -9.00000000 51636.80000000 0.28110000 23 25.53840000 0.32314000 0.06470000 0.07930000 0.01230000 0.00200000 1.00000000 0.01200000
2007F 51 0.02417000 0.00085000 0.02420000 0.00001000 0.02362000 0.00001000 15.68910000 0.20652900 34.94210000 0.20828600 -9.00000000 0 1 -0.01212300 0.02630000 0.40579000 0.10875000 15.65590000 0.03106080 0.00980905 0.00028062 0.00017828 -0.00000490 -0.00000645 195.81300000 50.61880000 -999 -999 -9.00000000 9.67200000 250 0.01493000 9.63941000 0.00300000 54123.90000000 0.07780000 41 25.96740000 0.96752000 0.05850000 0.07730000 0.01180000 0.00200000 1.00000000 0.01100000
2007F 64 0.02417000 0.00085000 0.02420000 0.00001000 0.02362000 0.00001000 15.83100000 0.18155800 35.08400000 0.18355500 -9.00000000 0 1 -0.06821300 0.02585000 0.53061000 0.04074500 15.61670000 0.02982280 0.01017000 0.00027935 -0.00017642 0.00000058 -0.00000627 195.81300000 50.61880000 -999 -999 -9.00000000 9.67200000 250 0.01493000 9.63941000 0.47300000 54124.00000000 0.04430000 65 52.62010000 0.86522000 0.05760000 0.07730000 0.02250000 0.00200000 1.00000000 0.00600000
1993H 50 0.02428000 0.00086000 0.02450000 0.00004000 0.02360000 0.00004000 15.92730000 0.23067600 35.18030000 0.23225100 -9.00000000 0 0 0.06763700 0.02980300 -2.04912000 0.05906300 16.41440000 0.04814580 0.00487811 0.00021631 -0.00043222 0.00000117 -0.00000533 208.20900000 -30.70790000 -999 -999 -9.00000000 64.05450000 250 0.05090810 10.44950000 -9.00000000 49067.60000000 0.25500000 51 78.26430000 0.00837360 0.06230000 0.07780000 -0.07680000 0.00100000 1.00000000 0.01300000
AT2016bln 150 0.02429000 0.00085000 0.02425000 0.00003000 0.02330000 0.00003000 15.82410000 0.19354100 35.07710000 0.19541600 -9.00000000 0 0 -0.00544500 0.03263800 1.12918000 0.12003000 15.65290000 0.04090010 0.00983667 0.00037055 -0.00013292 -0.00000846 -0.00001025 203.68900000 13.85390000 -999 -999 -9.00000000 -12.09150000 250 0.02501970 10.47380000 0.20900000 57499.60000000 0.08920000 16 38.30130000 0.00137056 0.07460000 0.07690000 -0.04020000 0.00100000 1.00000000 0.00500000
2006ac 57 0.02432000 0.00085000 0.02395000 0.00001000 0.02309000 0.00001000 15.73410000 0.18215700 34.98710000 0.18414700 -9.00000000 0 1 -0.04336000 0.02872300 -0.78252700 0.12179000 15.74970000 0.03853600 0.00899711 0.00031933 -0.00043842 0.00000299 -0.00000779 190.43700000 35.06860000 -999 -999 -9.00000000 -107.47300000 250 0.01352090 11.19210000 -9.00000000 53782.00000000 0.31310000 14 14.47700000 0.41481000 0.06460000 0.07680000 -0.01810000 0.00100000 1.00000000 0.00400000
2006ac 64 0.02432000 0.00085000 0.02395000 0.00001000 0.02309000 0.00001000 15.70000000 0.19621500 34.95300000 0.19806400 -9.00000000 0 1 0.01096600 0.02632700 -0.99808700 0.06628700 15.88250000 0.03060840 0.00796154 0.00022445 -0.00009249 -0.00000086 -0.00000532 190.43700000 35.06860000 -999 -999 -9.00000000 -107.47300000 250 0.01352090 11.19210000 0.09800000 53781.80000000 0.08530000 49 78.46430000 0.00475478 0.05740000 0.07680000 -0.05100000 0.00100000 1.00000000 0.00700000
ASASSN-15sf 150 0.02432000 0.00131000 0.02349000 0.00100000 0.02468000 0.00100000 15.97870000 0.23365000 35.23170000 0.23520500 -9.00000000 0 1 -0.06969100 0.03283300 0.87267000 0.13555000 15.71650000 0.04138850 0.00927729 0.00035365 0.00006673 -0.00001173 -0.00000962 2.86500000 -6.42730000 -999 -999 -9.00000000 -241.91300000 250 0.02637810 8.21725000 0.03400000 57333.30000000 0.16680000 10 36.45490000 0.00007029 0.07620000 0.11840000 0.02960000 0.00100000 1.00000000 0.00600000
2005bg 5 0.02434000 0.00085000 0.02414000 0.00001000 0.02303000 0.00001000 15.75720000 0.20013500 35.01020000 0.20194800 -9.00000000 0 1 -0.06061500 0.02193900 0.38747000 0.05736400 15.58640000 0.02797050 0.01045790 0.00026941 -0.00026783 0.00000367 -0.00000462 184.32200000 16.37160000 -999 -999 -9.00000000 -59.05940000 250 0.02761210 9.73321000 0.01000000 53470.40000000 0.11790000 60 206.14200000 0.00000000 0.05120000 0.07670000 0.02140000 0.00200000 1.00000000 0.00600000
2009D 5 0.02453000 0.00086000 0.02476000 0.00012000 0.02510000 0.00012000 15.75500000 0.15974900 35.00800000 0.16201500 -9.00000000 0 1 -0.09697600 0.02190500 0.65020000 0.02688000 15.43240000 0.03560250 0.01205140 0.00039518 -0.00017537 0.00000194 -0.00000603 58.59510000 -19.18170000 -999 -999 -9.00000000 65.34090000 250 0.04553570 10.19710000 0.13000000 54841.90000000 0.03860000 80 110.28900000 0.01402230 0.05120000 0.07710000 0.02080000 0.00100000 1.00000000 0.00300000
2009D 51 0.02453000 0.00086000 0.02476000 0.00012000 0.02510000 0.00012000 15.82160000 0.20820900 35.07460000 0.20995200 -9.00000000 0 1 -0.08750700 0.04130500 1.04468000 0.41085000 15.46150000 0.07422550 0.01173300 0.00080212 -0.00935423 0.00021851 -0.00003664 58.59510000 -19.18170000 -999 -999 -9.00000000 65.34090000 250 0.04553570 10.19710000 -9.00000000 54840.50000000 1.60890000 4 1.66173000 0.79766000 0.10600000 0.07710000 0.01220000 0.00100000 1.00000000 0.00300000
2009D 65 0.02453000 0.00086000 0.02476000 0.00012000 0.02510000 0.00012000 15.69630000 0.16872500 34.94930000 0.17087100 -9.00000000 0 1 -0.07090800 0.03005000 0.42486000 0.11797000 15.46150000 0.04667250 0.01173290 0.00050436 -0.00015068 0.00000318 -0.00001234 58.59510000 -19.18170000 -999 -999 -9.00000000 65.34090000 250 0.04553570 10.19710000 3.96500000 54841.90000000 0.31240000 43 35.74760000 0.77574000 0.06410000 0.07710000 -0.00530000 0.00100000 1.00000000 0.00300000
PS16ccn 150 0.02457000 0.00087000 0.02395000 0.00016000 0.02431000 0.00016000 15.92540000 0.18717500 35.17840000 0.18911200 -9.00000000 0 1 -0.12524600 0.03535700 0.37785000 0.11105000 15.60570000 0.05583740 0.01027340 0.00052834 -0.00044596 0.00000163 -0.00001542 273.12200000 31.27990000 -999 -999 -9.00000000 -183.01500000 250 0.05777570 7.58621000 0.01300000 57508.60000000 0.24590000 18 41.84360000 0.00116288 0.07500000 0.07780000 0.07090000 0.00100000 1.00000000 0.00400000
2008bf 57 0.02462000 0.00131000 0.02451000 0.00099000 0.02342000 0.00099000 15.85310000 0.23400300 35.10610000 0.23555600 -9.00000000 0 0 -0.14923400 0.02665300 0.31545000 0.06614400 15.47080000 0.03417850 0.01163270 0.00036619 -0.00026706 0.00000058 -0.00000802 181.01200000 20.24520000 -999 -999 -9.00000000 -30.04490000 250 0.02971170 10.37280000 -9.00000000 54555.10000000 0.07550000 52 98.49190000 0.00010551 0.06050000 0.11690000 0.07330000 0.00200000 1.00000000 0.00300000
2008bf 5 0.02462000 0.00131000 0.02451000 0.00099000 0.02342000 0.00099000 15.79910000 0.22967900 35.05210000 0.23126100 -9.00000000 0 0 -0.14861000 0.02168700 0.39564000 0.02819200 15.40590000 0.02818700 0.01234960 0.00032061 -0.00019851 0.00000173 -0.00000529 181.01200000 20.24520000 -999 -999 -9.00000000 -30.04490000 250 0.02971170 10.37280000 0.16000000 54555.60000000 0.03120000 80 129.09600000 0.00042063 0.05070000 0.11690000 0.07230000 0.00200000 1.00000000 0.00300000
2008bf 64 0.02462000 0.00131000 0.02451000 0.00099000 0.02342000 0.00099000 15.63680000 0.23240900 34.88980000 0.23397200 -9.00000000 0 0 -0.05619900 0.02644100 0.33607000 0.06814900 15.45100000 0.03457190 0.01184670 0.00037722 -0.00015712 -0.00000053 -0.00000849 181.01200000 20.24520000 -999 -999 -9.00000000 -30.04490000 250 0.02971170 10.37280000 2.95000000 54555.00000000 0.09110000 46 57.88260000 0.11237000 0.05770000 0.11690000 -0.01480000 0.00100000 1.00000000 0.00300000
1994M 61 0.02464000 0.00085000 0.02426000 0.00001000 0.02308000 0.00001000 15.69980000 0.21208300 34.95280000 0.21379500 -9.00000000 0 0 0.04287600 0.02872600 -1.42754000 0.09037800 16.03090000 0.03683910 0.00694451 0.00023563 -0.00008247 0.00000080 -0.00000527 187.78600000 0.60540000 -999 -999 -9.00000000 -110.13000000 250 0.01959840 10.97400000 0.60000000 49475.60000000 0.26570000 36 54.24600000 0.02602170 0.06610000 0.07580000 -0.06450000 0.00100000 1.00000000 0.01000000
2004br 57 0.02464000 0.00085000 0.02426000 0.00001000 0.02308000 0.00001000 15.55400000 0.18045100 34.80700000 0.18246000 -9.00000000 0 0 -0.10756800 0.02560400 1.00327000 0.07798900 15.17480000 0.03069520 0.01527900 0.00043196 -0.00032055 0.00000282 -0.00000937 187.78300000 0.61320000 -999 -999 -9.00000000 -110.13000000 250 0.01972900 7.00000000 -9.00000000 53148.80000000 0.10490000 52 137.23600000 0.00000000 0.05880000 0.07580000 0.04900000 0.00300000 1.00000000 0.00500000
ASASSN-16hz 150 0.02466000 0.00087000 0.02406000 0.00015000 0.02531000 0.00015000 15.55820000 0.31644600 34.81120000 0.31759500 -9.00000000 0 1 0.09128000 0.03422500 -0.27122800 0.12153000 15.99780000 0.04715840 0.00715947 0.00031097 -0.00046266 0.00000552 -0.00000867 348.94000000 -1.33960000 -999 -999 -9.00000000 -175.76400000 250 0.03117340 9.55271000 0.00200000 57605.30000000 0.40730000 8 8.66160000 0.37164000 0.07610000 0.07750000 0.06490000 0.00300000 1.00000000 0.03200000
2003he 57 0.02491000 0.00087000 0.02404000 0.00015000 0.02526000 0.00015000 15.83320000 0.23902700 35.08620000 0.24054700 -9.00000000 0 1 0.03281900 0.01974600 0.33862000 0.04609600 15.95520000 0.03036130 0.00744594 0.00020822 -0.00012439 0.00000044 -0.00000318 359.73800000 -2.24810000 -999 -999 -9.00000000 -252.98800000 250 0.03368600 7.00000000 -9.00000000 52876.90000000 0.05460000 66 124.35400000 0.00001877 0.04390000 0.07680000 0.01810000 0.00300000 1.00000000 0.01900000
2001cj 57 0.02494000 0.00085000 0.02491000 0.00002000 0.02409000 0.00002000 15.94430000 0.22689200 35.19730000 0.22849300 -9.00000000 0 1 -0.12829700 0.04095600 0.71544000 0.10931000 15.56790000 0.03190930 0.01063700 0.00031262 -0.00066322 0.00000100 -0.00001047 200.43700000 31.24680000 -999 -999 -9.00000000 -9.29810000 250 0.01209980 7.00000000 -9.00000000 52066.30000000 0.11750000 40 34.71650000 0.70659000 0.10620000 0.07490000 0.07350000 0.00300000 1.00000000 0.00500000
Gaia16agf 150 0.02509000 0.00086000 0.02553000 0.00002000 0.02507000 0.00002000 15.96220000 0.26716600 35.21520000 0.26852700 -9.00000000 0 1 0.03795400 0.03438200 1.36380000 0.14605000 15.97370000 0.05274440 0.00732001 0.00035560 0.00003029 -0.00000701 -0.00000967 98.53730000 -25.18460000 -999 -999 -9.00000000 130.45200000 250 0.05712430 8.65931000 0.10000000 57455.90000000 0.16720000 10 13.79410000 0.18259000 0.07720000 0.07540000 0.04300000 0.00200000 1.00000000 0.02000000
2007cq 56 0.02510000 0.00086000 0.02481000 0.00008000 0.02604000 0.00008000 15.58390000 0.28677400 34.83690000 0.28804200 -9.00000000 0 1 -0.00615700 0.05441600 -0.13142000 0.34467000 15.64830000 0.07244730 0.00987790 0.00065912 0.00135261 -0.00002602 -0.00002306 333.66800000 5.08030000 -999 -999 -9.00000000 -83.96740000 250 0.09349930 9.36898000 0.00400000 54280.80000000 0.39500000 20 9.70671000 0.97318000 0.14170000 0.07530000 0.01170000 0.00200000 1.00000000 0.01200000
2007cq 64 0.02510000 0.00086000 0.02481000 0.00008000 0.02604000 0.00008000 15.59520000 0.17990300 34.84820000 0.18191800 -9.00000000 0 1 -0.06140400 0.02980500 -0.68924700 0.11692000 15.58330000 0.06610080 0.01048770 0.00063850 0.00002942 -0.00000111 -0.00001572 333.66800000 5.08030000 -999 -999 -9.00000000 -83.96740000 250 0.09349930 9.36898000 0.13900000 54281.00000000 0.07060000 33 54.21390000 0.01140480 0.05570000 0.07530000 0.02390000 0.00200000 1.00000000 0.00600000
2003it 63 0.02510000 0.00085000 0.02413000 0.00001000 0.02528000 0.00001000 15.82600000 0.20421900 35.07900000 0.20599600 -9.00000000 0 1 0.02624500 0.03267400 -1.56650000 0.16037000 16.13280000 0.05172520 0.00632246 0.00030121 -0.00009661 -0.00000479 -0.00000764 1.45200000 27.45270000 -999 -999 -9.00000000 -284.91500000 250 0.06080180 10.42350000 0.02600000 52935.10000000 0.34360000 8 7.47616000 0.48623000 0.07530000 0.07440000 -0.05790000 0.00100000 1.00000000 0.00800000
2007cq 57 0.02510000 0.00086000 0.02481000 0.00008000 0.02604000 0.00008000 15.75600000 0.17481600 35.00900000 0.17688900 -9.00000000 0 1 -0.11314100 0.02998500 -0.32740000 0.06619800 15.56620000 0.06612090 0.01065380 0.00064881 -0.00038867 0.00000543 -0.00001629 333.66800000 5.08030000 -999 -999 -9.00000000 -83.96740000 250 0.09349930 9.36898000 -9.00000000 54281.10000000 0.07700000 43 48.54730000 0.25931000 0.05470000 0.07530000 0.05940000 0.00200000 1.00000000 0.00500000
AT2017cfc 150 0.02512000 0.00087000 0.02499000 0.00016000 0.02402000 0.00016000 15.77460000 0.18827200 35.02760000 0.19019800 -9.00000000 0 0 -0.00636800 0.03233100 -0.91512900 0.09560500 15.91200000 0.04405030 0.00774839 0.00031437 -0.00001223 -0.00000242 -0.00000819 208.16300000 -2.00220000 -999 -999 -9.00000000 -39.46980000 250 0.04009180 10.46550000 0.00000000 57837.60000000 0.11930000 12 29.09010000 0.00382045 0.07180000 0.07610000 -0.03030000 0.00100000 1.00000000 0.00500000
2011dn 56 0.02513000 0.00085000 0.02443000 0.00002000 0.02527000 0.00002000 15.20530000 0.33216900 34.45830000 0.33326500 -9.00000000 0 1 0.05230000 0.05841100 0.21601000 0.27569000 15.41320000 0.10542000 0.01226590 0.00119101 0.00139750 -0.00004508 -0.00004570 299.64800000 2.60450000 -999 -999 -9.00000000 -205.82500000 250 0.15109000 9.15925000 0.01300000 55745.10000000 0.20250000 22 24.82860000 0.30534000 0.14240000 0.07440000 0.02570000 0.00400000 1.00000000 0.02300000
2007sw 65 0.02517000 0.00086000 0.02500000 0.00006000 0.02428000 0.00006000 15.65870000 0.30529200 34.91170000 0.30648400 -9.00000000 0 1 0.09608800 0.03083100 0.07480100 0.13097000 16.03330000 0.03925690 0.00692909 0.00025054 0.00006825 -0.00000157 -0.00000656 183.40400000 46.49340000 -999 -999 -9.00000000 -50.83920000 250 0.01613820 8.41811000 0.13100000 54468.50000000 0.27610000 52 111.56000000 0.00000312 0.06820000 0.07510000 0.03610000 0.00500000 1.00000000 0.03300000
2012bh 51 0.02517000 0.00086000 0.02500000 0.00006000 0.02428000 0.00006000 15.94590000 0.23674700 35.19890000 0.23828100 -9.00000000 0 1 -0.03332200 0.04500700 -0.41273700 0.26293000 15.96970000 0.09302260 0.00734722 0.00062949 -0.00362827 0.00002831 -0.00002026 183.40600000 46.48350000 -999 -999 -9.00000000 -50.83920000 250 0.01586080 8.41938000 0.00300000 56016.30000000 1.87210000 2 1.64876000 0.43851000 0.11440000 0.07510000 0.01350000 0.00200000 1.00000000 0.00700000
370356 15 0.02517000 0.00086000 0.02500000 0.00006000 0.02428000 0.00006000 15.97470000 0.20258300 35.22770000 0.20437400 -9.00000000 0 0 -0.07715200 0.03522500 -0.28870300 0.13403000 15.86510000 0.04917910 0.00809007 0.00036645 0.00107405 -0.00002871 -0.00001071 183.40600000 46.48350000 -999 -999 19.14410000 -50.83920000 250 0.01586030 8.48686000 1.00000000 56015.80000000 0.09450000 13 9.37956000 0.74371000 0.07710000 0.07510000 0.03400000 0.01600000 1.00000000 0.00800000
2002he 57 0.02519000 0.00086000 0.02469000 0.00008000 0.02441000 0.00008000 15.86090000 0.15294500 35.11390000 0.15531000 -9.00000000 0 0 -0.06132600 0.02079800 -1.65619000 0.05879600 15.96580000 0.03099830 0.00737347 0.00021052 -0.00005152 -0.00000068 -0.00000346 124.99500000 62.82030000 -999 -999 -9.00000000 -146.35600000 250 0.03406830 10.98090000 -9.00000000 52586.00000000 0.04430000 78 74.20880000 0.60063000 0.04580000 0.07510000 -0.00220000 0.00100000 1.00000000 0.00300000
2002he 63 0.02519000 0.00086000 0.02469000 0.00008000 0.02441000 0.00008000 15.86150000 0.17272700 35.11450000 0.17482500 -9.00000000 0 0 -0.03847900 0.03301400 -1.66703000 0.17943000 16.02290000 0.04874510 0.00699611 0.00031410 0.00196956 -0.00003158 -0.00000854 124.99500000 62.82030000 -999 -999 -9.00000000 -146.35600000 250 0.03406830 10.98090000 3.55900000 52586.20000000 0.11050000 22 20.73360000 0.53725000 0.07040000 0.07510000 -0.01800000 0.00100000 1.00000000 0.00400000
2018jjd 18 0.02521000 0.00086000 0.02547000 0.00009000 0.02560000 0.00009000 15.73120000 0.18330700 34.98420000 0.18528400 -9.00000000 0 0 -0.10281000 0.02899200 0.70895000 0.10553000 15.40980000 0.03940950 0.01230470 0.00044663 -0.00006680 -0.00001248 -0.00001063 66.08350000 -31.98740000 -999 -999 -9.00000000 74.54090000 250 0.02923240 7.00000000 -9.00000000 58470.50000000 0.09430000 19 20.84960000 0.34517000 0.06650000 0.07500000 0.04870000 0.00200000 1.00000000 0.00500000
2002bf 63 0.02525000 0.00085000 0.02494000 0.00001000 0.02438000 0.00001000 15.69110000 0.23920400 34.94410000 0.24072300 -9.00000000 0 0 -0.10320800 0.09201700 -2.27220000 0.30468000 15.79780000 0.15303000 0.00860737 0.00121319 0.01454970 -0.00016489 -0.00010351 153.92600000 55.66850000 -999 -999 -9.00000000 -91.71600000 250 0.00963584 10.31040000 0.03100000 52338.30000000 0.92930000 3 0.21944000 0.97439000 0.13610000 0.07400000 0.03820000 0.00100000 1.00000000 0.00300000
2002bf 50 0.02525000 0.00085000 0.02494000 0.00001000 0.02438000 0.00001000 15.65330000 0.26770800 34.90630000 0.26906600 -9.00000000 0 1 0.13662000 0.03190300 -0.31800800 0.13092000 16.05950000 0.04865400 0.00676408 0.00030311 0.00052851 -0.00001418 -0.00000774 153.92600000 55.66850000 -999 -999 -9.00000000 -91.71600000 250 0.00963584 10.31040000 0.03100000 52339.20000000 0.34630000 32 43.08750000 0.09121280 0.07060000 0.07400000 -0.11560000 0.00300000 1.00000000 0.02100000
ASASSN-16bq 150 0.02534000 0.00086000 0.02582000 0.00001000 0.02493000 0.00001000 15.93520000 0.17462600 35.18820000 0.17670100 -9.00000000 0 0 -0.05286700 0.03407400 -1.67717000 0.07030100 16.06810000 0.04514190 0.00671057 0.00027901 -0.00019050 -0.00000273 -0.00000813 212.86000000 1.28600000 -999 -999 -9.00000000 141.16400000 250 0.03303390 10.68310000 0.00100000 57437.80000000 0.19300000 24 24.96160000 0.40785000 0.07360000 0.07460000 -0.00350000 0.00000000 1.00000000 0.00300000
PS15ahs 150 0.02534000 0.00086000 0.02522000 0.00004000 0.02551000 0.00004000 15.94440000 0.18396600 35.19740000 0.18593700 -9.00000000 0 1 -0.09125400 0.03189700 0.17315000 0.09704200 15.73440000 0.04057600 0.00912508 0.00034102 -0.00016282 -0.00000251 -0.00000923 269.87400000 43.39010000 -999 -999 -9.00000000 -36.77150000 250 0.03086730 9.35319000 0.01500000 57156.70000000 0.11140000 10 22.65250000 0.01210470 0.07090000 0.07460000 0.04530000 0.00100000 1.00000000 0.00500000
PSNJ0153424 150 0.02556000 0.00085000 0.02474000 0.00001000 0.02565000 0.00001000 15.92980000 0.23216000 35.18280000 0.23372400 -9.00000000 0 1 0.06931600 0.03371200 -0.60937700 0.09066000 16.23040000 0.04818980 0.00577895 0.00025650 -0.00014059 -0.00000177 -0.00000707 28.42670000 29.93630000 -999 -999 -9.00000000 -237.62000000 250 0.04658030 10.27330000 0.00100000 57393.60000000 0.10380000 10 19.65570000 0.03268230 0.07330000 0.07310000 -0.05610000 0.00100000 1.00000000 0.01400000
SN2017hn 150 0.02557000 0.00085000 0.02492000 0.00001000 0.02385000 0.00001000 15.80910000 0.18825100 35.06210000 0.19017700 -9.00000000 0 1 -0.02728700 0.03553900 0.62439000 0.21566000 15.65620000 0.04326610 0.00980663 0.00039079 -0.00055822 -0.00000716 -0.00001146 196.91400000 6.33760000 -999 -999 -9.00000000 -189.32200000 250 0.02839780 10.86340000 0.00100000 57768.20000000 0.39900000 5 3.34465000 0.64701000 0.08870000 0.07310000 -0.02880000 0.00100000 1.00000000 0.00300000
1992ag 50 0.02585000 0.00087000 0.02592000 0.00015000 0.02490000 0.00015000 15.51340000 0.34363300 34.76640000 0.34469200 -9.00000000 0 0 0.20097000 0.04828900 -0.67696200 0.10882000 16.13510000 0.06971010 0.00630916 0.00040508 -0.00030247 -0.00000046 -0.00001328 201.04100000 -23.87880000 -999 -999 -9.00000000 21.82690000 250 0.08385520 10.39180000 0.28089000 48808.00000000 0.25360000 27 241.69000000 0.00000000 0.11650000 0.07400000 -0.15200000 0.00500000 1.00000000 0.02600000
SN2017ms 150 0.02591000 0.00086000 0.02538000 0.00001000 0.02448000 0.00001000 15.86510000 0.19835100 35.11810000 0.20018100 -9.00000000 0 1 -0.12003300 0.03373300 0.43188000 0.23212000 15.54910000 0.03758110 0.01082290 0.00037462 -0.00017809 -0.00001909 -0.00000924 156.67600000 36.68050000 -999 -999 -9.00000000 -156.12100000 250 0.00854963 8.61119000 0.00200000 57782.30000000 0.36250000 4 21.50390000 0.00065038 0.09200000 0.07300000 0.06650000 0.00100000 1.00000000 0.00500000
PSNJ2352371 150 0.02596000 0.00085000 0.02525000 0.00001000 0.02648000 0.00001000 16.14840000 0.19866400 35.40140000 0.20049100 -9.00000000 0 0 -0.01353300 0.04016700 -2.03886000 0.13735000 16.43240000 0.05099780 0.00479758 0.00022535 -0.00000692 -0.00000452 -0.00000738 358.15500000 14.55250000 -999 -999 -9.00000000 -208.21600000 250 0.03550610 10.53890000 0.00500000 57284.00000000 0.46070000 10 24.98730000 0.00536969 0.09170000 0.07200000 -0.02730000 0.00100000 1.00000000 0.00400000
2005M 57 0.02598000 0.00086000 0.02584000 0.00005000 0.02484000 0.00005000 16.04010000 0.17750300 35.29310000 0.17954500 -9.00000000 0 1 -0.09207100 0.02654600 1.50783000 0.07206600 15.62270000 0.03306140 0.01011410 0.00030798 -0.00046396 0.00000178 -0.00000683 144.38500000 23.20070000 -999 -999 -9.00000000 -42.11760000 250 0.02682800 8.67964000 -9.00000000 53405.70000000 0.08230000 44 58.58780000 0.06948040 0.06150000 0.07280000 0.03730000 0.00400000 1.00000000 0.00600000
2005M 5 0.02598000 0.00086000 0.02584000 0.00005000 0.02484000 0.00005000 15.85510000 0.19639500 35.10810000 0.19824200 -9.00000000 0 1 -0.01611500 0.02092700 1.27672000 0.03070100 15.67890000 0.02658380 0.00960343 0.00023514 -0.00020098 0.00000139 -0.00000385 144.38500000 23.20070000 -999 -999 -9.00000000 -42.11760000 250 0.02682800 8.67964000 0.01000000 53406.80000000 0.03440000 155 200.21300000 0.00840804 0.04860000 0.07280000 0.00960000 0.00300000 1.00000000 0.01000000
2005M 64 0.02598000 0.00086000 0.02584000 0.00005000 0.02484000 0.00005000 15.58200000 0.34726600 34.83500000 0.34831400 -9.00000000 0 1 0.14443000 0.04436100 1.55227000 0.33156000 15.89730000 0.05585570 0.00785403 0.00040405 0.00186147 -0.00002450 -0.00001646 144.38500000 23.20070000 -999 -999 -9.00000000 -42.11760000 250 0.02682800 8.67964000 0.03400000 53404.30000000 0.77120000 1 10.93670000 0.00094278 0.09780000 0.07280000 0.04530000 0.01800000 1.00000000 0.04100000
SN2017mf 150 0.02598000 0.00086000 0.02618000 0.00001000 0.02561000 0.00001000 16.05810000 0.17667900 35.31110000 0.17873000 -9.00000000 0 1 -0.02729600 0.03347600 -0.15801800 0.14413000 16.02580000 0.03768970 0.00697691 0.00024219 0.00011409 -0.00000064 -0.00000676 214.12900000 39.58640000 -999 -999 -9.00000000 59.01140000 250 0.00942174 10.50800000 0.01300000 57779.10000000 0.36120000 7 16.02400000 0.02489800 0.07750000 0.07280000 -0.02360000 0.00100000 1.00000000 0.00300000
2005mc 5 0.02626000 0.00086000 0.02597000 0.00001000 0.02515000 0.00001000 16.03250000 0.28764400 35.28550000 0.28890900 -9.00000000 0 0 0.17486000 0.02624700 -1.91661000 0.05182700 16.76960000 0.04110790 0.00351693 0.00013316 -0.00007642 -0.00000108 -0.00000237 126.77600000 21.64600000 -999 -999 -9.00000000 -83.84180000 250 0.03751570 10.57770000 0.05000000 53731.70000000 0.24870000 60 122.72600000 0.00000331 0.06310000 0.07200000 -0.13880000 0.00300000 1.00000000 0.02400000
2005mc 64 0.02626000 0.00086000 0.02597000 0.00001000 0.02515000 0.00001000 16.08990000 0.32210200 35.34290000 0.32323100 -9.00000000 0 0 0.20780000 0.03052000 -2.67890000 0.12122000 17.00300000 0.04003690 0.00283659 0.00010460 -0.00011113 -0.00000069 -0.00000252 126.77600000 21.64600000 -999 -999 -9.00000000 -83.84180000 250 0.03751570 10.57770000 0.54300000 53733.80000000 0.15430000 30 47.43970000 0.02253130 0.07100000 0.07200000 -0.17710000 0.00700000 1.00000000 0.02600000
ASASSN-15uu 150 0.02632000 0.00086000 0.02579000 0.00001000 0.02678000 0.00001000 15.76930000 0.37136600 35.02230000 0.37234600 -9.00000000 0 0 0.16344000 0.03760000 0.96417000 0.18413000 16.29280000 0.05622130 0.00545626 0.00028253 -0.00062975 0.00000028 -0.00000827 25.98590000 17.06260000 -999 -999 -9.00000000 -153.68300000 250 0.05881130 9.70579000 0.00700000 57389.70000000 0.40040000 8 33.41750000 0.00005178 0.08830000 0.07190000 0.10790000 0.00500000 1.00000000 0.04500000
2005ms 64 0.02669000 0.00086000 0.02595000 0.00001000 0.02522000 0.00001000 16.05500000 0.17754600 35.30800000 0.17958700 -9.00000000 0 1 -0.05558400 0.02691400 0.43692000 0.07702600 15.89040000 0.03512190 0.00790395 0.00025568 -0.00009395 -0.00000181 -0.00000574 132.31000000 36.13000000 -999 -999 -9.00000000 -217.48500000 250 0.02917680 8.49436000 0.10200000 53744.20000000 0.06320000 26 34.91690000 0.11346000 0.05980000 0.07090000 0.01930000 0.00200000 1.00000000 0.00600000
1999gp 62 0.02691000 0.00086000 0.02603000 0.00003000 0.02675000 0.00003000 16.01580000 0.18137400 35.26880000 0.18337300 -9.00000000 0 1 0.01533700 0.02635100 1.66138000 0.03853200 15.80520000 0.04175550 0.00854906 0.00032878 -0.00025327 0.00000189 -0.00000663 37.91310000 39.38120000 -999 -999 -9.00000000 -258.62900000 250 0.04807340 10.97270000 0.28089000 51551.40000000 0.04170000 120 328.44600000 0.00000000 0.05810000 0.07030000 -0.06530000 0.00200000 1.00000000 0.00700000
1999gp 57 0.02691000 0.00086000 0.02603000 0.00003000 0.02675000 0.00003000 16.03620000 0.20410500 35.28920000 0.20588300 -9.00000000 0 1 -0.04633600 0.04214100 1.38983000 0.11167000 15.71470000 0.04453460 0.00929207 0.00038114 -0.00040759 0.00000016 -0.00001139 37.91310000 39.38120000 -999 -999 -9.00000000 -258.62900000 250 0.04807340 10.97270000 -9.00000000 51550.80000000 0.09370000 41 34.02330000 0.77165000 0.10660000 0.07030000 -0.02560000 0.00100000 1.00000000 0.00300000
ASASSN-15mf 150 0.02695000 0.00086000 0.02691000 0.00001000 0.02604000 0.00001000 15.86540000 0.17934800 35.11840000 0.18136900 -9.00000000 0 0 -0.02327100 0.03476800 -1.14563000 0.16636000 15.99040000 0.04426410 0.00720849 0.00029388 -0.00022201 0.00000296 -0.00000833 213.59500000 2.97550000 -999 -999 -9.00000000 -14.01060000 250 0.03177870 10.99130000 0.00100000 57212.50000000 0.39220000 10 19.91590000 0.04650710 0.08020000 0.07020000 -0.02450000 0.00000000 1.00000000 0.00400000
ASASSN-17at 150 0.02713000 0.00086000 0.02643000 0.00001000 0.02537000 0.00001000 15.99830000 0.18479800 35.25130000 0.18676000 -9.00000000 0 1 -0.02295000 0.03427400 -1.46792000 0.27096000 16.17180000 0.04071560 0.00609918 0.00022872 0.00015875 -0.00000319 -0.00000668 174.64000000 25.39710000 -999 -999 -9.00000000 -204.18800000 250 0.02369170 10.10220000 0.00000000 57776.80000000 0.41030000 6 15.95450000 0.02553500 0.08460000 0.06980000 -0.02450000 0.00000000 1.00000000 0.00400000
SNF20071021-000 57 0.02714000 0.00087000 0.02640000 0.00015000 0.02760000 0.00015000 16.06940000 0.21436400 35.32240000 0.21605700 -9.00000000 0 0 0.00231800 0.02832000 -0.78469600 0.08052300 16.25440000 0.04848280 0.00565247 0.00025241 -0.00016564 0.00000056 -0.00000555 3.74930000 16.33500000 -999 -999 -9.00000000 -215.71600000 250 0.05946720 7.00000000 -9.00000000 54408.00000000 0.09700000 43 61.82220000 0.03134030 0.06080000 0.07050000 0.00970000 0.00300000 1.00000000 0.01300000
2013fn 56 0.02730000 0.00086000 0.02724000 0.00005000 0.02823000 0.00005000 16.03620000 0.29768500 35.28920000 0.29890700 -9.00000000 0 1 -0.04987000 0.05929300 0.03796400 0.51229000 15.94740000 0.04739540 0.00749983 0.00032739 0.00341237 -0.00004157 -0.00001267 315.09900000 -14.49780000 -999 -999 -9.00000000 -18.05390000 250 0.03423910 7.26140000 0.03600000 56571.40000000 0.46940000 10 6.85133000 0.73940000 0.17000000 0.06930000 0.01860000 0.00200000 1.00000000 0.00700000
2002eb 57 0.02731000 0.00091000 0.02633000 0.00030000 0.02751000 0.00030000 16.01430000 0.17022900 35.26730000 0.17235700 -9.00000000 0 1 -0.07121000 0.02078300 0.78251000 0.03843500 15.75180000 0.04008980 0.00898012 0.00033158 -0.00007622 0.00000034 -0.00000526 334.77200000 24.59440000 -999 -999 -9.00000000 -284.34700000 250 0.05206820 7.00000000 -9.00000000 52494.70000000 0.03730000 95 141.21200000 0.00148106 0.04350000 0.07330000 0.02070000 0.00200000 1.00000000 0.00600000
2007co 57 0.02731000 0.00086000 0.02655000 0.00011000 0.02696000 0.00011000 16.09070000 0.22920400 35.34370000 0.23078900 -9.00000000 0 1 0.02197600 0.03057200 -0.06586200 0.05570800 16.23340000 0.06895430 0.00576286 0.00036599 -0.00018337 0.00000138 -0.00000896 275.76500000 29.89710000 -999 -999 -9.00000000 -221.82300000 250 0.09734340 9.81719000 -9.00000000 54265.20000000 0.05900000 62 50.02140000 0.86282000 0.05850000 0.06930000 0.01260000 0.00300000 1.00000000 0.01600000
2007co 56 0.02731000 0.00086000 0.02655000 0.00011000 0.02696000 0.00011000 15.85880000 0.34553800 35.11180000 0.34659100 -9.00000000 0 1 0.06669400 0.05899100 -0.69751100 0.37661000 16.23230000 0.07625420 0.00576863 0.00040515 0.00200815 -0.00001889 -0.00001518 275.76500000 29.89710000 -999 -999 -9.00000000 -221.82300000 250 0.09734340 9.81719000 0.00800000 54265.40000000 0.41640000 16 3.08261000 0.99980000 0.15400000 0.06930000 0.01200000 0.00700000 1.00000000 0.02700000
2007co 64 0.02731000 0.00086000 0.02655000 0.00011000 0.02696000 0.00011000 15.97400000 0.26024800 35.22700000 0.26164500 -9.00000000 0 1 0.05476600 0.03072500 -0.21005100 0.06215100 16.23740000 0.06930920 0.00574181 0.00036654 -0.00005962 0.00000045 -0.00000887 275.76500000 29.89710000 -999 -999 -9.00000000 -221.82300000 250 0.09734340 9.81719000 3.81800000 54265.10000000 0.05840000 74 74.84270000 0.45074000 0.05980000 0.06930000 0.01060000 0.00500000 1.00000000 0.02400000
1992P 50 0.02736000 0.00086000 0.02643000 0.00001000 0.02531000 0.00001000 16.06000000 0.21847500 35.31300000 0.22013700 -9.00000000 0 1 -0.10439700 0.04282600 0.15615000 0.27557000 15.79530000 0.03587960 0.00862712 0.00028510 -0.00095540 0.00000124 -0.00000961 190.70400000 10.36010000 -999 -999 -9.00000000 -272.65300000 250 0.01751780 10.17440000 -9.00000000 48719.80000000 0.38100000 12 16.28440000 0.17855000 0.11760000 0.06920000 0.02880000 0.00100000 1.00000000 0.00300000
2007su 65 0.02740000 0.00086000 0.02660000 0.00001000 0.02783000 0.00001000 16.05120000 0.35181800 35.30420000 0.35285200 -9.00000000 0 0 0.17494000 0.03640400 0.24547000 0.35091000 16.65500000 0.06822780 0.00390856 0.00024561 0.00197896 0.00000089 -0.00000712 334.78700000 13.17790000 -999 -999 -9.00000000 -231.91900000 250 0.07158450 8.47416000 0.08100000 54460.60000000 0.64260000 10 3.22716000 0.97556000 0.07680000 0.06910000 0.04660000 0.01400000 1.00000000 0.04600000
ASASSN-15fa 150 0.02741000 0.00086000 0.02721000 0.00001000 0.02734000 0.00001000 16.27060000 0.22371300 35.52360000 0.22533700 -9.00000000 0 0 0.05389200 0.03402500 0.83709000 0.22502000 16.30630000 0.04255710 0.00538880 0.00021122 -0.00048608 0.00000562 -0.00000601 257.44200000 62.97430000 -999 -999 -9.00000000 -57.82540000 250 0.02359970 10.69150000 0.00100000 57102.00000000 0.45940000 8 4.27584000 0.89234000 0.08130000 0.06910000 -0.05990000 0.00100000 1.00000000 0.01200000
2005na 5 0.02748000 0.00086000 0.02717000 0.00008000 0.02665000 0.00008000 15.86000000 0.17060100 35.11300000 0.17272400 -9.00000000 0 1 -0.13021600 0.02407700 -0.43565200 0.03074800 15.64860000 0.04748740 0.00987564 0.00043194 -0.00015282 0.00000160 -0.00000727 105.40300000 14.13330000 -999 -999 -9.00000000 -88.88170000 250 0.06681440 8.83614000 0.04000000 53741.20000000 0.05750000 76 298.49000000 0.00000000 0.05440000 0.06890000 0.07460000 0.00300000 1.00000000 0.00500000
2005na 64 0.02748000 0.00086000 0.02717000 0.00008000 0.02665000 0.00008000 15.90080000 0.18489500 35.15380000 0.18685600 -9.00000000 0 1 -0.07339700 0.03158500 -0.36152600 0.09797700 15.80670000 0.05827850 0.00853714 0.00045824 -0.00002346 -0.00000170 -0.00001026 105.40300000 14.13330000 -999 -999 -9.00000000 -88.88170000 250 0.06681440 8.83614000 3.00000000 53741.30000000 0.43520000 27 34.90500000 0.14129000 0.07180000 0.06890000 0.02710000 0.00200000 1.00000000 0.00600000
2005na 57 0.02748000 0.00086000 0.02717000 0.00008000 0.02665000 0.00008000 15.85870000 0.16814100 35.11170000 0.17029500 -9.00000000 0 1 -0.08757200 0.02451500 -0.31997900 0.08243700 15.72870000 0.05048520 0.00917286 0.00042653 -0.00007214 -0.00000008 -0.00000784 105.40300000 14.13330000 -999 -999 -9.00000000 -88.88170000 250 0.06681440 8.83614000 -9.00000000 53741.30000000 0.21700000 42 65.44330000 0.01177490 0.05270000 0.06890000 0.04120000 0.00200000 1.00000000 0.00600000
ASASSN-16av 150 0.02773000 0.00086000 0.02676000 0.00007000 0.02567000 0.00007000 16.09370000 0.28861500 35.34670000 0.28987500 -9.00000000 0 0 0.16057000 0.03686900 0.78114000 0.21354000 16.43800000 0.04630550 0.00477325 0.00020357 -0.00082366 0.00000054 -0.00000622 177.86800000 22.02610000 -999 -999 -9.00000000 -284.49800000 250 0.02360450 10.91060000 0.00100000 57409.60000000 0.40940000 6 19.85500000 0.00293881 0.09000000 0.06830000 -0.08940000 0.00200000 1.00000000 0.02400000
2006gj 5 0.02803000 0.00086000 0.02770000 0.00010000 0.02830000 0.00010000 16.47280000 0.32056400 35.72580000 0.32169900 -9.00000000 0 0 0.23987000 0.02715600 -2.10847000 0.07743700 17.37730000 0.05268570 0.00200956 0.00009751 -0.00026705 0.00000017 -0.00000195 49.39920000 -1.69170000 -999 -999 -9.00000000 -95.74910000 250 0.07245820 10.90960000 0.16000000 54000.30000000 0.12540000 34 40.11710000 0.21732000 0.06040000 0.06750000 -0.20070000 0.00600000 1.00000000 0.02600000
2010ii 51 0.02805000 0.00086000 0.02704000 0.00005000 0.02814000 0.00005000 15.87760000 0.18278700 35.13060000 0.18477100 -9.00000000 0 1 -0.10648600 0.03129900 -1.63665000 0.18002000 15.90350000 0.05661890 0.00780882 0.00040721 0.00024814 -0.00000224 -0.00000965 339.55500000 35.49170000 -999 -999 -9.00000000 -294.38200000 250 0.07467510 7.97988000 0.00200000 55481.10000000 0.12470000 21 6.78703000 0.99852000 0.06970000 0.06750000 0.06140000 0.00400000 1.00000000 0.00500000
2006ev 5 0.02810000 0.00086000 0.02759000 0.00001000 0.02873000 0.00001000 16.42090000 0.21466200 35.67390000 0.21635300 -9.00000000 0 0 0.06561900 0.02769100 -1.33707000 0.07462200 16.79450000 0.05846290 0.00343724 0.00018508 -0.00028745 0.00000234 -0.00000390 322.74700000 13.98920000 -999 -999 -9.00000000 -149.12300000 250 0.07746230 11.30170000 0.12000000 53990.00000000 0.25470000 32 10.35000000 0.99990000 0.05750000 0.06740000 -0.07900000 0.00200000 1.00000000 0.01300000
PSNJ0252467 150 0.02816000 0.00086000 0.02748000 0.00003000 0.02809000 0.00003000 16.10830000 0.18870600 35.36130000 0.19062800 -9.00000000 0 1 -0.09856600 0.04401500 -0.24210200 0.14107000 15.94300000 0.11390000 0.00753016 0.00078994 -0.00020216 0.00000166 -0.00002824 43.19460000 46.94640000 -999 -999 -9.00000000 -197.78000000 250 0.17000000 7.00000000 0.08300000 57289.70000000 0.26510000 10 51.45880000 0.00000014 0.08280000 0.06720000 0.05140000 0.00100000 1.00000000 0.00500000
2009aa 5 0.02819000 0.00088000 0.02827000 0.00018000 0.02705000 0.00018000 16.06440000 0.17130100 35.31740000 0.17341500 -9.00000000 0 1 -0.08013100 0.02185500 -0.77604900 0.02763500 16.01790000 0.02815240 0.00702800 0.00018223 -0.00014077 0.00000062 -0.00000298 170.92600000 -22.27070000 -999 -999 -9.00000000 25.31720000 250 0.02920820 9.29935000 0.02000000 54879.00000000 0.02800000 72 51.43990000 0.96809000 0.05130000 0.06870000 0.03440000 0.00300000 1.00000000 0.00600000
2011hb 56 0.02820000 0.00089000 0.02775000 0.00022000 0.02901000 0.00022000 16.03440000 0.29168700 35.28740000 0.29293400 -9.00000000 0 1 0.03330600 0.06228100 0.14953000 0.35962000 16.09470000 0.05970090 0.00654842 0.00036008 0.00635645 -0.00006465 -0.00001478 351.98100000 8.77940000 -999 -999 -9.00000000 -131.72200000 250 0.05108060 11.03100000 0.00400000 55872.30000000 0.21530000 13 2.92459000 0.99819000 0.16030000 0.06950000 -0.07310000 0.00100000 1.00000000 0.00900000
2005eq 57 0.02823000 0.00086000 0.02831000 0.00001000 0.02893000 0.00001000 16.25310000 0.16084200 35.50610000 0.16309300 -9.00000000 0 1 -0.01008400 0.02520100 1.50904000 0.08902800 16.00040000 0.04819140 0.00714215 0.00031701 -0.00013682 -0.00000031 -0.00000623 47.20550000 -7.03320000 -999 -999 -9.00000000 23.07880000 250 0.06362720 10.36970000 -9.00000000 53654.70000000 0.09750000 55 34.35170000 0.98689000 0.05340000 0.06710000 -0.05130000 0.00100000 1.00000000 0.00500000
2005eq 5 0.02823000 0.00086000 0.02831000 0.00001000 0.02893000 0.00001000 16.30330000 0.15792600 35.55630000 0.16021800 -9.00000000 0 1 -0.01812600 0.02438000 1.43934000 0.05420900 16.03930000 0.04643540 0.00689109 0.00029472 -0.00036301 0.00000279 -0.00000537 47.20550000 -7.03320000 -999 -999 -9.00000000 23.07880000 250 0.06362720 10.36970000 0.14000000 53655.30000000 0.10030000 68 62.28700000 0.67246000 0.05370000 0.06710000 -0.04800000 0.00100000 1.00000000 0.00400000
2005eq 64 0.02823000 0.00086000 0.02831000 0.00001000 0.02893000 0.00001000 16.30500000 0.15870500 35.55800000 0.16098500 -9.00000000 0 1 -0.02214500 0.02876900 1.30814000 0.07622900 16.05100000 0.05031670 0.00681705 0.00031593 -0.00045290 0.00000156 -0.00000748 47.20550000 -7.03320000 -999 -999 -9.00000000 23.07880000 250 0.06362720 10.36970000 0.47800000 53654.80000000 0.08940000 66 61.79640000 0.62383000 0.05950000 0.06710000 -0.04490000 0.00100000 1.00000000 0.00400000
2003U 63 0.02833000 0.00086000 0.02794000 0.00000000 0.02810000 0.00000000 16.01350000 0.17548000 35.26650000 0.17754500 -9.00000000 0 0 -0.04143500 0.03358600 -2.12399000 0.32173000 16.23420000 0.04112350 0.00575865 0.00021812 0.00300444 -0.00003044 -0.00000617 260.69000000 62.16400000 -999 -999 -9.00000000 -113.64100000 250 0.02548850 10.29250000 0.04100000 52677.50000000 0.14310000 7 3.52240000 0.83285000 0.08060000 0.06680000 -0.01690000 0.00100000 1.00000000 0.00400000
2009ad 65 0.02844000 0.00086000 0.02834000 0.00000000 0.02840000 0.00000000 16.11900000 0.15801100 35.37200000 0.16030100 -9.00000000 0 1 -0.08227000 0.03135200 0.14801000 0.07500700 15.90270000 0.06859600 0.00781468 0.00049373 -0.00010399 -0.00000019 -0.00001232 75.88910000 6.65990000 -999 -999 -9.00000000 -30.49270000 250 0.09604930 10.48710000 3.50000000 54886.50000000 0.12140000 48 23.62570000 0.99880000 0.06120000 0.06660000 0.00760000 0.00100000 1.00000000 0.00300000
2009ad 5 0.02844000 0.00086000 0.02834000 0.00000000 0.02840000 0.00000000 16.08910000 0.15418000 35.34210000 0.15652700 -9.00000000 0 1 -0.06941800 0.02650000 0.17670000 0.03249700 15.89320000 0.06484090 0.00788368 0.00047082 -0.00022942 0.00000293 -0.00000960 75.88910000 6.65990000 -999 -999 -9.00000000 -30.49270000 250 0.09604930 10.48710000 0.04000000 54887.10000000 0.03340000 44 63.56440000 0.02826890 0.05350000 0.06660000 -0.00760000 0.00100000 1.00000000 0.00300000
2002el 57 0.02849000 0.00087000 0.02778000 0.00015000 0.02873000 0.00015000 15.85190000 0.17971700 35.10490000 0.18173400 -9.00000000 0 0 -0.07677200 0.02658000 -1.27001000 0.07898000 15.89320000 0.05521850 0.00788371 0.00040095 0.00017780 -0.00000307 -0.00000833 314.12500000 -18.55950000 -999 -999 -9.00000000 -207.47500000 250 0.07453430 7.00000000 -9.00000000 52508.60000000 0.05120000 62 41.76020000 0.97740000 0.05300000 0.06720000 0.03890000 0.00400000 1.00000000 0.00600000
2008ar 57 0.02849000 0.00086000 0.02732000 0.00001000 0.02617000 0.00001000 16.18380000 0.17828900 35.43680000 0.18032200 -9.00000000 0 1 -0.09200200 0.02813900 0.19622000 0.08628800 15.96490000 0.03567220 0.00737955 0.00024246 -0.00001320 -0.00000262 -0.00000560 186.15800000 10.83820000 -999 -999 -9.00000000 -342.80100000 250 0.03165670 9.98914000 -9.00000000 54535.10000000 0.07350000 38 52.69280000 0.05690340 0.06360000 0.06650000 0.04220000 0.00200000 1.00000000 0.00600000
2008ar 5 0.02849000 0.00086000 0.02732000 0.00001000 0.02617000 0.00001000 16.03830000 0.17618600 35.29130000 0.17824300 -9.00000000 0 1 -0.06550900 0.02278800 -0.13941400 0.03739400 15.93020000 0.03015810 0.00761907 0.00021163 -0.00010808 -0.00000008 -0.00000355 186.15800000 10.83820000 -999 -999 -9.00000000 -342.80100000 250 0.03165670 9.98914000 0.05000000 54535.40000000 0.04440000 56 69.59150000 0.10477000 0.05370000 0.06650000 0.02160000 0.00200000 1.00000000 0.00600000
2008ar 65 0.02849000 0.00086000 0.02732000 0.00001000 0.02617000 0.00001000 16.10600000 0.17820900 35.35900000 0.18024300 -9.00000000 0 1 -0.07090400 0.02704300 -0.00383400 0.07052900 15.96330000 0.03545610 0.00739088 0.00024136 -0.00011321 -0.00000039 -0.00000536 186.15800000 10.83820000 -999 -999 -9.00000000 -342.80100000 250 0.03165670 9.98914000 0.05200000 54534.70000000 0.07190000 40 28.46490000 0.91360000 0.06010000 0.06650000 0.02350000 0.00200000 1.00000000 0.00600000
AT2017ns 150 0.02849000 0.00094000 0.02802000 0.00040000 0.02877000 0.00040000 15.94330000 0.36560900 35.19630000 0.36660400 -9.00000000 0 0 0.22650000 0.04286700 -0.96639900 0.26699000 16.84260000 0.07524930 0.00328825 0.00022790 0.00235193 -0.00001253 -0.00000753 42.29320000 14.60080000 -999 -999 -9.00000000 -138.08400000 250 0.09366890 9.90071000 0.00700000 57784.20000000 0.24810000 5 10.45430000 0.06333940 0.09210000 0.07270000 0.00390000 0.01800000 1.00000000 0.04900000
2004gs 5 0.02857000 0.00086000 0.02829000 0.00001000 0.02740000 0.00001000 16.34660000 0.23345300 35.59960000 0.23500900 -9.00000000 0 0 0.09910500 0.02283100 -1.88149000 0.03195700 16.88190000 0.02773360 0.00317121 0.00008100 -0.00017708 0.00000031 -0.00000144 129.59700000 17.62770000 -999 -999 -9.00000000 -79.75060000 250 0.02647720 10.73010000 0.01000000 53356.50000000 0.06200000 103 240.11500000 0.00000000 0.05340000 0.06630000 -0.10110000 0.00200000 1.00000000 0.01700000
SN2017ckx 150 0.02858000 0.00086000 0.02779000 0.00000000 0.02716000 0.00000000 16.40660000 0.24992800 35.65960000 0.25138300 -9.00000000 0 0 -0.03227300 0.03945200 1.97167000 0.55096000 16.03690000 0.05042370 0.00690624 0.00032074 -0.00366412 -0.00007189 -0.00000887 117.04500000 28.23070000 -999 -999 -9.00000000 -229.76800000 250 0.02941140 10.21370000 0.00100000 57846.20000000 0.93460000 5 6.76283000 0.23889000 0.14860000 0.06630000 -0.03140000 0.00100000 1.00000000 0.00300000
2007is 65 0.02866000 0.00086000 0.02953000 0.00001000 0.02953000 0.00001000 16.09190000 0.20964700 35.34490000 0.21137800 -9.00000000 0 1 0.00458600 0.03198700 -0.44079800 0.18389000 16.16850000 0.04020550 0.00611796 0.00022655 -0.00154360 0.00001054 -0.00000609 251.81100000 40.24360000 -999 -999 -9.00000000 253.01500000 250 0.01748340 10.78870000 0.06700000 54366.70000000 0.58510000 13 15.00800000 0.30685000 0.07940000 0.06610000 -0.05500000 0.00100000 1.00000000 0.00600000
2013bs 51 0.02866000 0.00087000 0.02859000 0.00012000 0.02871000 0.00012000 16.15750000 0.20009700 35.41050000 0.20191100 -9.00000000 0 0 -0.01412200 0.02998700 -1.53613000 0.08899300 16.35520000 0.03808030 0.00515118 0.00018067 -0.00047576 0.00000028 -0.00000468 259.34200000 41.06670000 -999 -999 -9.00000000 -21.35490000 250 0.02457040 10.80220000 0.00200000 56406.40000000 0.21830000 30 47.18010000 0.02389440 0.06740000 0.06680000 -0.03760000 0.00100000 1.00000000 0.00500000
1998ab 62 0.02873000 0.00086000 0.02806000 0.00001000 0.02731000 0.00001000 15.69570000 0.22614300 34.94870000 0.22774900 -9.00000000 0 1 0.08478000 0.02720900 0.22754000 0.07431200 15.87870000 0.03281330 0.00798930 0.00024145 0.00024851 -0.00000468 -0.00000547 192.19700000 41.92450000 -999 -999 -9.00000000 -194.19600000 250 0.01457750 10.35270000 0.18000000 50914.70000000 0.05900000 25 147.84100000 0.00000000 0.06030000 0.06590000 -0.09800000 0.00200000 1.00000000 0.01500000
1993ah 50 0.02888000 0.00088000 0.02828000 0.00021000 0.02930000 0.00021000 16.02330000 0.65456000 35.27630000 0.65511700 -9.00000000 0 0 0.10992000 0.11974000 -2.20166000 0.82871000 16.63110000 0.26628000 0.00399548 0.00097990 -0.03189230 0.00025398 -0.00003358 357.95900000 -27.96180000 -999 -999 -9.00000000 -175.05800000 250 0.01779030 10.52450000 -9.00000000 49309.90000000 2.74400000 6 5.88609000 0.55311000 0.41860000 0.06710000 -0.10930000 0.00300000 1.00000000 0.01800000
2006qo 64 0.02898000 0.00086000 0.02871000 0.00008000 0.02837000 0.00008000 16.22490000 0.27404900 35.47790000 0.27537600 -9.00000000 0 0 0.16289000 0.02766100 0.38443000 0.05983800 16.58150000 0.03749230 0.00418230 0.00014442 -0.00009775 -0.00000055 -0.00000324 120.03500000 56.36880000 -999 -999 -9.00000000 -77.26100000 250 0.03393770 11.17920000 0.02900000 54083.00000000 0.06650000 45 60.12430000 0.06518000 0.06110000 0.06540000 -0.14280000 0.00300000 1.00000000 0.02300000
ASASSN-15la 150 0.02902000 0.00086000 0.02845000 0.00001000 0.02782000 0.00001000 15.80280000 0.21699000 35.05580000 0.21866300 -9.00000000 0 1 0.05316600 0.03402900 -1.01539000 0.22257000 16.10900000 0.03974990 0.00646223 0.00023659 0.00100247 -0.00000797 -0.00000698 213.21300000 35.71120000 -999 -999 -9.00000000 -166.73400000 250 0.01626000 10.59890000 0.12500000 57190.00000000 0.24560000 9 28.81260000 0.00069692 0.07720000 0.06530000 -0.06040000 0.00100000 1.00000000 0.01100000
1996C 61 0.02913000 0.00086000 0.02875000 0.00002000 0.02823000 0.00002000 16.26220000 0.24936200 35.51520000 0.25081900 -9.00000000 0 1 0.04251400 0.02933200 0.66261000 0.13046000 16.36110000 0.03521730 0.00512359 0.00016619 -0.00060573 0.00000384 -0.00000397 207.70200000 49.31860000 -999 -999 -9.00000000 -112.45500000 250 0.01207670 9.36646000 0.19000000 50129.60000000 0.34950000 36 42.12300000 0.22305000 0.07040000 0.06500000 0.01280000 0.00400000 1.00000000 0.02000000
PS16cvc 150 0.02915000 0.00086000 0.02844000 0.00009000 0.02954000 0.00009000 16.44180000 0.18134600 35.69480000 0.18334500 -9.00000000 0 1 -0.09911600 0.03632400 1.16607000 0.13242000 16.06290000 0.06736960 0.00674300 0.00041840 -0.00099874 0.00000437 -0.00001195 318.09700000 14.77930000 -999 -999 -9.00000000 -206.27300000 250 0.08237550 7.95752000 0.25800000 57564.50000000 0.34660000 23 83.27240000 0.00000001 0.07960000 0.06500000 0.04720000 0.00100000 1.00000000 0.00500000
ASASSN-15fs 150 0.02917000 0.00086000 0.02850000 0.00005000 0.02902000 0.00005000 15.98610000 0.18385100 35.23910000 0.18582300 -9.00000000 0 1 0.00679800 0.03478300 -0.02170300 0.13116000 16.01720000 0.06205710 0.00703289 0.00040198 0.00017245 -0.00000173 -0.00001099 284.67000000 43.46890000 -999 -999 -9.00000000 -196.21500000 250 0.07746640 10.05170000 0.00100000 57113.40000000 0.20920000 11 34.72340000 0.00027521 0.07230000 0.06490000 -0.04560000 0.00100000 1.00000000 0.00600000
2003ch 63 0.02919000 0.00087000 0.02895000 0.00012000 0.02833000 0.00012000 16.34940000 0.16782900 35.60240000 0.16998700 -9.00000000 0 0 -0.03330700 0.02998400 -1.30843000 0.15207000 16.46890000 0.04963240 0.00463920 0.00021207 -0.00055027 0.00000284 -0.00000494 109.49100000 9.69300000 -999 -999 -9.00000000 -71.22970000 250 0.06035140 11.27010000 3.79400000 52726.20000000 0.23270000 13 26.68470000 0.01373740 0.06870000 0.06570000 -0.02300000 0.00100000 1.00000000 0.00400000
ASASSN-16ay 150 0.02938000 0.00086000 0.02895000 0.00001000 0.02835000 0.00001000 16.36920000 0.29874800 35.62220000 0.29996600 -9.00000000 0 0 0.20461000 0.03650200 0.97889000 0.17432000 16.78390000 0.05863290 0.00347084 0.00018744 -0.00082574 0.00000370 -0.00000538 108.05900000 7.23950000 -999 -999 -9.00000000 -124.57800000 250 0.05920700 10.33410000 0.00100000 57416.70000000 0.57440000 8 10.73230000 0.21734000 0.08270000 0.06450000 -0.12600000 0.00400000 1.00000000 0.02700000
PSNJ0859349 150 0.02938000 0.00086000 0.02874000 0.00001000 0.02812000 0.00001000 16.21900000 0.22413400 35.47200000 0.22575500 -9.00000000 0 1 0.06427200 0.03346700 -0.88688000 0.13659000 16.53660000 0.03986450 0.00435888 0.00016004 0.00020888 -0.00000210 -0.00000452 134.89500000 45.92590000 -999 -999 -9.00000000 -185.72000000 250 0.02084910 10.21770000 0.01000000 57099.40000000 0.23340000 8 18.84880000 0.01568930 0.07550000 0.06450000 -0.06440000 0.00100000 1.00000000 0.01300000
ASASSN-16fs 150 0.02944000 0.00086000 0.02990000 0.00001000 0.02920000 0.00001000 16.02310000 0.17888900 35.27610000 0.18091500 -9.00000000 0 0 -0.02614800 0.03707100 -1.34003000 0.13534000 16.16750000 0.04835750 0.00612322 0.00027272 -0.00033438 0.00000115 -0.00000802 221.77700000 11.59490000 -999 -999 -9.00000000 135.19000000 250 0.02785960 11.21630000 0.00200000 57542.30000000 0.40840000 9 15.00390000 0.09082930 0.08560000 0.06440000 -0.02480000 0.00000000 1.00000000 0.00300000
LSQ12gdj 56 0.02947000 0.00086000 0.02886000 0.00010000 0.02991000 0.00010000 15.84090000 0.27135400 35.09390000 0.27269400 -9.00000000 0 1 -0.00781500 0.05150500 1.27062000 0.23744000 15.69210000 0.04281620 0.00948811 0.00037416 0.00185701 -0.00003863 -0.00001400 358.68100000 -25.67610000 -999 -999 -9.00000000 -175.71500000 250 0.02012360 8.87386000 0.08300000 56254.20000000 0.18640000 24 14.02320000 0.94612000 0.13470000 0.06430000 0.01040000 0.00400000 1.00000000 0.01100000
2000cw 57 0.02949000 0.00086000 0.02896000 0.00001000 0.03013000 0.00001000 16.35490000 0.22260200 35.60790000 0.22423300 -9.00000000 0 1 -0.03488200 0.04422000 -0.84140100 0.11901000 16.43580000 0.05191310 0.00478267 0.00022868 -0.00048392 -0.00000017 -0.00000705 356.85500000 28.38770000 -999 -999 -9.00000000 -153.64400000 250 0.06193870 7.00000000 -9.00000000 51748.70000000 0.10140000 36 18.81560000 0.99185000 0.11070000 0.06420000 0.01230000 0.00300000 1.00000000 0.00700000
2002de 57 0.02950000 0.00086000 0.03050000 0.00001000 0.03034000 0.00001000 16.11080000 0.28245500 35.36380000 0.28374200 -9.00000000 0 1 0.08642500 0.01852900 0.32358000 0.06621900 16.40920000 0.02286160 0.00490147 0.00010321 -0.00003525 -0.00000004 -0.00000160 244.12700000 35.70840000 -999 -999 -9.00000000 289.98200000 250 0.01673800 9.07466000 -9.00000000 52434.00000000 0.07080000 68 110.71900000 0.00082140 0.04180000 0.06420000 0.02650000 0.00700000 1.00000000 0.03000000
ASASSN-16aj 150 0.02953000 0.00086000 0.03053000 0.00008000 0.03075000 0.00008000 16.21240000 0.17580500 35.46540000 0.17786600 -9.00000000 0 0 -0.02043600 0.03705000 -1.76764000 0.15936000 16.43130000 0.04966990 0.00480276 0.00021971 -0.00002810 0.00000080 -0.00000726 65.45090000 -15.75540000 -999 -999 -9.00000000 289.93000000 250 0.02817440 10.93230000 0.00600000 57401.90000000 0.42780000 18 9.01890000 0.95930000 0.07730000 0.06420000 -0.03110000 0.00100000 1.00000000 0.00400000
ASASSN-16br 150 0.02956000 0.00087000 0.02900000 0.00015000 0.02852000 0.00015000 16.25340000 0.18897600 35.50640000 0.19089500 -9.00000000 0 0 -0.05609400 0.04024800 0.82071000 0.10738000 16.03200000 0.09612280 0.00693772 0.00061421 -0.00070688 0.00000295 -0.00002000 236.37600000 -13.15280000 -999 -999 -9.00000000 -162.17500000 250 0.13795000 9.61790000 0.00200000 57439.70000000 0.13170000 14 15.99910000 0.31343000 0.07830000 0.06480000 0.02070000 0.00100000 1.00000000 0.00600000
AT2017zd 150 0.02969000 0.00087000 0.03048000 0.00015000 0.02947000 0.00015000 16.02510000 0.19223500 35.27810000 0.19412200 -9.00000000 0 0 -0.05601500 0.03570800 0.19005000 0.12127000 15.89940000 0.06061620 0.00783846 0.00043762 -0.00019165 -0.00000489 -0.00001209 203.17600000 -21.80110000 -999 -999 -9.00000000 230.52400000 250 0.07275050 9.91749000 0.00100000 57793.10000000 0.12220000 9 23.24000000 0.00567924 0.07880000 0.06460000 0.02320000 0.00100000 1.00000000 0.00600000
ASASSN-16hh 18 0.02978000 0.00086000 0.02935000 0.00009000 0.03026000 0.00009000 16.24850000 0.18844500 35.50150000 0.19036900 -9.00000000 0 1 -0.08734400 0.04054100 0.84206000 0.40743000 15.94080000 0.08423870 0.00754542 0.00058542 0.00693856 -0.00008612 -0.00001934 31.15590000 21.58610000 -999 -999 -9.00000000 -126.59100000 250 0.10965000 7.00000000 -9.00000000 57592.20000000 0.25210000 26 15.06040000 0.95622000 0.08090000 0.06360000 0.03420000 0.00200000 1.00000000 0.00600000
ATLAS17ajn 150 0.02978000 0.00086000 0.02988000 0.00003000 0.02871000 0.00003000 16.25860000 0.18886800 35.51160000 0.19078800 -9.00000000 0 0 -0.11524400 0.04413200 -2.02735000 0.12978000 16.29930000 0.07889180 0.00542373 0.00039410 0.00012793 -0.00001303 -0.00001297 176.11100000 -28.45740000 -999 -999 -9.00000000 28.50900000 250 0.06464910 10.64650000 0.01300000 57776.60000000 0.58860000 10 18.85090000 0.06382280 0.09910000 0.06360000 0.04550000 0.00100000 1.00000000 0.00200000
Gaia16bba 150 0.02990000 0.00086000 0.02934000 0.00009000 0.03046000 0.00009000 16.18240000 0.18335800 35.43540000 0.18533500 -9.00000000 0 1 -0.06203500 0.03643200 0.00750200 0.12781000 16.06660000 0.05441010 0.00671964 0.00033675 -0.00098531 0.00000743 -0.00001040 15.39800000 17.10130000 -999 -999 -9.00000000 -161.21600000 250 0.04000560 7.97207000 0.02300000 57627.10000000 0.52740000 8 13.23620000 0.15221000 0.07850000 0.06340000 0.02480000 0.00100000 1.00000000 0.00600000
1997dg 62 0.02996000 0.00086000 0.02962000 0.00005000 0.03081000 0.00005000 16.60800000 0.19062000 35.86100000 0.19252200 -9.00000000 0 0 -0.02781500 0.03054600 -0.31615600 0.17535000 16.62950000 0.05336600 0.00400137 0.00019667 -0.00022164 0.00000217 -0.00000454 355.05900000 26.20330000 -999 -999 -9.00000000 -99.21020000 250 0.06515760 8.80558000 0.31000000 50720.80000000 0.28230000 14 17.69150000 0.22119000 0.06970000 0.06330000 0.00840000 0.00300000 1.00000000 0.00800000
2004ef 57 0.03012000 0.00086000 0.02978000 0.00002000 0.03101000 0.00002000 16.26650000 0.19422000 35.51950000 0.19608800 -9.00000000 0 1 0.03878100 0.02828500 -1.24846000 0.12743000 16.55490000 0.04494770 0.00428583 0.00017743 -0.00034149 0.00000303 -0.00000388 340.54200000 19.99460000 -999 -999 -9.00000000 -99.55440000 250 0.04722820 10.32550000 -9.00000000 53263.80000000 0.31140000 38 36.08040000 0.55848000 0.06350000 0.06290000 -0.06810000 0.00200000 1.00000000 0.00900000
2004ef 5 0.03012000 0.00086000 0.02978000 0.00002000 0.03101000 0.00002000 16.23080000 0.19745900 35.48380000 0.19929600 -9.00000000 0 1 0.05206800 0.02224400 -1.42181000 0.02289500 16.57960000 0.03658770 0.00418943 0.00014118 -0.00012493 0.00000045 -0.00000224 340.54200000 19.99460000 -999 -999 -9.00000000 -99.55440000 250 0.04722820 10.32550000 0.02000000 53264.70000000 0.02570000 164 176.10200000 0.24540000 0.05080000 0.06290000 -0.07440000 0.00100000 1.00000000 0.01100000
2004ef 64 0.03012000 0.00086000 0.02978000 0.00002000 0.03101000 0.00002000 16.22310000 0.23192200 35.47610000 0.23348800 -9.00000000 0 1 0.07102900 0.03439000 -1.65809000 0.18889000 16.65600000 0.04656800 0.00390486 0.00016748 -0.00005703 -0.00000534 -0.00000439 340.54200000 19.99460000 -999 -999 -9.00000000 -99.55440000 250 0.04722820 10.32550000 0.04900000 53264.70000000 0.48200000 10 4.45977000 0.92423000 0.08480000 0.06290000 -0.08380000 0.00200000 1.00000000 0.01400000
ASASSN-15nq 150 0.03023000 0.00086000 0.03025000 0.00001000 0.03036000 0.00001000 16.26550000 0.16380200 35.51850000 0.16601200 -9.00000000 0 0 -0.09045900 0.03361700 -0.33672900 0.13348000 16.11140000 0.04548190 0.00644840 0.00027013 0.00037233 -0.00000712 -0.00000749 259.33000000 33.46210000 -999 -999 -9.00000000 4.04240000 250 0.03986630 10.68260000 0.01300000 57247.60000000 0.14820000 8 20.11690000 0.00990280 0.07400000 0.06270000 0.02350000 0.00100000 1.00000000 0.00200000
AT2017lm 150 0.03031000 0.00086000 0.03002000 0.00006000 0.03064000 0.00006000 16.30120000 0.21458100 35.55420000 0.21627300 -9.00000000 0 1 -0.01633300 0.03608200 1.07786000 0.31691000 16.15770000 0.05379330 0.00617899 0.00030614 0.00065026 -0.00000799 -0.00000867 45.38490000 -15.01600000 -999 -999 -9.00000000 -83.30330000 250 0.05875750 9.52589000 0.01300000 57778.80000000 0.45140000 4 4.15494000 0.38544000 0.08910000 0.06250000 0.01360000 0.00100000 1.00000000 0.01000000
ASASSN-16fo 150 0.03036000 0.00088000 0.02994000 0.00021000 0.02890000 0.00021000 16.22730000 0.17169400 35.48030000 0.17380400 -9.00000000 0 0 -0.12744900 0.03292200 0.62311000 0.17769000 15.84490000 0.04155270 0.00824219 0.00031544 -0.00010332 -0.00000422 -0.00000842 203.14900000 -5.27250000 -999 -999 -9.00000000 -122.17900000 250 0.02683250 10.03290000 0.00100000 57539.90000000 0.40860000 10 19.11680000 0.03880400 0.07860000 0.06390000 0.05120000 0.00100000 1.00000000 0.00200000
ASASSN-16es 18 0.03047000 0.00086000 0.02973000 0.00009000 0.02850000 0.00009000 16.28150000 0.25683300 35.53450000 0.25824800 -9.00000000 0 0 0.04014600 0.03608700 0.86084000 0.38864000 16.34610000 0.04770960 0.00519490 0.00022828 0.00520535 -0.00004952 -0.00000702 177.72700000 2.30690000 -999 -999 -9.00000000 -214.51900000 250 0.02271850 7.00000000 -9.00000000 57513.80000000 0.21180000 18 13.37950000 0.76855000 0.08510000 0.06220000 0.01500000 0.00500000 1.00000000 0.01900000
AT2016cyt 150 0.03059000 0.00086000 0.02965000 0.00009000 0.03074000 0.00009000 16.10560000 0.16228700 35.35860000 0.16451800 -9.00000000 0 0 -0.09905000 0.03463500 -1.77230000 0.08762000 16.14420000 0.05908000 0.00625641 0.00034044 0.00005540 -0.00000418 -0.00000920 317.39900000 15.12550000 -999 -999 -9.00000000 -274.78000000 250 0.07161830 10.68500000 0.00100000 57580.50000000 0.12420000 26 36.85300000 0.07706100 0.07370000 0.06200000 0.03100000 0.00100000 1.00000000 0.00200000
2013fy 56 0.03075000 0.00087000 0.03099000 0.00015000 0.03167000 0.00015000 16.09920000 0.34209300 35.35220000 0.34315700 -9.00000000 0 0 0.02797900 0.07282300 0.50174000 0.62502000 16.09230000 0.05949610 0.00656235 0.00035960 0.01016330 -0.00012190 -0.00001743 324.36300000 -47.03190000 -999 -999 -9.00000000 71.48760000 250 0.02455050 10.76580000 0.00000000 56600.60000000 0.54150000 6 6.92108000 0.32821000 0.20390000 0.06240000 -0.07170000 0.00100000 1.00000000 0.00800000
ASASSN-15uw 150 0.03076000 0.00087000 0.03004000 0.00015000 0.03081000 0.00015000 16.35540000 0.21095000 35.60840000 0.21267100 -9.00000000 0 0 0.04581600 0.03403200 -0.70214600 0.13127000 16.59480000 0.03969240 0.00413112 0.00015103 -0.00038119 -0.00000169 -0.00000425 38.89300000 -6.06290000 -999 -999 -9.00000000 -208.76800000 250 0.02316640 10.34710000 0.00100000 57393.20000000 0.18390000 9 15.03610000 0.08994940 0.08130000 0.06230000 -0.05820000 0.00100000 1.00000000 0.01000000
ASASSN-16hr 150 0.03083000 0.00086000 0.02980000 0.00001000 0.03086000 0.00001000 16.21180000 0.27743600 35.46480000 0.27874600 -9.00000000 0 1 0.05468600 0.03898300 1.05225000 0.19827000 16.31790000 0.07991160 0.00533130 0.00039239 -0.00040204 -0.00000182 -0.00001165 336.38200000 38.98440000 -999 -999 -9.00000000 -300.26900000 250 0.10526000 9.46113000 0.00300000 57597.10000000 0.03300000 9 7.82678000 0.55169000 0.08710000 0.06150000 0.03990000 0.00200000 1.00000000 0.02300000
PS15cwx 150 0.03086000 0.00087000 0.03007000 0.00011000 0.03007000 0.00011000 16.16340000 0.18285900 35.41640000 0.18484100 -9.00000000 0 0 -0.07649400 0.04404700 -1.43085000 0.08827300 16.20280000 0.10406000 0.00592792 0.00056815 -0.00081933 -0.00000107 -0.00001954 78.69920000 7.05040000 -999 -999 -9.00000000 -232.02200000 250 0.14867000 10.04010000 0.00100000 57348.50000000 0.33650000 20 14.12360000 0.82418000 0.09070000 0.06210000 0.01240000 0.00000000 1.00000000 0.00200000
1990O 50 0.03091000 0.00087000 0.03093000 0.00010000 0.03099000 0.00010000 16.23960000 0.16427200 35.49260000 0.16647600 -9.00000000 0 1 -0.06969500 0.03340000 0.51757000 0.18210000 15.99110000 0.06393540 0.00720341 0.00042418 -0.00039280 0.00000139 -0.00001099 258.90100000 16.32200000 -999 -999 -9.00000000 6.11580000 250 0.08190470 10.47380000 -9.00000000 48076.90000000 0.41850000 11 4.09250000 0.96713000 0.07440000 0.06200000 -0.00900000 0.00100000 1.00000000 0.00300000
2001ba 50 0.03096000 0.00087000 0.03136000 0.00015000 0.03022000 0.00015000 16.39510000 0.20490100 35.64810000 0.20667200 -9.00000000 0 0 -0.19862500 0.04115000 0.16331000 0.09174600 15.93270000 0.04699110 0.00760176 0.00032901 -0.00073732 0.00000197 -0.00000963 174.50700000 -32.33080000 -999 -999 -9.00000000 117.01800000 250 0.05489740 10.75760000 0.28089000 52034.80000000 0.13780000 54 69.14100000 0.08041510 0.10330000 0.06200000 0.12350000 0.00600000 1.00000000 0.00200000
2009eu 51 0.03108000 0.00178000 0.03072000 0.00155000 0.03063000 0.00155000 16.66940000 0.39838800 35.92240000 0.39930200 -9.00000000 0 0 0.20113000 0.03824100 -1.99511000 0.20963000 17.46390000 0.04472830 0.00185534 0.00007643 0.00105314 -0.00000622 -0.00000249 247.17100000 39.55350000 -999 -999 -9.00000000 -103.76400000 250 0.00983750 11.50000000 0.00200000 54984.50000000 0.19260000 44 69.59600000 0.00827480 0.08960000 0.12630000 -0.17410000 0.00400000 1.00000000 0.02500000
2009fv 51 0.03108000 0.00086000 0.03072000 0.00001000 0.03065000 0.00001000 16.15300000 0.33102000 35.40600000 0.33211900 -9.00000000 0 0 0.16249000 0.02312400 -0.73058600 0.12296000 16.67250000 0.02721990 0.00384593 0.00009642 -0.00017043 -0.00000084 -0.00000175 247.43400000 40.81160000 -999 -999 -9.00000000 -103.76400000 250 0.00522305 11.49590000 0.00200000 54994.60000000 0.26160000 63 454.72000000 0.00000000 0.05790000 0.06100000 -0.14310000 0.00500000 1.00000000 0.02200000
2009fv 65 0.03108000 0.00086000 0.03072000 0.00001000 0.03065000 0.00001000 16.08440000 0.37432000 35.33740000 0.37529200 -9.00000000 0 0 0.25869000 0.03889800 -0.46157200 0.11649000 16.79390000 0.08317190 0.00343913 0.00026345 0.00067340 -0.00000572 -0.00000332 247.43400000 40.81160000 -999 -999 -9.00000000 -103.76400000 250 0.00522305 11.49590000 0.83800000 54994.70000000 0.01870000 15 69.31130000 0.00000001 0.12300000 0.06100000 -0.21090000 0.00900000 1.00000000 0.02500000
SNF20080909-030 57 0.03110000 0.00086000 0.03013000 0.00005000 0.03134000 0.00005000 16.31200000 0.18172700 35.56500000 0.18372200 -9.00000000 0 0 -0.03713400 0.03102600 1.09055000 0.13570000 16.09780000 0.05224500 0.00652941 0.00031419 0.00030601 -0.00001281 -0.00000741 330.45400000 13.05530000 -999 -999 -9.00000000 -282.08400000 250 0.05933500 7.00000000 -9.00000000 54731.30000000 0.10900000 14 19.68170000 0.14050000 0.07120000 0.06100000 0.00910000 0.00300000 1.00000000 0.00700000
2008gg 51 0.03114000 0.00087000 0.03107000 0.00015000 0.03203000 0.00015000 16.41700000 0.23529100 35.67000000 0.23683500 -9.00000000 0 1 0.04000900 0.03192800 1.12400000 0.29643000 16.34960000 0.03803100 0.00517779 0.00018137 -0.00008731 -0.00000428 -0.00000039 21.34600000 -18.17240000 -999 -999 -9.00000000 -18.69550000 250 0.02120220 10.93340000 -9.00000000 54750.40000000 0.50950000 26 23.09910000 0.62733000 0.11380000 0.06160000 -0.07770000 0.00200000 1.00000000 0.00900000
2008gg 5 0.03114000 0.00087000 0.03107000 0.00015000 0.03203000 0.00015000 16.28790000 0.18291400 35.54090000 0.18489600 -9.00000000 0 1 0.03360800 0.02255500 0.83388000 0.05083100 16.24690000 0.02716800 0.00569157 0.00014242 -0.00034457 0.00000238 -0.00000248 21.34600000 -18.17240000 -999 -999 -9.00000000 -18.69550000 250 0.02120220 10.93340000 0.48000000 54750.20000000 0.17520000 68 98.78940000 0.00871523 0.05400000 0.06160000 -0.07430000 0.00100000 1.00000000 0.00900000
1999cc 62 0.03116000 0.00086000 0.03132000 0.00001000 0.03111000 0.00001000 16.33470000 0.16692400 35.58770000 0.16909400 -9.00000000 0 1 -0.02728100 0.02652200 -1.60696000 0.07487500 16.51140000 0.03115470 0.00446117 0.00012801 -0.00016901 0.00000051 -0.00000286 240.67500000 37.35960000 -999 -999 -9.00000000 46.97990000 250 0.01959360 11.28960000 0.09500000 51315.90000000 0.13390000 47 34.06110000 0.92086000 0.06030000 0.06090000 -0.02840000 0.00100000 1.00000000 0.00400000
AT2017wb 150 0.03117000 0.00086000 0.03093000 0.00008000 0.03065000 0.00008000 16.27740000 0.28229400 35.53040000 0.28358200 -9.00000000 0 0 0.06558900 0.03330600 1.36170000 0.16081000 16.37470000 0.04004890 0.00505953 0.00018663 -0.00016616 -0.00000581 -0.00000523 165.33100000 70.66490000 -999 -999 -9.00000000 -70.01870000 250 0.02124940 9.28082000 0.01400000 57790.10000000 0.22130000 14 23.39580000 0.05412620 0.07970000 0.06080000 0.04300000 0.00300000 1.00000000 0.02500000
MASTEROTJ08 150 0.03118000 0.00087000 0.03156000 0.00015000 0.03059000 0.00015000 16.41450000 0.17243000 35.66750000 0.17453100 -9.00000000 0 0 -0.03848200 0.04085400 -0.01827300 0.17632000 16.32930000 0.06387630 0.00527579 0.00031039 -0.00113121 0.00001608 -0.00001073 128.23700000 -3.85790000 -999 -999 -9.00000000 111.16100000 250 0.03133730 10.63800000 0.10000000 57803.90000000 0.85050000 3 6.38778000 0.17200000 0.08440000 0.06150000 -0.02130000 0.00100000 1.00000000 0.00300000
2007bd 51 0.03120000 0.00087000 0.03141000 0.00010000 0.03044000 0.00010000 16.24270000 0.17387000 35.49570000 0.17595400 -9.00000000 0 1 -0.05670200 0.03318900 -1.20540000 0.22471000 16.29030000 0.04156020 0.00546870 0.00020933 0.00057306 -0.00001636 -0.00000539 127.88900000 -1.19940000 -999 -999 -9.00000000 62.70140000 250 0.02921470 10.43440000 0.00200000 54206.70000000 0.22620000 10 2.54105000 0.99026000 0.08480000 0.06150000 -0.00730000 0.00100000 1.00000000 0.00300000
2007bd 5 0.03120000 0.00087000 0.03141000 0.00010000 0.03044000 0.00010000 16.32630000 0.14620800 35.57930000 0.14868000 -9.00000000 0 1 -0.10239800 0.02302600 -1.07849000 0.03873900 16.25450000 0.02857560 0.00565174 0.00014875 -0.00017990 0.00000038 -0.00000260 127.88900000 -1.19940000 -999 -999 -9.00000000 62.70140000 250 0.02921470 10.43440000 0.16000000 54207.30000000 0.04610000 40 91.83660000 0.00000592 0.05460000 0.06150000 0.03340000 0.00100000 1.00000000 0.00300000
2007bd 64 0.03120000 0.00087000 0.03141000 0.00010000 0.03044000 0.00010000 16.23110000 0.15141400 35.48410000 0.15380300 -9.00000000 0 1 -0.05404700 0.02700200 -1.44260000 0.06532000 16.32020000 0.03433540 0.00531998 0.00016824 -0.00016102 0.00000006 -0.00000376 127.88900000 -1.19940000 -999 -999 -9.00000000 62.70140000 250 0.02921470 10.43440000 0.44200000 54206.50000000 0.05710000 30 28.36140000 0.55129000 0.06040000 0.06150000 -0.00900000 0.00100000 1.00000000 0.00300000
2006bt 57 0.03121000 0.00086000 0.03241000 0.00001000 0.03208000 0.00001000 16.51900000 0.22259600 35.77200000 0.22422800 -9.00000000 0 0 0.07068400 0.02809300 0.30314000 0.12108000 16.65420000 0.04110020 0.00391136 0.00014806 -0.00002171 -0.00000137 -0.00000339 239.12700000 20.04600000 -999 -999 -9.00000000 349.34000000 250 0.04305390 10.89880000 -9.00000000 53858.50000000 0.14460000 55 80.97360000 0.01289330 0.06220000 0.06080000 -0.09110000 0.00200000 1.00000000 0.01300000
2006bt 5 0.03121000 0.00086000 0.03241000 0.00001000 0.03208000 0.00001000 16.48980000 0.22515100 35.74280000 0.22676400 -9.00000000 0 0 0.08388700 0.02244900 0.22867000 0.04204300 16.66780000 0.03510600 0.00386256 0.00012489 -0.00026067 0.00000097 -0.00000222 239.12700000 20.04600000 -999 -999 -9.00000000 349.34000000 250 0.04305390 10.89880000 0.04000000 53859.10000000 0.06140000 37 396.48800000 0.00000000 0.04890000 0.06080000 -0.10000000 0.00200000 1.00000000 0.01500000
2006bt 64 0.03121000 0.00086000 0.03241000 0.00001000 0.03208000 0.00001000 16.53370000 0.21497000 35.78670000 0.21665900 -9.00000000 0 0 0.06441100 0.02673900 0.18417000 0.07131100 16.66940000 0.03959450 0.00385709 0.00014066 -0.00022785 0.00000061 -0.00000310 239.12700000 20.04600000 -999 -999 -9.00000000 349.34000000 250 0.04305390 10.89880000 0.10200000 53858.30000000 0.11060000 52 128.49100000 0.00000002 0.05720000 0.06080000 -0.08880000 0.00200000 1.00000000 0.01200000
2006bw 64 0.03132000 0.00086000 0.03075000 0.00002000 0.02996000 0.00002000 16.37010000 0.31974800 35.62310000 0.32088600 -9.00000000 0 0 0.24188000 0.03198600 -1.75496000 0.17330000 17.22520000 0.06015200 0.00231169 0.00012807 -0.00022422 0.00000297 -0.00000281 218.48600000 3.79880000 -999 -999 -9.00000000 -166.50500000 250 0.03216610 11.50000000 0.13200000 53854.50000000 0.60060000 20 41.54900000 0.00316498 0.07540000 0.06050000 -0.20420000 0.00500000 1.00000000 0.02500000
ASASSN-15hg 150 0.03143000 0.00086000 0.03107000 0.00001000 0.02992000 0.00001000 16.39310000 0.19434700 35.64610000 0.19621400 -9.00000000 0 1 0.01186200 0.03598800 -1.28742000 0.13594000 16.62560000 0.05034510 0.00401584 0.00018621 -0.00026114 -0.00000080 -0.00000501 148.45200000 9.19390000 -999 -999 -9.00000000 -105.00700000 250 0.04202140 10.27890000 0.00600000 57131.50000000 0.02080000 10 11.54750000 0.31648000 0.08520000 0.06030000 -0.04660000 0.00100000 1.00000000 0.00600000
ATLAS17axb 150 0.03143000 0.00087000 0.03264000 0.00010000 0.03165000 0.00010000 16.30720000 0.18358800 35.56020000 0.18556300 -9.00000000 0 1 -0.10211100 0.03817300 -0.12719400 0.14813000 16.11110000 0.07174960 0.00645015 0.00042625 -0.00034384 -0.00000309 -0.00001269 205.84700000 -19.94370000 -999 -999 -9.00000000 351.46600000 250 0.09409930 9.60754000 0.00200000 57796.70000000 0.23550000 6 14.62830000 0.02335370 0.08260000 0.06100000 0.04850000 0.00100000 1.00000000 0.00500000
2010gn 56 0.03147000 0.00086000 0.03123000 0.00006000 0.03136000 0.00006000 16.65890000 0.27256700 35.91190000 0.27390100 -9.00000000 0 0 -0.10391900 0.05972900 -0.77760100 0.33601000 16.55520000 0.04534830 0.00428453 0.00017895 0.00389554 -0.00002277 -0.00000703 259.45800000 40.88110000 -999 -999 -9.00000000 -70.04490000 250 0.02618030 8.98332000 0.02100000 55391.60000000 0.27500000 18 5.75642000 0.99709000 0.16050000 0.06030000 0.05060000 0.00400000 1.00000000 0.00500000
CSS160428 150 0.03148000 0.00087000 0.03081000 0.00015000 0.03029000 0.00015000 16.44870000 0.16205500 35.70170000 0.16428900 -9.00000000 0 1 -0.05782200 0.03236500 0.82560000 0.14949000 16.18610000 0.03647020 0.00601971 0.00020220 -0.00018543 -0.00000149 -0.00000565 200.78000000 52.64910000 -999 -999 -9.00000000 -196.00200000 250 0.00952833 10.07800000 0.10000000 57517.60000000 0.25860000 10 20.18400000 0.02755920 0.07600000 0.06090000 -0.01440000 0.00100000 1.00000000 0.00300000
2000dn 57 0.03148000 0.00089000 0.03081000 0.00022000 0.03207000 0.00022000 16.45400000 0.21891200 35.70700000 0.22057000 -9.00000000 0 1 -0.08275100 0.04470000 -0.30128100 0.12132000 16.33010000 0.04318340 0.00527195 0.00020968 -0.00031527 -0.00000359 -0.00000680 346.27400000 -3.20030000 -999 -999 -9.00000000 -192.92000000 250 0.04125350 7.00000000 -9.00000000 51825.10000000 0.08400000 30 15.78590000 0.98448000 0.11460000 0.06230000 0.03510000 0.00300000 1.00000000 0.00600000
2006en 57 0.03162000 0.00086000 0.03081000 0.00001000 0.03198000 0.00001000 16.39440000 0.19235400 35.64740000 0.19424000 -9.00000000 0 1 0.03606000 0.02948400 -0.17195200 0.14609000 16.50720000 0.04846290 0.00447841 0.00019990 -0.00060446 0.00000485 -0.00000455 347.52100000 30.22330000 -999 -999 -9.00000000 -236.15400000 250 0.05527840 10.18300000 -9.00000000 53973.50000000 0.35360000 41 25.91900000 0.96805000 0.06710000 0.06000000 -0.07650000 0.00200000 1.00000000 0.00900000
2006en 64 0.03162000 0.00086000 0.03081000 0.00001000 0.03198000 0.00001000 16.43170000 0.18612800 35.68470000 0.18807600 -9.00000000 0 1 0.02311200 0.02964900 -0.46389000 0.09966000 16.55760000 0.05228060 0.00427533 0.00020587 -0.00017350 -0.00000025 -0.00000432 347.52100000 30.22330000 -999 -999 -9.00000000 -236.15400000 250 0.05527840 10.18300000 0.05800000 53973.20000000 0.01120000 29 57.01300000 0.00143153 0.06900000 0.06000000 -0.06640000 0.00200000 1.00000000 0.00800000
2008bq 5 0.03166000 0.00087000 0.03279000 0.00014000 0.03232000 0.00014000 16.47490000 0.17599100 35.72790000 0.17805000 -9.00000000 0 1 0.01326200 0.02537000 0.36029000 0.03965800 16.45180000 0.05451610 0.00471292 0.00023664 -0.00027968 0.00000200 -0.00000444 100.26000000 -38.03860000 -999 -999 -9.00000000 328.61600000 250 0.07776470 10.91330000 10.00000000 54564.00000000 0.08010000 61 101.10300000 0.00095381 0.05440000 0.06060000 -0.06340000 0.00100000 1.00000000 0.00700000
ASASSN-16oz 150 0.03192000 0.00218000 0.03207000 0.00200000 0.03100000 0.00200000 16.20620000 0.27474100 35.45920000 0.27606400 -9.00000000 0 1 -0.03957800 0.03656200 1.49117000 0.18574000 15.93230000 0.05015890 0.00760498 0.00035133 0.00077226 -0.00001501 -0.00001003 135.05600000 -13.63400000 -999 -999 -9.00000000 42.87360000 250 0.04682630 8.01111000 0.00800000 57749.90000000 0.28130000 7 5.28065000 0.62576000 0.08440000 0.15060000 0.01600000 0.00100000 1.00000000 0.00600000
2006az 64 0.03201000 0.00086000 0.03158000 0.00001000 0.03103000 0.00001000 16.23660000 0.14620300 35.48960000 0.14867500 -9.00000000 0 1 -0.10637500 0.02659700 -1.42383000 0.04463500 16.20890000 0.02965130 0.00589450 0.00016098 -0.00016048 0.00000037 -0.00000372 183.06100000 56.17940000 -999 -999 -9.00000000 -124.25100000 250 0.01193200 11.11240000 0.02100000 53826.90000000 0.07860000 85 160.59300000 0.00000139 0.05980000 0.05930000 0.03880000 0.00100000 1.00000000 0.00300000
010026 15 0.03236000 0.00086000 0.03174000 0.00003000 0.03123000 0.00003000 16.42160000 0.20029900 35.67460000 0.20211000 -9.00000000 0 1 -0.03157800 0.03259500 -0.40932100 0.08204100 16.45210000 0.03822270 0.00471142 0.00016586 0.00020519 -0.00000371 -0.00000474 160.67400000 58.84380000 -999 -999 14.85410000 -178.94600000 250 0.00699953 9.61222000 0.01000000 55248.00000000 0.07960000 15 20.54150000 0.15213000 0.07120000 0.05860000 0.01540000 0.01200000 1.00000000 0.01000000
AT2017po 150 0.03255000 0.00086000 0.03201000 0.00001000 0.03183000 0.00001000 16.32300000 0.19495300 35.57600000 0.19681400 -9.00000000 0 1 -0.07450000 0.03672800 0.21503000 0.24540000 16.14470000 0.04629860 0.00625354 0.00026667 -0.00022257 -0.00000406 -0.00000690 240.96500000 39.99010000 -999 -999 -9.00000000 -156.23900000 250 0.01190430 8.98827000 0.08200000 57784.30000000 0.04720000 6 18.90480000 0.00849089 0.09680000 0.05830000 0.03140000 0.00100000 1.00000000 0.00500000
2007ai 5 0.03260000 0.00087000 0.03212000 0.00015000 0.03176000 0.00015000 16.60320000 0.25739600 35.85620000 0.25880800 -9.00000000 0 0 0.12338000 0.05514300 1.00077000 0.09994200 16.76850000 0.18604000 0.00352059 0.00060325 -0.00163823 0.00001680 -0.00003037 243.22400000 -21.63020000 -999 -999 -9.00000000 -141.19100000 250 0.28494000 10.74020000 0.12000000 54174.10000000 0.18340000 42 63.90240000 0.01626540 0.07710000 0.05890000 -0.12100000 0.00300000 1.00000000 0.01800000
2007ai 64 0.03260000 0.00087000 0.03212000 0.00015000 0.03176000 0.00015000 16.60470000 0.29337900 35.85770000 0.29461900 -9.00000000 0 0 0.15406000 0.05134200 1.25446000 0.23182000 16.80820000 0.17000000 0.00339399 0.00053141 -0.00148271 0.00000976 -0.00002354 243.22400000 -21.63020000 -999 -999 -9.00000000 -141.19100000 250 0.28494000 10.74020000 3.63200000 54174.10000000 0.37330000 25 31.40000000 0.17611000 0.09560000 0.05890000 -0.14020000 0.00500000 1.00000000 0.02100000
2007ux 5 0.03264000 0.00086000 0.03183000 0.00001000 0.03070000 0.00001000 16.62780000 0.18811300 35.88080000 0.19004000 -9.00000000 0 1 0.04494900 0.02359900 -1.93734000 0.05145800 17.03080000 0.03337470 0.00276481 0.00008499 -0.00019860 0.00000034 -0.00000149 152.33300000 14.99240000 -999 -999 -9.00000000 -233.20900000 250 0.03865480 10.09480000 0.01000000 54465.20000000 0.00800000 48 185.68600000 0.00000000 0.05500000 0.05810000 -0.07420000 0.00100000 1.00000000 0.01000000
2007ux 65 0.03264000 0.00086000 0.03183000 0.00001000 0.03070000 0.00001000 16.41260000 0.27319400 35.66560000 0.27452500 -9.00000000 0 0 0.14701000 0.03863100 -2.51403000 0.10771000 17.14820000 0.05622830 0.00248154 0.00012851 -0.00047903 0.00000038 -0.00000378 152.33300000 14.99240000 -999 -999 -9.00000000 -233.20900000 250 0.03865480 10.09480000 0.12300000 54465.70000000 0.34150000 57 94.91240000 0.00120610 0.08850000 0.05810000 -0.14230000 0.00500000 1.00000000 0.02100000
ASASSN-15pr 150 0.03264000 0.00087000 0.03189000 0.00015000 0.03309000 0.00015000 16.65520000 0.19632000 35.90820000 0.19816800 -9.00000000 0 1 -0.05593900 0.04461600 -0.66963900 0.22440000 16.65430000 0.06618090 0.00391077 0.00023838 -0.00493460 0.00003217 -0.00001008 346.66400000 -12.57280000 -999 -999 -9.00000000 -217.88700000 250 0.02940790 9.55707000 0.00200000 57282.90000000 0.83700000 8 12.67010000 0.17811000 0.09520000 0.05880000 0.02090000 0.00100000 1.00000000 0.00600000
2008gl 65 0.03272000 0.00088000 0.03246000 0.00016000 0.03354000 0.00016000 16.41080000 0.15369500 35.66380000 0.15604900 -9.00000000 0 0 -0.04497400 0.02845100 -1.48661000 0.09897700 16.52780000 0.03417140 0.00439427 0.00013830 -0.00009337 -0.00000141 -0.00000326 20.22840000 4.80530000 -999 -999 -9.00000000 -75.14770000 250 0.02434630 11.13110000 0.43200000 54768.50000000 0.10230000 29 12.68910000 0.99626000 0.06580000 0.05930000 -0.01570000 0.00100000 1.00000000 0.00300000
2008gl 51 0.03272000 0.00088000 0.03246000 0.00016000 0.03354000 0.00016000 16.38360000 0.16769900 35.63660000 0.16985900 -9.00000000 0 0 0.00310400 0.02484100 -1.25791000 0.17217000 16.58220000 0.03015070 0.00417961 0.00011607 0.00039788 -0.00000621 -0.00000221 20.22840000 4.80530000 -999 -999 -9.00000000 -75.14770000 250 0.02434630 11.13110000 0.00200000 54768.10000000 0.16430000 37 18.20830000 0.99594000 0.06350000 0.05930000 -0.04900000 0.00100000 1.00000000 0.00600000
2008gl 5 0.03272000 0.00088000 0.03246000 0.00016000 0.03354000 0.00016000 16.39010000 0.14594500 35.64310000 0.14842100 -9.00000000 0 0 -0.02801600 0.02231800 -1.37868000 0.03549900 16.53180000 0.02632070 0.00437800 0.00010613 -0.00015835 0.00000039 -0.00000180 20.22840000 4.80530000 -999 -999 -9.00000000 -75.14770000 250 0.02434630 11.13110000 0.02000000 54768.70000000 0.05890000 62 43.92090000 0.96026000 0.05330000 0.05930000 -0.02750000 0.00100000 1.00000000 0.00300000
SN2016hpx 150 0.03282000 0.00098000 0.03370000 0.00046000 0.03338000 0.00046000 16.37990000 0.20223200 35.63290000 0.20402600 -9.00000000 0 1 -0.02892700 0.03708900 0.83599000 0.16920000 16.23060000 0.04769380 0.00577786 0.00025381 0.00067561 -0.00001482 -0.00000803 90.81940000 -26.89860000 -999 -999 -9.00000000 254.84900000 250 0.02451070 9.09468000 0.01300000 57703.90000000 0.21530000 5 15.29250000 0.00918294 0.08320000 0.06590000 0.01110000 0.00100000 1.00000000 0.00800000
SN2017cii 150 0.03289000 0.00086000 0.03337000 0.00001000 0.03323000 0.00001000 16.58510000 0.17660700 35.83810000 0.17865900 -9.00000000 0 1 -0.11500900 0.03650900 0.33544000 0.15317000 16.28780000 0.06007320 0.00548104 0.00030326 -0.00124793 0.00001182 -0.00000917 248.33300000 23.73130000 -999 -999 -9.00000000 138.77000000 250 0.05798970 8.89880000 0.00200000 57837.40000000 0.58330000 8 14.01510000 0.08137290 0.07800000 0.05770000 0.05550000 0.00100000 1.00000000 0.00400000
2006te 64 0.03290000 0.00086000 0.03212000 0.00001000 0.03155000 0.00001000 16.47180000 0.15115700 35.72480000 0.15355000 -9.00000000 0 1 -0.08068000 0.03048500 -0.09075100 0.09873600 16.29350000 0.04520190 0.00545240 0.00022700 -0.00084691 0.00000645 -0.00000582 122.92900000 41.55470000 -999 -999 -9.00000000 -227.18000000 250 0.03891390 10.48080000 0.07600000 54097.10000000 0.36580000 39 50.63050000 0.10049000 0.06610000 0.05770000 0.00540000 0.00100000 1.00000000 0.00300000
2006os 5 0.03294000 0.00088000 0.03212000 0.00019000 0.03285000 0.00019000 16.54620000 0.32490200 35.79920000 0.32602200 -9.00000000 0 0 0.27902000 0.03098200 -0.66876500 0.06065300 17.34480000 0.08377130 0.00207056 0.00015976 -0.00027861 0.00000098 -0.00000392 43.75420000 16.00970000 -999 -999 -9.00000000 -239.41000000 250 0.12544000 10.84070000 0.15000000 54065.20000000 0.15300000 43 74.41010000 0.00207554 0.06070000 0.05900000 -0.21530000 0.01400000 1.00000000 0.02500000
2004as 57 0.03296000 0.00086000 0.03250000 0.00001000 0.03139000 0.00001000 16.47940000 0.21852800 35.73240000 0.22019000 -9.00000000 0 1 0.02729600 0.01902400 -0.25193200 0.08726900 16.65280000 0.02262110 0.00391643 0.00008160 0.00012679 -0.00000127 -0.00000130 171.41300000 22.83040000 -999 -999 -9.00000000 -136.07400000 250 0.01317740 8.76504000 -9.00000000 53085.60000000 0.05940000 64 87.58250000 0.02682030 0.04360000 0.05760000 -0.00060000 0.00400000 1.00000000 0.01600000
2004as 63 0.03296000 0.00086000 0.03250000 0.00001000 0.03139000 0.00001000 16.63770000 0.22412000 35.89070000 0.22574100 -9.00000000 0 1 0.02154300 0.02806600 0.42134000 0.13801000 16.69880000 0.03223410 0.00375385 0.00011145 0.00008837 -0.00000274 -0.00000269 171.41300000 22.83040000 -999 -999 -9.00000000 -136.07400000 250 0.01317740 8.76504000 0.06000000 53086.30000000 0.14800000 16 37.77450000 0.00162947 0.06580000 0.05760000 0.00430000 0.00400000 1.00000000 0.01500000
ASASSN-16bc 150 0.03298000 0.00087000 0.03314000 0.00015000 0.03194000 0.00015000 16.36340000 0.16583100 35.61640000 0.16801500 -9.00000000 0 0 -0.15936600 0.03339500 0.59320000 0.12076000 15.91660000 0.04726030 0.00771546 0.00033584 -0.00029379 -0.00000471 -0.00000886 181.35700000 -21.40040000 -999 -999 -9.00000000 45.26890000 250 0.04777310 10.30110000 0.00200000 57430.10000000 0.12670000 10 50.21660000 0.00000024 0.07730000 0.05820000 0.08110000 0.00200000 1.00000000 0.00200000
2008gp 5 0.03333000 0.00088000 0.03245000 0.00020000 0.03303000 0.00020000 16.41130000 0.14851300 35.66430000 0.15094700 -9.00000000 0 0 -0.16176200 0.02715100 -0.14048200 0.02563000 16.07030000 0.06855680 0.00669707 0.00042287 -0.00021093 0.00000244 -0.00000885 50.75300000 1.36190000 -999 -999 -9.00000000 -257.66900000 250 0.10369000 10.46960000 0.04000000 54779.80000000 0.03010000 75 133.82000000 0.00003517 0.05450000 0.05830000 0.08610000 0.00400000 1.00000000 0.00200000
2008gp 51 0.03333000 0.00088000 0.03245000 0.00020000 0.03303000 0.00020000 16.47380000 0.16037600 35.72680000 0.16263300 -9.00000000 0 1 -0.13053900 0.03134500 -0.20501100 0.33919000 16.20900000 0.07257050 0.00589384 0.00039394 0.00184882 -0.00001868 -0.00000957 50.75300000 1.36190000 -999 -999 -9.00000000 -257.66900000 250 0.10369000 10.46960000 -9.00000000 54779.60000000 0.26060000 26 7.82743000 0.99978000 0.07480000 0.05830000 0.05620000 0.00200000 1.00000000 0.00300000
2010ag 66 0.03335000 0.00086000 0.03336000 0.00002000 0.03340000 0.00002000 16.56290000 0.19712000 35.81590000 0.19896100 -9.00000000 0 1 0.02814100 0.03083100 1.79713000 0.21663000 16.35990000 0.03803800 0.00512906 0.00017969 -0.00023754 -0.00000302 -0.00000436 255.97300000 31.50170000 -999 -999 -9.00000000 3.24100000 250 0.02640460 10.61050000 0.46100000 55268.20000000 0.55020000 30 119.71500000 0.00000000 0.07910000 0.05690000 -0.07730000 0.00300000 1.00000000 0.00800000
2005iq 64 0.03341000 0.00087000 0.03292000 0.00012000 0.03404000 0.00012000 16.61170000 0.14855300 35.86470000 0.15098700 -9.00000000 0 1 -0.09853600 0.02758500 -1.11399000 0.11021000 16.55370000 0.03241630 0.00429054 0.00012810 -0.00014568 -0.00000029 -0.00000301 359.63500000 -18.70920000 -999 -999 -9.00000000 -141.55100000 250 0.01900660 10.49000000 0.28089000 53687.80000000 0.13930000 40 36.93160000 0.60916000 0.06350000 0.05750000 0.03000000 0.00100000 1.00000000 0.00300000
2005iq 5 0.03341000 0.00087000 0.03292000 0.00012000 0.03404000 0.00012000 16.59860000 0.14105800 35.85160000 0.14361900 -9.00000000 0 1 -0.12679700 0.02196400 -1.16049000 0.04371000 16.49170000 0.02411470 0.00454286 0.00010090 -0.00016160 0.00000025 -0.00000173 359.63500000 -18.70920000 -999 -999 -9.00000000 -141.55100000 250 0.01900660 10.49000000 0.17000000 53688.30000000 0.04510000 60 51.37000000 0.77859000 0.05300000 0.05750000 0.06160000 0.00200000 1.00000000 0.00300000
PS15bsq 150 0.03371000 0.00086000 0.03309000 0.00002000 0.03430000 0.00002000 16.52670000 0.15740000 35.77970000 0.15969900 -9.00000000 0 1 -0.06908500 0.03347500 0.51225000 0.13182000 16.28310000 0.04191230 0.00550476 0.00021250 0.00010234 -0.00000560 -0.00000588 355.46700000 -8.63790000 -999 -999 -9.00000000 -179.37700000 250 0.02959900 10.93970000 0.01300000 57262.90000000 0.12320000 8 8.30139000 0.40460000 0.07690000 0.05630000 -0.00680000 0.00100000 1.00000000 0.00200000
2004L 63 0.03373000 0.00086000 0.03344000 0.00001000 0.03229000 0.00001000 16.57600000 0.27233800 35.82900000 0.27367300 -9.00000000 0 1 0.15241000 0.03216300 -1.03269000 0.24302000 17.11210000 0.04468900 0.00256535 0.00010559 0.00011250 -0.00000137 -0.00000244 156.76700000 16.01870000 -999 -999 -9.00000000 -83.47080000 250 0.02738150 10.14370000 0.04700000 53031.40000000 0.69670000 17 30.22960000 0.02473570 0.08280000 0.05630000 -0.13990000 0.00400000 1.00000000 0.02100000
2003gn 57 0.03375000 0.00086000 0.03316000 0.00002000 0.03438000 0.00002000 16.76990000 0.24151300 36.02290000 0.24301800 -9.00000000 0 1 0.04808200 0.02565600 -1.09542000 0.10076000 17.14350000 0.03909990 0.00249220 0.00008975 0.00026485 -0.00000134 -0.00000182 338.46500000 20.80240000 -999 -999 -9.00000000 -170.66000000 250 0.04274390 7.00000000 -9.00000000 52853.10000000 0.06840000 46 87.64530000 0.00020918 0.05550000 0.05630000 0.01100000 0.00700000 1.00000000 0.02100000
2003cq 63 0.03378000 0.00086000 0.03323000 0.00002000 0.03275000 0.00002000 16.57460000 0.25771500 35.82760000 0.25912600 -9.00000000 0 1 0.09667000 0.05093800 -0.73578700 0.15753000 16.92670000 0.06084340 0.00304311 0.00017053 -0.00024922 -0.00000239 -0.00000823 179.05900000 60.52200000 -999 -999 -9.00000000 -159.41600000 250 0.01738130 10.48390000 0.03700000 52739.60000000 0.16130000 12 34.94490000 0.00047786 0.10670000 0.05620000 -0.10780000 0.00300000 1.00000000 0.01600000
2006S 64 0.03393000 0.00086000 0.03310000 0.00001000 0.03224000 0.00001000 16.65590000 0.17514500 35.90890000 0.17721300 -9.00000000 0 1 0.02300200 0.02633700 0.88640000 0.06714700 16.57890000 0.02977530 0.00419221 0.00011497 -0.00023670 0.00000005 -0.00000264 191.41300000 35.08680000 -999 -999 -9.00000000 -240.12100000 250 0.01435070 10.20240000 0.08700000 53770.30000000 0.09020000 58 126.67900000 0.00000050 0.06000000 0.05600000 -0.06980000 0.00100000 1.00000000 0.00700000
2011dl 51 0.03403000 0.00086000 0.03432000 0.00001000 0.03410000 0.00001000 16.50570000 0.31179900 35.75870000 0.31296600 -9.00000000 0 0 0.12826000 0.03045700 0.59667000 0.19089000 16.89630000 0.05389000 0.00312965 0.00015534 0.00011015 0.00000075 -0.00000382 244.52100000 21.55110000 -999 -999 -9.00000000 84.32440000 250 0.06728680 9.08368000 0.07000000 55738.60000000 0.34000000 11 11.02200000 0.44142000 0.06480000 0.05580000 0.02960000 0.01100000 1.00000000 0.03600000
2006gr 57 0.03428000 0.00086000 0.03352000 0.00001000 0.03467000 0.00001000 16.66580000 0.20565100 35.91880000 0.20741600 -9.00000000 0 1 0.06504300 0.02985700 0.81322000 0.09672600 16.70600000 0.05663830 0.00372923 0.00019454 0.00021821 -0.00000217 -0.00000446 338.09500000 30.82870000 -999 -999 -9.00000000 -220.63700000 250 0.07319420 10.09570000 -9.00000000 54013.20000000 0.06100000 50 101.90000000 0.00002068 0.06240000 0.05540000 -0.09340000 0.00200000 1.00000000 0.01200000
2006gr 64 0.03428000 0.00086000 0.03352000 0.00001000 0.03467000 0.00001000 16.68480000 0.20958400 35.93780000 0.21131600 -9.00000000 0 1 0.07173900 0.02908300 0.80323000 0.06874200 16.74360000 0.05528090 0.00360219 0.00018341 -0.00020356 0.00000036 -0.00000418 338.09500000 30.82870000 -999 -999 -9.00000000 -220.63700000 250 0.07319420 10.09570000 0.43200000 54013.30000000 0.06390000 53 80.04540000 0.00960784 0.06010000 0.05540000 -0.09700000 0.00200000 1.00000000 0.01300000
ASASSN-16dw 150 0.03437000 0.00088000 0.03565000 0.00015000 0.03466000 0.00015000 16.53070000 0.21538900 35.78370000 0.21707500 -9.00000000 0 1 0.05482200 0.03475800 -0.22901900 0.14442000 16.71910000 0.04872690 0.00368430 0.00016535 -0.00051302 0.00000129 -0.00000466 202.50300000 -27.97390000 -999 -999 -9.00000000 371.74000000 250 0.04561060 10.14230000 0.00100000 57482.80000000 0.35960000 12 19.25880000 0.08247080 0.07900000 0.05650000 -0.06730000 0.00100000 1.00000000 0.01100000
2007ba 5 0.03441000 0.00086000 0.03533000 0.00001000 0.03474000 0.00001000 16.57200000 0.33953400 35.82500000 0.34060600 -9.00000000 0 0 0.24948000 0.02459100 -2.29268000 0.06402200 17.50630000 0.03091170 0.00178436 0.00005080 -0.00012538 0.00000003 -0.00000095 229.17800000 7.39660000 -999 -999 -9.00000000 266.82100000 250 0.03157880 11.10770000 0.00000000 54197.60000000 0.07430000 54 468.94800000 0.00000000 0.05800000 0.05520000 -0.22780000 0.00800000 1.00000000 0.02400000
ATLAS17ajs 150 0.03451000 0.00086000 0.03370000 0.00001000 0.03265000 0.00001000 16.72270000 0.35706400 35.97570000 0.35808300 -9.00000000 0 0 0.17557000 0.03821000 1.82151000 0.38650000 17.08980000 0.04688740 0.00261858 0.00011308 -0.00298806 0.00001294 -0.00000359 171.97700000 27.34580000 -999 -999 -9.00000000 -232.65500000 250 0.01544950 9.50928000 0.01200000 57781.50000000 1.00930000 6 5.50653000 0.48067000 0.10650000 0.05500000 0.04060000 0.01600000 1.00000000 0.04400000
1996bl 61 0.03459000 0.00087000 0.03481000 0.00009000 0.03600000 0.00009000 16.48180000 0.15329600 35.73480000 0.15565600 -9.00000000 0 1 -0.01926200 0.03157200 -0.15267900 0.10963000 16.44950000 0.06381900 0.00472265 0.00027760 0.00016437 -0.00000197 -0.00000684 9.07490000 11.39460000 -999 -999 -9.00000000 63.54540000 250 0.08550740 10.14590000 0.16000000 50377.10000000 0.15280000 27 46.51170000 0.01120090 0.06420000 0.05550000 -0.04760000 0.00100000 1.00000000 0.00400000
2003kc 63 0.03479000 0.00086000 0.03410000 0.00001000 0.03316000 0.00001000 16.60360000 0.20399400 35.85660000 0.20577300 -9.00000000 0 1 0.05866900 0.03737200 -0.62725100 0.17134000 16.84230000 0.05653460 0.00328912 0.00017127 0.00019791 0.00000031 -0.00000587 146.64300000 30.65530000 -999 -999 -9.00000000 -200.58700000 250 0.01756960 10.36350000 0.04500000 52978.50000000 0.53250000 14 56.61370000 0.00000046 0.07070000 0.05460000 -0.08770000 0.00200000 1.00000000 0.01100000
2003iv 63 0.03491000 0.00088000 0.03351000 0.00016000 0.03426000 0.00016000 16.65880000 0.16341700 35.91180000 0.16563200 -9.00000000 0 0 -0.07663500 0.03678900 -2.07235000 0.18828000 16.79210000 0.08119320 0.00344466 0.00025760 -0.00030092 0.00000140 -0.00000738 42.53020000 12.84620000 -999 -999 -9.00000000 -405.52300000 250 0.11791000 10.80380000 3.87200000 52934.20000000 0.27710000 8 4.03282000 0.85415000 0.07790000 0.05570000 0.01220000 0.00100000 1.00000000 0.00300000
ASASSN-15jl 150 0.03512000 0.00086000 0.03492000 0.00001000 0.03468000 0.00001000 16.62860000 0.16715900 35.88160000 0.16932600 -9.00000000 0 1 -0.08593300 0.03186800 0.22915000 0.15282000 16.41890000 0.03619090 0.00485786 0.00016193 -0.00030521 0.00000001 -0.00000446 230.67100000 50.97660000 -999 -999 -9.00000000 -56.22920000 250 0.01375760 8.79586000 0.14200000 57166.00000000 0.27990000 10 23.48040000 0.00910557 0.07510000 0.05410000 0.03740000 0.00100000 1.00000000 0.00500000
1992bg 50 0.03515000 0.00088000 0.03574000 0.00015000 0.03525000 0.00015000 16.64070000 0.20993400 35.89370000 0.21166400 -9.00000000 0 1 -0.05228600 0.05296500 -0.45270900 0.12174000 16.57930000 0.10989000 0.00419072 0.00042417 -0.00136160 0.00000798 -0.00001648 115.48600000 -62.51940000 -999 -999 -9.00000000 169.30200000 250 0.15688000 10.49680000 0.28089000 48916.60000000 0.46280000 21 16.05480000 0.76656000 0.11600000 0.05530000 -0.01890000 0.00100000 1.00000000 0.00300000
2005eu 57 0.03516000 0.00507000 0.03369000 0.00500000 0.03449000 0.00500000 16.54820000 0.48257600 35.80120000 0.48333000 -9.00000000 0 0 -0.18957100 0.03269000 0.09819200 0.06936200 16.12940000 0.07818680 0.00634241 0.00045673 -0.00037007 0.00000336 -0.00001222 36.93030000 28.17680000 -999 -999 -9.00000000 -427.55500000 250 0.11306000 8.86794000 -9.00000000 53660.40000000 0.04850000 46 188.02100000 0.00000000 0.06060000 0.31850000 0.12940000 0.01000000 1.00000000 0.00400000
2005eu 64 0.03516000 0.00507000 0.03369000 0.00500000 0.03449000 0.00500000 16.55080000 0.48130000 35.80380000 0.48205700 -9.00000000 0 0 -0.08351100 0.03527900 0.85504000 0.09637600 16.25080000 0.07887670 0.00567140 0.00041202 0.00005076 -0.00000143 -0.00001227 36.93030000 28.17680000 -999 -999 -9.00000000 -427.55500000 250 0.11306000 8.86794000 0.00000000 53660.70000000 0.10170000 65 131.82600000 0.00000190 0.06200000 0.31850000 0.03190000 0.00300000 1.00000000 0.00500000
2008at 65 0.03522000 0.00088000 0.03497000 0.00016000 0.03472000 0.00016000 16.58190000 0.33312000 35.83490000 0.33421200 -9.00000000 0 0 0.21412000 0.05183600 -1.53188000 0.19080000 17.33920000 0.09604040 0.00208116 0.00018409 -0.00178996 0.00000448 -0.00000640 156.80100000 71.41570000 -999 -999 -9.00000000 -70.47580000 250 0.07852930 11.30360000 3.32900000 54526.30000000 0.95260000 28 25.51910000 0.59946000 0.12650000 0.05520000 -0.18320000 0.00500000 1.00000000 0.02400000
ASASSN-15tg 150 0.03529000 0.00086000 0.03445000 0.00006000 0.03561000 0.00006000 16.60800000 0.16642400 35.86100000 0.16860000 -9.00000000 0 1 -0.05252900 0.03432300 1.54158000 0.23210000 16.25180000 0.04032800 0.00566595 0.00021045 -0.00067635 -0.00000144 -0.00000608 5.17100000 25.22900000 -999 -999 -9.00000000 -241.33200000 250 0.02472160 10.22700000 0.00400000 57361.40000000 0.45100000 7 15.62830000 0.02873820 0.08690000 0.05380000 -0.01870000 0.00100000 1.00000000 0.00200000
2007hu 65 0.03551000 0.00086000 0.03518000 0.00001000 0.03518000 0.00001000 16.73750000 0.37384800 35.99050000 0.37482200 -9.00000000 0 0 0.20526000 0.07016800 -1.39482000 0.52320000 17.45370000 0.16039000 0.00187288 0.00027668 -0.00352071 0.00003350 -0.00001254 254.12500000 27.97790000 -999 -999 -9.00000000 -94.25350000 250 0.03932270 11.24390000 0.02600000 54353.10000000 2.05730000 9 10.10440000 0.34210000 0.17690000 0.05350000 -0.17670000 0.00500000 1.00000000 0.02400000
PTSS-16efw 150 0.03568000 0.00086000 0.03542000 0.00002000 0.03557000 0.00002000 16.98100000 0.18651100 36.23400000 0.18845500 -9.00000000 0 1 -0.12529400 0.04901800 -0.13961900 0.15966000 16.73450000 0.12736000 0.00363255 0.00042610 -0.00109002 0.00000578 -0.00001704 263.90800000 8.80900000 -999 -999 -9.00000000 -76.08130000 250 0.17693000 9.96056000 0.00600000 57509.60000000 0.74030000 15 27.78430000 0.02295890 0.09340000 0.05330000 0.06790000 0.00100000 1.00000000 0.00400000
2016fbk 51 0.03576000 0.00086000 0.03495000 0.00001000 0.03587000 0.00001000 16.70610000 0.22354800 35.95910000 0.22517300 -9.00000000 0 1 0.09285900 0.02847700 -0.49121800 0.11336000 17.00650000 0.04021820 0.00282762 0.00010474 -0.00037662 0.00000065 -0.00000239 26.02720000 34.38270000 -999 -999 -9.00000000 -233.25800000 250 0.04192850 10.76500000 0.00200000 57626.20000000 0.21490000 18 10.31050000 0.92130000 0.06510000 0.05310000 -0.11170000 0.00300000 1.00000000 0.01500000
AT2016fbk 150 0.03576000 0.00086000 0.03495000 0.00001000 0.03587000 0.00001000 16.90150000 0.22873000 36.15450000 0.23031800 -9.00000000 0 0 0.08689400 0.03490100 -0.00824200 0.13757000 17.13890000 0.04766710 0.00250296 0.00010989 -0.00017852 -0.00000204 -0.00000311 26.02720000 34.38270000 -999 -999 -9.00000000 -233.25800000 250 0.04192850 10.72890000 0.20100000 57625.20000000 0.14870000 5 26.29890000 0.00007808 0.08010000 0.05310000 -0.08490000 0.00200000 1.00000000 0.01500000
1994T 61 0.03583000 0.00086000 0.03564000 0.00001000 0.03457000 0.00001000 16.67950000 0.20243900 35.93250000 0.20423200 -9.00000000 0 1 0.03181400 0.03178900 -1.51339000 0.15186000 16.98560000 0.04602610 0.00288234 0.00012219 -0.00059083 0.00000240 -0.00000261 200.37800000 -2.14900000 -999 -999 -9.00000000 -55.05830000 250 0.02551240 10.21730000 0.19000000 49512.40000000 0.58210000 22 215.69800000 0.00000000 0.08050000 0.05300000 -0.06790000 0.00100000 1.00000000 0.00800000
ASASSN-15mi 150 0.03585000 0.00086000 0.03501000 0.00000000 0.03442000 0.00000000 16.29850000 0.20253400 35.55150000 0.20432600 -9.00000000 0 1 -0.00757600 0.03211900 0.49532000 0.14480000 16.26520000 0.03751960 0.00559656 0.00019340 -0.00007688 -0.00000329 -0.00000530 210.81500000 41.60410000 -999 -999 -9.00000000 -241.95800000 250 0.01809200 9.51083000 0.29700000 57221.30000000 0.18010000 8 49.04290000 0.00000006 0.07510000 0.05300000 0.01080000 0.00100000 1.00000000 0.01000000
ASASSN-15ss 150 0.03599000 0.00087000 0.03592000 0.00012000 0.03556000 0.00012000 16.73790000 0.18522800 35.99090000 0.18718500 -9.00000000 0 1 -0.12056400 0.05047800 0.79388000 0.23176000 16.34420000 0.13425000 0.00520366 0.00064341 0.00028183 -0.00000596 -0.00002583 93.13910000 -14.25750000 -999 -999 -9.00000000 -19.52490000 250 0.19921000 10.75640000 0.10400000 57338.20000000 0.05340000 8 10.82540000 0.28787000 0.10170000 0.05340000 0.04390000 0.00100000 1.00000000 0.00200000
2001ck 57 0.03616000 0.00093000 0.03544000 0.00036000 0.03483000 0.00036000 16.60560000 0.22184500 35.85860000 0.22348200 -9.00000000 0 1 -0.07094300 0.04518500 0.01240300 0.15725000 16.45770000 0.03405820 0.00468729 0.00014704 -0.00052437 -0.00000299 -0.00000538 219.45900000 30.48390000 -999 -999 -9.00000000 -209.70600000 250 0.01090000 7.00000000 -9.00000000 52073.00000000 0.12250000 30 22.12540000 0.84944000 0.11920000 0.05680000 0.02090000 0.00200000 1.00000000 0.00600000
PS15bbn 150 0.03624000 0.00087000 0.03602000 0.00012000 0.03710000 0.00012000 16.93150000 0.18528800 36.18450000 0.18724500 -9.00000000 0 1 -0.04718700 0.03727700 1.50732000 0.25123000 16.63310000 0.06200790 0.00398809 0.00022776 -0.00056526 0.00000308 -0.00000651 315.99000000 13.36840000 -999 -999 -9.00000000 -64.02610000 250 0.07121800 7.94021000 0.01200000 57213.90000000 0.54590000 8 9.03538000 0.33932000 0.08840000 0.05310000 0.01750000 0.00100000 1.00000000 0.00500000
ASASSN-15lu 150 0.03635000 0.00086000 0.03577000 0.00001000 0.03505000 0.00001000 16.75050000 0.18327300 36.00350000 0.18525100 -9.00000000 0 0 -0.04114100 0.03464600 -0.59034500 0.23379000 16.77500000 0.04072610 0.00349955 0.00013127 -0.00070698 0.00000322 -0.00000390 200.30400000 40.26570000 -999 -999 -9.00000000 -168.23200000 250 0.01381280 9.65851000 0.01000000 57199.40000000 0.39380000 10 21.11990000 0.02027300 0.08480000 0.05230000 0.01220000 0.00100000 1.00000000 0.00600000
2008hj 5 0.03682000 0.00088000 0.03643000 0.00015000 0.03761000 0.00015000 16.67520000 0.15425500 35.92820000 0.15660000 -9.00000000 0 1 -0.07550000 0.02205000 0.18381000 0.03639700 16.49450000 0.02871410 0.00453102 0.00011983 -0.00013290 0.00000040 -0.00000197 1.00800000 -11.16870000 -999 -999 -9.00000000 -111.99300000 250 0.03086160 9.94610000 0.39000000 54802.40000000 0.03530000 60 87.63600000 0.01149460 0.05170000 0.05280000 0.02750000 0.00200000 1.00000000 0.00600000
2008hj 65 0.03682000 0.00088000 0.03643000 0.00015000 0.03761000 0.00015000 16.63060000 0.18312900 35.88360000 0.18510900 -9.00000000 0 1 -0.09051600 0.03231000 -0.46377900 0.30543000 16.51360000 0.03876370 0.00445217 0.00015895 -0.00022729 -0.00000299 -0.00000405 1.00800000 -11.16870000 -999 -999 -9.00000000 -111.99300000 250 0.03086160 9.94610000 0.15500000 54803.50000000 0.58250000 8 28.96990000 0.00032098 0.08850000 0.05280000 0.04200000 0.00300000 1.00000000 0.00500000
2000dg 57 0.03697000 0.00087000 0.03725000 0.00002000 0.03849000 0.00002000 16.82180000 0.28802100 36.07480000 0.28928400 -9.00000000 0 0 -0.12839400 0.06307300 -1.33287000 0.42754000 16.75450000 0.08771280 0.00356605 0.00028809 -0.01445770 0.00007386 -0.00001324 1.55750000 8.88820000 -999 -999 -9.00000000 80.30640000 250 0.07948110 7.00000000 -9.00000000 51790.40000000 1.25950000 4 0.83996000 0.93301000 0.17700000 0.05200000 0.08070000 0.00700000 1.00000000 0.00500000
2002G 57 0.03702000 0.00086000 0.03631000 0.00001000 0.03548000 0.00001000 16.55260000 0.30698100 35.80560000 0.30816600 -9.00000000 0 0 0.24238000 0.02998500 -1.48150000 0.24187000 17.36590000 0.03395050 0.00203064 0.00006350 0.00118081 -0.00000283 -0.00000165 196.98000000 34.08510000 -999 -999 -9.00000000 -203.35800000 250 0.01088210 10.56130000 -9.00000000 52299.90000000 0.27050000 35 41.17480000 0.21849000 0.07030000 0.05140000 -0.20710000 0.00700000 1.00000000 0.02400000
2002G 63 0.03702000 0.00086000 0.03631000 0.00001000 0.03548000 0.00001000 16.67570000 0.31732400 35.92870000 0.31847100 -9.00000000 0 0 0.19738000 0.03971600 -1.20109000 0.43480000 17.34260000 0.06011060 0.00207467 0.00011486 0.00453162 -0.00003879 -0.00000339 196.98000000 34.08510000 -999 -999 -9.00000000 -203.35800000 250 0.01088210 10.56130000 0.02100000 52299.80000000 0.50230000 5 4.91722000 0.42607000 0.11700000 0.05140000 -0.17300000 0.00600000 1.00000000 0.02400000
2006mo 64 0.03702000 0.00088000 0.03616000 0.00016000 0.03719000 0.00016000 16.81650000 0.17293000 36.06950000 0.17502500 -9.00000000 0 0 0.00981500 0.03116900 -2.19330000 0.11243000 17.16620000 0.04400290 0.00244070 0.00009892 -0.00057825 0.00000166 -0.00000247 11.66060000 36.33270000 -999 -999 -9.00000000 -249.26300000 250 0.03833900 10.79300000 0.47100000 54047.60000000 0.26480000 22 24.30090000 0.33166000 0.07090000 0.05260000 -0.05660000 0.00100000 1.00000000 0.00600000
2008ei 57 0.03702000 0.00100000 0.03654000 0.00050000 0.03766000 0.00050000 16.82700000 0.33572800 36.08000000 0.33681200 -9.00000000 0 0 0.18318000 0.03143400 0.08020500 0.22258000 17.43980000 0.06008430 0.00189713 0.00010499 -0.00086310 0.00000479 -0.00000263 334.38800000 33.25590000 -999 -999 -9.00000000 -139.34600000 250 0.07192450 7.00000000 -9.00000000 54672.00000000 0.49600000 23 16.59100000 0.82883000 0.06930000 0.05970000 0.00580000 0.02100000 1.00000000 0.04400000
2002hu 63 0.03705000 0.00132000 0.03591000 0.00100000 0.03670000 0.00100000 16.71070000 0.16436200 35.96370000 0.16656500 -9.00000000 0 1 -0.09979100 0.02659600 0.52295000 0.09324700 16.39710000 0.03734280 0.00495625 0.00017046 0.00006727 -0.00000125 -0.00000361 34.58360000 37.46630000 -999 -999 -9.00000000 -326.81100000 250 0.03838870 10.09900000 4.71000000 52592.50000000 0.09550000 29 31.51820000 0.34141000 0.05900000 0.07880000 0.01970000 0.00100000 1.00000000 0.00300000
2000cf 62 0.03707000 0.00087000 0.03646000 0.00007000 0.03642000 0.00007000 16.79450000 0.16413300 36.04750000 0.16633900 -9.00000000 0 1 -0.04711800 0.02805500 -0.52047900 0.08308200 16.78940000 0.03862710 0.00345332 0.00012286 -0.00023789 0.00000206 -0.00000275 238.23400000 65.93690000 -999 -999 -9.00000000 -178.20900000 250 0.02872500 9.49238000 0.28089000 51673.20000000 0.27300000 42 72.18330000 0.00258210 0.06200000 0.05190000 0.01140000 0.00300000 1.00000000 0.00600000
2001eh 57 0.03725000 0.00088000 0.03627000 0.00016000 0.03713000 0.00016000 16.75370000 0.13249000 36.00670000 0.13521300 -9.00000000 0 1 -0.04286300 0.02563600 1.78553000 0.09174700 16.38150000 0.04340150 0.00502826 0.00020100 0.00229763 -0.00001150 -0.00000471 24.55040000 41.65520000 -999 -999 -9.00000000 -283.42400000 250 0.05469990 11.17940000 -9.00000000 52169.50000000 0.12160000 77 44.22800000 0.99901000 0.04890000 0.05220000 -0.02870000 0.00300000 1.00000000 0.00300000
2001eh 63 0.03725000 0.00088000 0.03627000 0.00016000 0.03713000 0.00016000 16.73970000 0.14671100 35.99270000 0.14917400 -9.00000000 0 1 -0.03011700 0.02835500 1.71263000 0.13209000 16.40710000 0.04536570 0.00491103 0.00020520 -0.00078357 0.00000362 -0.00000470 24.55040000 41.65520000 -999 -999 -9.00000000 -283.42400000 250 0.05469990 11.17940000 3.18600000 52170.20000000 0.30300000 32 80.12990000 0.00000524 0.06460000 0.05220000 -0.03920000 0.00200000 1.00000000 0.00300000
ASASSN-16db 150 0.03730000 0.00086000 0.03589000 0.00001000 0.03486000 0.00001000 16.61680000 0.18775900 35.86980000 0.18969000 -9.00000000 0 1 0.01602200 0.03646000 -1.00742000 0.15357000 16.81650000 0.04338640 0.00336814 0.00013459 -0.00003523 -0.00000382 -0.00000417 167.35700000 29.57320000 -999 -999 -9.00000000 -408.93200000 250 0.02260620 10.67800000 0.01300000 57465.30000000 0.24390000 13 24.53760000 0.02653040 0.08480000 0.05100000 -0.05080000 0.00100000 1.00000000 0.00600000
AT2016hns 150 0.03740000 0.00087000 0.03704000 0.00006000 0.03817000 0.00006000 16.72590000 0.16144000 35.97890000 0.16368300 -9.00000000 0 1 -0.09686700 0.03576200 -1.00508000 0.17591000 16.65640000 0.05454610 0.00390337 0.00019610 -0.00010634 -0.00000278 -0.00000539 324.92100000 24.40650000 -999 -999 -9.00000000 -105.31200000 250 0.06267880 10.47010000 0.01700000 57697.50000000 0.20820000 6 11.02770000 0.08752250 0.08330000 0.05140000 0.02940000 0.00100000 1.00000000 0.00200000
ASASSN-15bc 150 0.03753000 0.00087000 0.03639000 0.00010000 0.03672000 0.00010000 16.69600000 0.26121700 35.94900000 0.26260900 -9.00000000 0 1 0.05640500 0.03177700 0.56778000 0.15933000 16.86480000 0.04269350 0.00322175 0.00012669 0.00022852 -0.00000307 -0.00000331 61.56100000 -8.88560000 -999 -999 -9.00000000 -330.39900000 250 0.03746550 8.86694000 0.01100000 57047.80000000 0.16560000 10 4.13607000 0.94100000 0.07240000 0.05130000 0.02570000 0.00200000 1.00000000 0.02200000
2007jg 51 0.03756000 0.00086000 0.03652000 0.00001000 0.03707000 0.00001000 17.08030000 0.16910600 36.33330000 0.17124800 -9.00000000 0 1 -0.10463900 0.03262100 -0.41146200 0.25625000 16.92290000 0.07283080 0.00305390 0.00020485 0.00012374 0.00000336 -0.00000528 52.46170000 0.05680000 -999 -999 -9.00000000 -297.73500000 250 0.09127950 8.21426000 -9.00000000 54365.80000000 0.57400000 44 24.26160000 0.99317000 0.06960000 0.05060000 0.05300000 0.00300000 1.00000000 0.00500000
2007jg 5 0.03756000 0.00086000 0.03652000 0.00001000 0.03707000 0.00001000 16.96550000 0.16920100 36.21850000 0.17134100 -9.00000000 0 1 -0.03468100 0.02634600 -0.55364300 0.05828500 16.99730000 0.06138910 0.00285167 0.00016124 -0.00020382 0.00000065 -0.00000325 52.46170000 0.05680000 -999 -999 -9.00000000 -297.73500000 250 0.09127950 8.21426000 10.00000000 54367.10000000 0.07790000 52 53.50590000 0.41623000 0.05420000 0.05060000 0.00490000 0.00300000 1.00000000 0.00700000
AT2016cvw 150 0.03787000 0.00087000 0.03761000 0.00009000 0.03888000 0.00009000 16.75330000 0.20488400 36.00630000 0.20665600 -9.00000000 0 0 0.02059500 0.04304200 -1.83186000 0.18447000 17.07810000 0.06647220 0.00264713 0.00016207 -0.00079121 -0.00000036 -0.00000543 341.55300000 10.55880000 -999 -999 -9.00000000 -75.03260000 250 0.06792540 10.89430000 0.00100000 57560.20000000 0.43450000 12 15.19770000 0.23080000 0.09930000 0.05080000 -0.06160000 0.00100000 1.00000000 0.00700000
2002eu 57 0.03790000 0.00093000 0.03672000 0.00033000 0.03763000 0.00033000 16.80940000 0.16075600 36.06240000 0.16300800 -9.00000000 0 0 0.00589700 0.02423200 -2.06810000 0.11000000 17.13110000 0.04045860 0.00252097 0.00009394 -0.00030512 0.00000139 -0.00000165 27.43170000 32.62860000 -999 -999 -9.00000000 -342.82900000 250 0.03908320 10.57350000 -9.00000000 52519.60000000 0.31620000 39 43.78390000 0.27565000 0.05690000 0.05430000 -0.05410000 0.00100000 1.00000000 0.00600000
2008gb 65 0.03796000 0.00087000 0.03641000 0.00009000 0.03700000 0.00009000 16.83590000 0.19703400 36.08890000 0.19887600 -9.00000000 0 1 -0.02625400 0.04174300 0.03554300 0.26811000 16.80880000 0.11288000 0.00339232 0.00035267 -0.00044994 0.00000132 -0.00001203 44.48800000 46.86570000 -999 -999 -9.00000000 -447.19400000 250 0.17054000 9.17934000 4.49500000 54747.10000000 0.02070000 32 15.48620000 0.99384000 0.08620000 0.05070000 0.00690000 0.00300000 1.00000000 0.00800000
2007O 57 0.03818000 0.00087000 0.03732000 0.00001000 0.03694000 0.00001000 16.64080000 0.14930200 35.89380000 0.15172400 -9.00000000 0 1 -0.06886800 0.02771700 -0.12425900 0.20085000 16.48770000 0.03268830 0.00455971 0.00013728 -0.00051594 0.00000342 -0.00000312 224.02200000 45.40470000 -999 -999 -9.00000000 -245.94500000 250 0.01990230 10.83510000 -9.00000000 54123.80000000 0.31080000 22 37.00300000 0.02363790 0.07020000 0.05040000 -0.01090000 0.00100000 1.00000000 0.00300000
2007O 64 0.03818000 0.00087000 0.03732000 0.00001000 0.03694000 0.00001000 16.60870000 0.15029700 35.86170000 0.15270300 -9.00000000 0 1 -0.06018900 0.02927500 -0.53156800 0.09974100 16.54070000 0.03806640 0.00434212 0.00015224 -0.00006499 -0.00000108 -0.00000325 224.02200000 45.40470000 -999 -999 -9.00000000 -245.94500000 250 0.01990230 10.83510000 0.03100000 54125.60000000 0.34920000 34 40.21230000 0.21429000 0.07050000 0.05040000 -0.01270000 0.00100000 1.00000000 0.00300000
2008fr 65 0.03828000 0.00218000 0.03790000 0.00200000 0.03900000 0.00200000 16.86110000 0.23460400 36.11410000 0.23615300 -9.00000000 0 1 -0.11772600 0.02909200 0.49771000 0.11284000 16.52870000 0.04166680 0.00439053 0.00016849 -0.00067953 0.00000328 -0.00000387 17.95480000 14.64080000 -999 -999 -9.00000000 -110.97100000 250 0.03867750 8.07746000 0.07500000 54732.70000000 0.33690000 50 20.92800000 0.99991000 0.06770000 0.12600000 0.05270000 0.00300000 1.00000000 0.00500000
SN2017ciy 150 0.03834000 0.00136000 0.03762000 0.00105000 0.03765000 0.00105000 17.26470000 0.24431900 36.51770000 0.24580600 -9.00000000 0 0 0.01227300 0.03844800 1.46310000 0.26360000 17.15240000 0.05836190 0.00247202 0.00013288 -0.00060129 0.00000245 -0.00000407 256.02900000 25.05290000 -999 -999 -9.00000000 -206.06700000 250 0.05523000 9.70660000 0.00100000 57839.00000000 0.61480000 4 18.76850000 0.00087265 0.09080000 0.07850000 0.01320000 0.00200000 1.00000000 0.01300000
2008O 5 0.03847000 0.00088000 0.03940000 0.00014000 0.03889000 0.00014000 16.97240000 0.31001400 36.22540000 0.31118800 -9.00000000 0 0 0.25164000 0.02671600 -1.93144000 0.07093500 17.85870000 0.05448440 0.00128984 0.00006473 -0.00032861 0.00000054 -0.00000129 104.39400000 -45.81230000 -999 -999 -9.00000000 267.87300000 250 0.07585220 11.44660000 10.00000000 54491.00000000 0.14130000 46 164.97700000 0.00000000 0.05780000 0.05060000 -0.22920000 0.00700000 1.00000000 0.02400000
2009bv 65 0.03848000 0.00087000 0.03748000 0.00006000 0.03667000 0.00006000 17.00340000 0.14752400 36.25640000 0.14997400 -9.00000000 0 1 -0.13953800 0.02884900 0.46163000 0.08553300 16.61780000 0.02958370 0.00404461 0.00011021 0.00001410 -0.00000187 -0.00000272 196.83500000 35.78440000 -999 -999 -9.00000000 -287.73400000 250 0.00758106 10.12300000 0.34200000 54927.30000000 0.07580000 41 250.36800000 0.00000000 0.06800000 0.05000000 0.06160000 0.00200000 1.00000000 0.00200000
2008051 65 0.03873000 0.00087000 0.03835000 0.00006000 0.03777000 0.00006000 16.75950000 0.16819700 36.01250000 0.17035000 -9.00000000 0 1 -0.13221500 0.03039100 0.71931000 0.13509000 16.37000000 0.04224510 0.00508143 0.00019771 -0.00033177 0.00000164 -0.00000468 229.99500000 4.90460000 -999 -999 -9.00000000 -109.17500000 250 0.03668070 8.26419000 0.00000000 54616.80000000 0.33950000 41 63.01730000 0.01511540 0.07090000 0.04970000 0.07310000 0.00500000 1.00000000 0.00400000
ASASSN-15np 150 0.03884000 0.00087000 0.03832000 0.00005000 0.03768000 0.00005000 16.77300000 0.21784000 36.02600000 0.21950700 -9.00000000 0 1 0.05253000 0.03715800 -1.06429000 0.23568000 17.07480000 0.04708740 0.00265511 0.00011515 -0.00034820 -0.00000080 -0.00000313 226.51100000 7.56150000 -999 -999 -9.00000000 -150.19600000 250 0.02642200 10.14080000 0.00100000 57241.70000000 0.04710000 6 10.29400000 0.11281000 0.09560000 0.04960000 -0.07010000 0.00100000 1.00000000 0.01000000
2010dw 66 0.03902000 0.00088000 0.03871000 0.00015000 0.03812000 0.00015000 16.75950000 0.20292400 36.01250000 0.20471200 -9.00000000 0 0 0.05884900 0.03237800 0.19176000 0.11415000 16.87290000 0.06076470 0.00319761 0.00017896 -0.00044005 0.00000028 -0.00000444 230.66800000 -5.92110000 -999 -999 -9.00000000 -89.87100000 250 0.08021130 10.00800000 4.04700000 55358.30000000 0.23230000 19 64.15390000 0.00000084 0.07110000 0.04990000 -0.09260000 0.00200000 1.00000000 0.01100000
ASASSN-15pn 150 0.03909000 0.00087000 0.03800000 0.00000000 0.03836000 0.00000000 16.94320000 0.21916500 36.19620000 0.22082200 -9.00000000 0 0 0.00144700 0.03780900 0.38124000 0.18136000 16.95190000 0.06534460 0.00297321 0.00017894 -0.00031511 -0.00000197 -0.00000520 60.85980000 -5.49200000 -999 -999 -9.00000000 -314.39700000 250 0.08104930 9.13080000 0.09600000 57280.50000000 0.29040000 10 12.89800000 0.22943000 0.08600000 0.04930000 0.00810000 0.00100000 1.00000000 0.01100000
1999aw 50 0.03910000 0.00132000 0.03928000 0.00100000 0.03800000 0.00100000 16.95950000 0.18152300 36.21250000 0.18352000 -9.00000000 0 0 -0.05771900 0.02652200 2.26683000 0.08417500 16.52740000 0.03317890 0.00439589 0.00013433 -0.00054347 0.00000158 -0.00000316 165.40200000 -6.10880000 -999 -999 -9.00000000 53.09630000 250 0.02785790 9.41836000 0.30000000 51255.50000000 0.16520000 62 249.72000000 0.00000000 0.05940000 0.07470000 0.02840000 0.01300000 1.00000000 0.00600000
2008dr 57 0.04014000 0.00087000 0.03996000 0.00001000 0.04119000 0.00001000 17.03100000 0.14541500 36.28400000 0.14790100 -9.00000000 0 1 -0.00161500 0.02123700 -1.38746000 0.08215600 17.23450000 0.03217580 0.00229182 0.00006792 -0.00009720 0.00000003 -0.00000113 332.71500000 2.10820000 -999 -999 -9.00000000 -51.05330000 250 0.03693600 11.38880000 -9.00000000 54649.50000000 0.14430000 50 41.14140000 0.80965000 0.04770000 0.04800000 -0.04850000 0.00100000 1.00000000 0.00500000
PS15cze 150 0.04035000 0.00087000 0.03891000 0.00002000 0.03937000 0.00002000 17.29560000 0.23307600 36.54860000 0.23463500 -9.00000000 0 1 0.03000500 0.04777000 -1.51168000 0.24032000 17.59720000 0.12296000 0.00164105 0.00018585 -0.00044114 -0.00000079 -0.00000592 56.84760000 0.87720000 -999 -999 -9.00000000 -414.18800000 250 0.18478000 10.41360000 0.01300000 57364.30000000 0.17370000 14 27.13040000 0.01851530 0.12060000 0.04770000 -0.06660000 0.00100000 1.00000000 0.00700000
2003fa 57 0.04056000 0.00088000 0.04015000 0.00012000 0.04039000 0.00012000 16.76370000 0.14091000 36.01670000 0.14347300 -9.00000000 0 1 -0.09428700 0.02612500 1.18712000 0.05601400 16.36390000 0.03513390 0.00511018 0.00016536 -0.00007198 -0.00000027 -0.00000349 266.03200000 40.88100000 -999 -999 -9.00000000 -119.77700000 250 0.03368650 10.30910000 -9.00000000 52807.40000000 0.04510000 85 86.52730000 0.43348000 0.05770000 0.04800000 0.01450000 0.00200000 1.00000000 0.00300000
2003fa 63 0.04056000 0.00088000 0.04015000 0.00012000 0.04039000 0.00012000 16.82880000 0.14244400 36.08180000 0.14498000 -9.00000000 0 1 -0.05249900 0.02637000 1.50968000 0.09639000 16.47370000 0.03583710 0.00461855 0.00015245 0.00014087 -0.00000266 -0.00000332 266.03200000 40.88100000 -999 -999 -9.00000000 -119.77700000 250 0.03368650 10.30910000 4.25700000 52807.50000000 0.06930000 49 61.57800000 0.10716000 0.05800000 0.04800000 -0.02240000 0.00200000 1.00000000 0.00300000
SN2016glz 150 0.04077000 0.00087000 0.03975000 0.00007000 0.04099000 0.00007000 16.73880000 0.20872500 35.99180000 0.21046400 -9.00000000 0 0 -0.00329000 0.03662500 1.11871000 0.26331000 16.62590000 0.05934390 0.00401467 0.00021943 0.00087502 -0.00000746 -0.00000628 1.47320000 8.43020000 -999 -999 -9.00000000 -294.35300000 250 0.07045790 9.40195000 0.10000000 57664.50000000 0.37450000 7 9.06196000 0.24824000 0.08450000 0.04730000 0.00990000 0.00100000 1.00000000 0.01100000
PS16axi 150 0.04089000 0.00087000 0.04056000 0.00001000 0.03930000 0.00001000 16.87330000 0.16666200 36.12630000 0.16883500 -9.00000000 0 1 -0.02840600 0.03884000 -0.72498500 0.18818000 16.91770000 0.05074280 0.00306839 0.00014340 -0.00163205 0.00000478 -0.00000492 162.03000000 0.16350000 -999 -999 -9.00000000 -93.28010000 250 0.03383110 10.18050000 0.00100000 57461.30000000 0.47060000 14 23.79470000 0.04850620 0.08950000 0.04710000 -0.02710000 0.00100000 1.00000000 0.00300000
SN2017coa 150 0.04095000 0.00312000 0.04045000 0.00300000 0.04000000 0.00300000 17.15740000 0.30599800 36.41040000 0.30718700 -9.00000000 0 0 -0.04730200 0.03888100 0.71195000 0.31661000 16.97210000 0.05535680 0.00291836 0.00014879 -0.00064674 -0.00000853 -0.00000444 132.48000000 56.09900000 -999 -999 -9.00000000 -143.56100000 250 0.05568550 8.76499000 0.03000000 57848.90000000 0.47760000 5 8.14453000 0.22770000 0.10500000 0.16880000 0.01370000 0.00100000 1.00000000 0.00500000
2009do 65 0.04099000 0.00087000 0.04027000 0.00001000 0.03964000 0.00001000 16.78730000 0.14474900 36.04030000 0.14724500 -9.00000000 0 1 -0.03548100 0.02912500 -1.16148000 0.06415400 16.87670000 0.03290660 0.00318644 0.00009657 0.00001011 0.00000013 -0.00000234 188.74300000 50.85120000 -999 -999 -9.00000000 -206.57600000 250 0.01273250 10.46490000 0.02000000 54946.60000000 0.19130000 44 192.77100000 0.00000000 0.06590000 0.04700000 -0.02460000 0.00100000 1.00000000 0.00300000
2001az 63 0.04101000 0.00087000 0.04059000 0.00009000 0.04069000 0.00009000 17.06230000 0.14835700 36.31530000 0.15079400 -9.00000000 0 1 -0.08127100 0.02942300 1.11507000 0.40795000 16.70180000 0.04805620 0.00374357 0.00016570 0.00153605 0.00001587 -0.00000341 248.61500000 76.02970000 -999 -999 -9.00000000 -120.83300000 250 0.04358300 10.23900000 0.05900000 52031.20000000 0.81860000 14 9.76209000 0.77936000 0.07310000 0.04700000 0.00290000 0.00100000 1.00000000 0.00300000
2007jh 5 0.04167000 0.00087000 0.04023000 0.00001000 0.04075000 0.00001000 17.30710000 0.27881800 36.56010000 0.28012200 -9.00000000 0 0 0.18940000 0.02916400 -1.96997000 0.12118000 18.05810000 0.06156520 0.00107340 0.00006087 -0.00026003 0.00000001 -0.00000131 54.00640000 1.10340000 -999 -999 -9.00000000 -415.60900000 250 0.08909940 10.84000000 0.16000000 54365.80000000 0.18360000 31 135.86600000 0.00000000 0.06540000 0.04630000 -0.17770000 0.00600000 1.00000000 0.02300000
1992bl 50 0.04222000 0.00089000 0.04280000 0.00018000 0.04359000 0.00018000 16.95710000 0.20628200 36.21010000 0.20804200 -9.00000000 0 1 -0.06931800 0.04571000 -1.72194000 0.08435600 17.04920000 0.04176720 0.00271849 0.00010458 -0.00038804 -0.00000111 -0.00000310 348.80500000 -44.74330000 -999 -999 -9.00000000 167.01100000 250 0.01028310 10.83430000 0.28089000 48947.60000000 0.31790000 21 21.83280000 0.40920000 0.12120000 0.04670000 -0.00000000 0.00100000 1.00000000 0.00300000
2014bj 51 0.04258000 0.00507000 0.04239000 0.00500000 0.04300000 0.00500000 17.25760000 0.42563100 36.51060000 0.42648700 -9.00000000 0 1 -0.01065600 0.02904300 0.80842000 0.42646000 17.16040000 0.07315280 0.00245390 0.00016533 0.00071570 -0.00000293 -0.00000334 290.66300000 43.89080000 -999 -999 -9.00000000 -53.16040000 250 0.09081900 7.87303000 -9.00000000 56796.40000000 0.03360000 62 73.07540000 0.15867000 0.08920000 0.26390000 0.00260000 0.00400000 1.00000000 0.01000000
2006cf 64 0.04268000 0.00087000 0.04223000 0.00001000 0.04146000 0.00001000 17.04010000 0.14858400 36.29310000 0.15101800 -9.00000000 0 1 -0.12520600 0.03178800 -0.26140600 0.20558000 16.79200000 0.04040320 0.00344520 0.00012820 -0.00108187 0.00000616 -0.00000354 163.51100000 46.02670000 -999 -999 -9.00000000 -129.53800000 250 0.01372790 10.94790000 0.01000000 53874.20000000 0.50250000 6 35.05600000 0.00000420 0.07580000 0.04520000 0.04810000 0.00300000 1.00000000 0.00200000
2006cz 64 0.04268000 0.00090000 0.04251000 0.00021000 0.04175000 0.00021000 16.66080000 0.29325000 35.91380000 0.29449000 -9.00000000 0 0 0.14909000 0.03759700 1.55722000 0.44265000 16.80230000 0.05817760 0.00341268 0.00018286 -0.00736281 0.00001968 -0.00000534 222.15300000 -4.74190000 -999 -999 -9.00000000 -49.94950000 250 0.07151400 10.85440000 3.35000000 53906.60000000 1.04940000 5 25.71700000 0.00010125 0.12470000 0.04670000 -0.14220000 0.00800000 1.00000000 0.01900000
2007kk 51 0.04285000 0.00088000 0.04130000 0.00016000 0.04177000 0.00016000 16.99910000 0.17345000 36.25210000 0.17553800 -9.00000000 0 1 -0.04962300 0.04229300 0.94211000 0.21679000 16.73270000 0.12592000 0.00363833 0.00042197 -0.00036332 -0.00000290 -0.00001538 55.59690000 39.24180000 -999 -999 -9.00000000 -446.68600000 250 0.19586000 10.88910000 0.00200000 54383.70000000 0.31350000 50 31.15790000 0.98313000 0.07860000 0.04550000 -0.02630000 0.00100000 1.00000000 0.00300000
2007kk 65 0.04285000 0.00088000 0.04130000 0.00016000 0.04177000 0.00016000 16.95410000 0.16431200 36.20710000 0.16651500 -9.00000000 0 1 -0.05018800 0.04194300 0.93536000 0.13553000 16.68750000 0.12472000 0.00379329 0.00043575 -0.00328473 0.00002485 -0.00001639 55.59690000 39.24180000 -999 -999 -9.00000000 -446.68600000 250 0.19586000 10.88910000 0.04800000 54383.80000000 0.26280000 68 52.72560000 0.91384000 0.06830000 0.04550000 -0.02590000 0.00100000 1.00000000 0.00300000
AT2016htm 150 0.04289000 0.00088000 0.04265000 0.00015000 0.04332000 0.00015000 16.94880000 0.16026400 36.20180000 0.16252200 -9.00000000 0 1 -0.07832000 0.03269800 -0.46655800 0.20121000 16.85760000 0.03747540 0.00324306 0.00011194 0.00070301 -0.00000459 -0.00000315 38.01090000 -26.66590000 -999 -999 -9.00000000 -67.49110000 250 0.01458600 9.40838000 0.01400000 57702.60000000 0.13870000 10 19.59760000 0.03329700 0.07620000 0.04550000 0.02980000 0.00100000 1.00000000 0.00500000
ASASSN-16ct 150 0.04306000 0.00087000 0.04252000 0.00004000 0.04191000 0.00004000 16.99270000 0.20528800 36.24570000 0.20705600 -9.00000000 0 0 -0.00168300 0.03425600 1.47021000 0.19608000 16.83230000 0.04764250 0.00331969 0.00014567 -0.00104702 0.00000199 -0.00000402 228.47600000 4.75730000 -999 -999 -9.00000000 -155.75200000 250 0.04562490 8.98925000 0.05300000 57459.80000000 0.52700000 18 48.06800000 0.00014710 0.08350000 0.04480000 0.00930000 0.00200000 1.00000000 0.01100000
SN2016ayg 150 0.04349000 0.00088000 0.04328000 0.00012000 0.04269000 0.00012000 17.16350000 0.16385500 36.41650000 0.16606400 -9.00000000 0 0 -0.12859800 0.03537700 -0.26311100 0.16628000 16.92440000 0.04712530 0.00304954 0.00013236 0.00016495 -0.00000448 -0.00000375 112.57200000 25.03210000 -999 -999 -9.00000000 -60.56260000 250 0.04201610 8.05522000 0.09900000 57467.60000000 0.14870000 7 19.71500000 0.00621943 0.08280000 0.04490000 0.06740000 0.00200000 1.00000000 0.00400000
2007nq 5 0.04349000 0.00087000 0.04275000 0.00006000 0.04389000 0.00006000 16.96070000 0.14977300 36.21370000 0.15218700 -9.00000000 0 0 -0.04792700 0.02340600 -1.89805000 0.04905300 17.12830000 0.02920730 0.00252735 0.00006799 -0.00017955 0.00000018 -0.00000117 14.38990000 -1.38860000 -999 -999 -9.00000000 -212.64900000 250 0.03048460 11.11650000 0.16000000 54398.90000000 0.11130000 64 78.35220000 0.10704000 0.05630000 0.04440000 -0.01660000 0.00100000 1.00000000 0.00300000
2007nq 65 0.04349000 0.00087000 0.04275000 0.00006000 0.04389000 0.00006000 17.03520000 0.16442400 36.28820000 0.16662600 -9.00000000 0 0 -0.07556800 0.03447000 -1.73962000 0.17245000 17.12040000 0.05199000 0.00254595 0.00012191 0.00002201 0.00000185 -0.00000333 14.38990000 -1.38860000 -999 -999 -9.00000000 -212.64900000 250 0.03048460 11.11650000 0.06600000 54398.30000000 0.44280000 41 22.24110000 0.99259000 0.07540000 0.04440000 0.00980000 0.00100000 1.00000000 0.00300000
MASTERJ0134 150 0.04369000 0.00087000 0.04391000 0.00004000 0.04485000 0.00004000 17.00640000 0.17571400 36.25940000 0.17777700 -9.00000000 0 1 -0.07054900 0.04389400 0.40246000 0.20036000 16.80320000 0.06480280 0.00340972 0.00020351 -0.00036391 0.00000206 -0.00000779 23.56270000 -17.81210000 -999 -999 -9.00000000 60.64810000 250 0.01761150 9.19675000 0.00200000 57665.80000000 0.65870000 5 2.51605000 0.86667000 0.09110000 0.04420000 0.02190000 0.00100000 1.00000000 0.00500000
ASASSN-15mg 150 0.04408000 0.00087000 0.04307000 0.00001000 0.04277000 0.00001000 17.07680000 0.17918500 36.32980000 0.18120800 -9.00000000 0 1 -0.04488100 0.03722900 -1.55653000 0.15970000 17.23300000 0.04352140 0.00229500 0.00009199 -0.00067971 -0.00000112 -0.00000284 233.09400000 41.85040000 -999 -999 -9.00000000 -289.79600000 250 0.02785570 9.84386000 0.02900000 57218.10000000 0.14210000 12 9.16036000 0.68918000 0.09050000 0.04380000 0.01300000 0.00200000 1.00000000 0.00500000
AT2016cvv 150 0.04438000 0.00096000 0.04404000 0.00040000 0.04457000 0.00040000 17.29390000 0.22961900 36.54690000 0.23120100 -9.00000000 0 1 0.05470300 0.04358700 1.47222000 0.33066000 17.21960000 0.07412870 0.00232353 0.00015864 -0.00449484 0.00001086 -0.00000557 290.12000000 54.20870000 -999 -999 -9.00000000 -97.44350000 250 0.08860390 11.45940000 0.03400000 57558.10000000 0.71660000 9 24.26210000 0.00390558 0.11200000 0.04800000 -0.07860000 0.00200000 1.00000000 0.01000000
2005ku 5 0.04439000 0.00087000 0.04397000 0.00001000 0.04525000 0.00001000 17.03860000 0.24761100 36.29160000 0.24907800 -9.00000000 0 1 0.06224000 0.02468800 -0.19450000 0.14602000 17.31030000 0.03775870 0.00213728 0.00007433 -0.00026658 0.00000110 -0.00000132 344.92700000 -0.01370000 -999 -999 -9.00000000 -120.60000000 250 0.04625100 9.64568000 0.61000000 53699.50000000 0.22440000 20 73.71230000 0.00000004 0.06050000 0.04350000 -0.00180000 0.00900000 1.00000000 0.02300000
1992bh 50 0.04440000 0.00218000 0.04510000 0.00200000 0.04500000 0.00200000 17.29800000 0.26917400 36.55100000 0.27052500 -9.00000000 0 1 0.02365300 0.04534700 -0.00845500 0.14974000 17.34860000 0.03770840 0.00206331 0.00007166 -0.00201556 0.00000297 -0.00000257 74.86280000 -58.83040000 -999 -999 -9.00000000 202.27600000 250 0.01910940 10.13630000 0.30000000 48920.90000000 0.42950000 24 15.98190000 0.88873000 0.12090000 0.10890000 -0.07620000 0.00200000 1.00000000 0.00700000
2006gt 5 0.04464000 0.00087000 0.04366000 0.00002000 0.04480000 0.00002000 17.25840000 0.28499600 36.51140000 0.28627200 -9.00000000 0 0 0.09038400 0.02367700 -2.07243000 0.07302400 17.91830000 0.03001890 0.00122086 0.00003375 -0.00022362 0.00000012 -0.00000060 14.07210000 -1.62940000 -999 -999 -9.00000000 -282.87000000 250 0.03203580 9.98853000 0.13000000 54003.20000000 0.12320000 31 150.84300000 0.00000000 0.05690000 0.04320000 0.02230000 0.02300000 1.00000000 0.02800000
2006hx 5 0.04487000 0.00087000 0.04429000 0.00001000 0.04539000 0.00001000 17.20350000 0.16007300 36.45650000 0.16233400 -9.00000000 0 0 0.01165200 0.02439200 -0.13358800 0.07368300 17.24240000 0.02927760 0.00227526 0.00006135 0.00011194 -0.00000125 -0.00000114 18.48880000 0.37170000 -999 -999 -9.00000000 -166.74200000 250 0.02579670 10.10860000 0.13000000 54022.50000000 0.05440000 31 147.08300000 0.00000000 0.05800000 0.04300000 -0.06920000 0.00200000 1.00000000 0.00600000
PS16cqa 150 0.04521000 0.00087000 0.04433000 0.00001000 0.04385000 0.00001000 17.43360000 0.30372300 36.68660000 0.30492100 -9.00000000 0 0 0.17268000 0.05858800 -2.74165000 0.34485000 18.25140000 0.07848750 0.00089830 0.00006494 -0.00205844 0.00000437 -0.00000339 234.77900000 9.29460000 -999 -999 -9.00000000 -252.75800000 250 0.03396020 10.62430000 0.00100000 57545.20000000 0.71990000 10 20.78440000 0.02264810 0.12870000 0.04270000 -0.17300000 0.02200000 1.00000000 0.02100000
PSNJ1204051 150 0.04545000 0.00087000 0.04502000 0.00001000 0.04385000 0.00001000 17.20110000 0.19440000 36.45410000 0.19626600 -9.00000000 0 1 0.03584800 0.03604200 1.28783000 0.23330000 17.10260000 0.04291480 0.00258792 0.00010229 -0.00043017 -0.00000179 -0.00000305 181.02100000 14.06810000 -999 -999 -9.00000000 -123.44200000 250 0.02701480 10.09390000 0.00200000 57170.30000000 0.41170000 8 14.75880000 0.06400830 0.09040000 0.04250000 -0.07170000 0.00100000 1.00000000 0.00800000
2005hc 64 0.04575000 0.00087000 0.04496000 0.00002000 0.04592000 0.00002000 17.21040000 0.17141900 36.46340000 0.17353200 -9.00000000 0 1 -0.02655200 0.02777400 0.42521000 0.11499000 17.12290000 0.03429910 0.00253993 0.00008024 -0.00011208 -0.00000051 -0.00000182 29.19980000 -0.21370000 -999 -999 -9.00000000 -228.69100000 250 0.02814060 7.00000000 0.16100000 53668.30000000 0.13600000 54 75.93440000 0.02617840 0.06490000 0.04220000 0.00500000 0.00400000 1.00000000 0.00800000
2005hc 5 0.04575000 0.00087000 0.04496000 0.00002000 0.04592000 0.00002000 17.26090000 0.14951500 36.51390000 0.15193300 -9.00000000 0 1 -0.05810800 0.02216500 0.79280000 0.03824400 17.03380000 0.02724350 0.00275724 0.00006919 -0.00018788 0.00000032 -0.00000112 29.19980000 -0.21370000 -999 -999 -9.00000000 -228.69100000 250 0.02814060 7.00000000 0.14000000 53668.20000000 0.05430000 60 56.13640000 0.61765000 0.05380000 0.04220000 0.01720000 0.00400000 1.00000000 0.00600000
SN2016esh 150 0.04583000 0.00087000 0.04488000 0.00003000 0.04457000 0.00003000 16.90490000 0.18075100 36.15790000 0.18275600 -9.00000000 0 0 -0.11222000 0.04023400 -1.22230000 0.27035000 16.84750000 0.04944490 0.00327349 0.00014908 0.00108353 -0.00001492 -0.00000495 241.06000000 16.69020000 -999 -999 -9.00000000 -273.17000000 250 0.03064930 9.49048000 0.00700000 57613.30000000 0.22990000 7 13.89840000 0.05301810 0.09920000 0.04210000 0.05690000 0.00200000 1.00000000 0.00400000
PS17tn 150 0.04590000 0.00087000 0.04549000 0.00001000 0.04470000 0.00001000 17.12810000 0.19413700 36.38110000 0.19600500 -9.00000000 0 0 0.04362100 0.03511600 -0.60883800 0.17911000 17.33490000 0.03938620 0.00208955 0.00007580 -0.00013107 -0.00000215 -0.00000224 145.80700000 41.31730000 -999 -999 -9.00000000 -116.65700000 250 0.01450250 10.23940000 0.00100000 57785.40000000 0.26000000 7 17.03290000 0.01718530 0.08530000 0.04210000 -0.07030000 0.00100000 1.00000000 0.00800000
2008050 65 0.04625000 0.00090000 0.04627000 0.00020000 0.04526000 0.00020000 17.01060000 0.21642800 36.26360000 0.21810500 -9.00000000 0 1 -0.01159700 0.03439300 1.07343000 0.40803000 16.87280000 0.04318370 0.00319807 0.00012720 -0.00164164 -0.00000193 -0.00000372 204.19800000 5.14180000 -999 -999 -9.00000000 6.38680000 250 0.02280290 9.02736000 0.00000000 54621.00000000 0.66460000 28 37.05870000 0.11757000 0.10340000 0.04320000 0.00400000 0.00500000 1.00000000 0.01000000
AT2016ews 150 0.04631000 0.00087000 0.04612000 0.00001000 0.04555000 0.00001000 17.28640000 0.15691700 36.53940000 0.15922300 -9.00000000 0 0 -0.15924000 0.03685700 1.04450000 0.22071000 16.77290000 0.04825260 0.00350616 0.00015582 0.00148121 -0.00001204 -0.00000470 225.65200000 23.35280000 -999 -999 -9.00000000 -54.40870000 250 0.03806880 10.38810000 0.00500000 57619.90000000 0.19810000 6 12.13920000 0.05893410 0.08450000 0.04170000 0.08060000 0.00200000 1.00000000 0.00100000
2005lz 64 0.04643000 0.00088000 0.04541000 0.00014000 0.04624000 0.00014000 17.07170000 0.19314300 36.32470000 0.19502100 -9.00000000 0 1 0.05960000 0.03192000 -1.22727000 0.12822000 17.39710000 0.05872500 0.00197312 0.00010672 -0.00016154 -0.00000126 -0.00000263 32.70730000 34.98280000 -999 -999 -9.00000000 -292.45900000 250 0.07724510 11.03420000 3.55300000 53736.10000000 0.14500000 31 64.91420000 0.00034197 0.07040000 0.04210000 -0.09230000 0.00300000 1.00000000 0.01100000
360156 15 0.04656000 0.00087000 0.04673000 0.00001000 0.04551000 0.00001000 17.25510000 0.20781500 36.50810000 0.20956200 -9.00000000 0 1 -0.02834300 0.03545200 -0.86337400 0.14775000 17.36110000 0.04251570 0.00203967 0.00007987 0.00013962 -0.00000408 -0.00000231 150.80700000 1.89530000 -999 -999 15.39800000 46.50440000 250 0.01837250 9.80380000 0.04500000 55988.60000000 0.18410000 10 5.54857000 0.85166000 0.08500000 0.04150000 0.01390000 0.01700000 1.00000000 0.01100000
2004gu 5 0.04664000 0.00087000 0.04670000 0.00002000 0.04558000 0.00002000 17.21830000 0.19220300 36.47130000 0.19409000 -9.00000000 0 0 0.06981500 0.02258400 1.42917000 0.05930300 17.17810000 0.02564390 0.00241412 0.00005702 -0.00030617 0.00000034 -0.00000101 191.60300000 11.94890000 -999 -999 -9.00000000 18.53120000 250 0.02282940 10.02600000 0.14000000 53363.10000000 0.11980000 98 207.16900000 0.00000000 0.05520000 0.04140000 -0.09760000 0.00400000 1.00000000 0.01200000
2008cf 5 0.04682000 0.00088000 0.04692000 0.00009000 0.04603000 0.00009000 17.22560000 0.14571700 36.47860000 0.14819700 -9.00000000 0 1 -0.11643300 0.02449400 1.32938000 0.08955800 16.77830000 0.04251690 0.00348872 0.00013662 -0.00053083 0.00000230 -0.00000258 211.88600000 -26.55180000 -999 -999 -9.00000000 29.56970000 250 0.05759870 8.91208000 0.34000000 54594.90000000 0.26090000 32 113.17700000 0.00000000 0.05500000 0.04170000 0.05650000 0.00700000 1.00000000 0.00500000
2008cf 65 0.04682000 0.00088000 0.04692000 0.00009000 0.04603000 0.00009000 17.23270000 0.18092400 36.48570000 0.18292800 -9.00000000 0 1 -0.14353200 0.03112800 1.28827000 0.43295000 16.74010000 0.04849960 0.00361363 0.00016142 -0.00103476 0.00000799 -0.00000384 211.88600000 -26.55180000 -999 -999 -9.00000000 29.56970000 250 0.05759870 8.91208000 0.00000000 54595.10000000 0.76230000 19 6.71685000 0.99558000 0.09390000 0.04170000 0.08890000 0.00800000 1.00000000 0.00400000
AT2017yk 150 0.04691000 0.00089000 0.04764000 0.00015000 0.04644000 0.00015000 17.50520000 0.27937600 36.75820000 0.28067700 -9.00000000 0 1 0.15152000 0.04244000 -0.59932500 0.56570000 17.98030000 0.05244770 0.00115316 0.00005570 0.00524052 -0.00001227 -0.00000199 146.13300000 -12.30820000 -999 -999 -9.00000000 207.29100000 250 0.02952850 10.08030000 0.00300000 57788.70000000 0.47180000 4 7.71655000 0.10253000 0.11830000 0.04210000 -0.13430000 0.00400000 1.00000000 0.01900000
2016afk 150 0.04738000 0.00087000 0.04677000 0.00001000 0.04560000 0.00001000 17.31120000 0.22755300 36.56420000 0.22914900 -9.00000000 0 0 0.03245000 0.03770500 -0.29090300 0.22075000 17.50030000 0.05344970 0.00179427 0.00008833 0.00189554 -0.00000406 -0.00000277 155.62500000 15.09660000 -999 -999 -9.00000000 -172.35600000 250 0.04983600 9.44086000 0.00200000 57440.70000000 0.31180000 13 33.77280000 0.00130294 0.07840000 0.04080000 -0.00660000 0.00300000 1.00000000 0.01600000
PS16fa 150 0.04760000 0.00087000 0.04734000 0.00001000 0.04611000 0.00001000 17.34790000 0.15941700 36.60090000 0.16168800 -9.00000000 0 1 -0.00286800 0.03279700 -0.65179800 0.11284000 17.44220000 0.03845330 0.00189294 0.00006704 -0.00042994 0.00000004 -0.00000186 154.81900000 4.76170000 -999 -999 -9.00000000 -74.08730000 250 0.02181810 10.28810000 0.01300000 57400.30000000 0.21880000 18 18.78820000 0.40497000 0.07630000 0.04060000 -0.04540000 0.00100000 1.00000000 0.00400000
PS15aii 150 0.04777000 0.00087000 0.04768000 0.00001000 0.04655000 0.00001000 17.34160000 0.14285600 36.59460000 0.14538500 -9.00000000 0 1 -0.06097200 0.03340400 0.34871000 0.14261000 17.13770000 0.03880660 0.00250558 0.00008955 0.00021406 -0.00000228 -0.00000252 191.19000000 9.75970000 -999 -999 -9.00000000 -26.35070000 250 0.02243200 10.38230000 0.01200000 57159.10000000 0.17570000 9 8.88446000 0.44801000 0.07720000 0.04050000 -0.01630000 0.00100000 1.00000000 0.00200000
PS17akj 150 0.04777000 0.00087000 0.04780000 0.00001000 0.04681000 0.00001000 17.30970000 0.20705300 36.56270000 0.20880600 -9.00000000 0 1 -0.06000600 0.03815000 1.35352000 0.24805000 16.99730000 0.05059320 0.00285151 0.00013287 -0.00014938 -0.00000847 -0.00000193 207.45500000 -3.08000000 -999 -999 -9.00000000 8.60790000 250 0.04426960 8.85712000 0.00500000 57798.80000000 0.29890000 9 18.83310000 0.02665020 0.11990000 0.04050000 0.02040000 0.00100000 1.00000000 0.00500000
ATLAS16agv 150 0.04819000 0.00089000 0.04777000 0.00017000 0.04779000 0.00017000 17.24460000 0.16366000 36.49760000 0.16587300 -9.00000000 0 0 -0.09415400 0.03394900 1.32221000 0.20590000 16.85290000 0.03964720 0.00325704 0.00011893 -0.00036220 -0.00000089 -0.00000336 250.29000000 50.97240000 -999 -999 -9.00000000 -119.84400000 250 0.02115030 9.10622000 0.10000000 57470.00000000 0.36310000 10 22.64390000 0.01214020 0.08370000 0.04100000 0.04210000 0.00100000 1.00000000 0.00400000
ASASSN-15pm 150 0.04837000 0.00089000 0.04777000 0.00015000 0.04879000 0.00015000 17.12050000 0.15236700 36.37350000 0.15474100 -9.00000000 0 1 -0.05819800 0.03485100 -0.07047800 0.17495000 16.98990000 0.04178110 0.00287103 0.00011048 -0.00063628 -0.00000068 -0.00000317 24.65040000 -4.67980000 -999 -999 -9.00000000 -170.03100000 250 0.02765210 10.29200000 0.09700000 57278.70000000 0.36230000 10 11.01930000 0.35602000 0.08530000 0.04090000 -0.01340000 0.00100000 1.00000000 0.00200000
1995ac 61 0.04860000 0.00087000 0.04867000 0.00002000 0.04990000 0.00002000 17.07730000 0.13312400 36.33030000 0.13583500 -9.00000000 0 1 -0.06143500 0.02762400 0.75620000 0.08774100 16.80890000 0.03746710 0.00339195 0.00011705 -0.00022234 -0.00000006 -0.00000259 341.39200000 -8.75130000 -999 -999 -9.00000000 20.11850000 250 0.03647700 10.38440000 0.07000000 49993.50000000 0.11920000 67 143.95200000 0.00000015 0.06290000 0.03980000 -0.01930000 0.00200000 1.00000000 0.00300000
AT2016gmg 150 0.04865000 0.00088000 0.04839000 0.00011000 0.04944000 0.00011000 17.38800000 0.17944300 36.64100000 0.18146200 -9.00000000 0 0 -0.04829800 0.04787600 -1.82133000 0.27784000 17.53280000 0.08954280 0.00174141 0.00014362 0.00111469 -0.00000615 -0.00000528 320.92400000 33.11470000 -999 -999 -9.00000000 -72.71400000 250 0.11756000 10.99550000 0.00100000 57662.20000000 0.25420000 8 24.51570000 0.00187704 0.10670000 0.04020000 -0.02700000 0.00100000 1.00000000 0.00200000
1990af 50 0.04934000 0.00089000 0.05018000 0.00015000 0.05057000 0.00015000 17.34670000 0.20087700 36.59970000 0.20268400 -9.00000000 0 0 -0.06932000 0.04549000 -2.16797000 0.14105000 17.50160000 0.03783900 0.00179209 0.00006246 -0.00063264 -0.00000019 -0.00000212 323.74700000 -62.73710000 -999 -999 -9.00000000 238.03200000 250 0.03034130 11.24210000 0.28089000 48196.00000000 0.16730000 24 10.58450000 0.99168000 0.11970000 0.04010000 -0.00300000 0.00200000 1.00000000 0.00300000
PS16el 150 0.04940000 0.00087000 0.04896000 0.00001000 0.04780000 0.00001000 17.21610000 0.17492300 36.46910000 0.17699500 -9.00000000 0 1 -0.04014100 0.03829000 -1.31125000 0.15007000 17.34140000 0.04760960 0.00207709 0.00009108 -0.00091286 -0.00000006 -0.00000302 162.80200000 19.36250000 -999 -999 -9.00000000 -126.33400000 250 0.03336590 9.98418000 0.00100000 57394.90000000 0.20310000 18 15.93320000 0.59721000 0.08860000 0.03920000 0.00350000 0.00300000 1.00000000 0.00500000
2006cq 64 0.04944000 0.00088000 0.04928000 0.00002000 0.04844000 0.00002000 17.32980000 0.16591400 36.58280000 0.16809700 -9.00000000 0 1 -0.00685700 0.02907300 -0.16718000 0.50830000 17.32410000 0.03154570 0.00211032 0.00006131 0.00417774 -0.00000798 -0.00000153 201.10500000 30.95630000 -999 -999 -9.00000000 -44.66850000 250 0.01287830 10.65510000 0.40100000 53890.00000000 0.32880000 10 12.52040000 0.25174000 0.08500000 0.03960000 -0.06150000 0.00200000 1.00000000 0.00400000
1993ag 50 0.04985000 0.00089000 0.05019000 0.00015000 0.04909000 0.00015000 17.38720000 0.24289900 36.64020000 0.24439500 -9.00000000 0 0 0.04730900 0.05006300 -0.82868600 0.13624000 17.61410000 0.07005890 0.00161568 0.00010425 -0.00123586 0.00000018 -0.00000341 150.89400000 -35.46260000 -999 -999 -9.00000000 96.22670000 250 0.09516830 10.71910000 0.28089000 49317.20000000 0.24540000 22 21.38630000 0.49699000 0.12730000 0.03970000 -0.09400000 0.00400000 1.00000000 0.00900000
PS15asb 150 0.04989000 0.00094000 0.04952000 0.00033000 0.04863000 0.00033000 17.21840000 0.18355500 36.47140000 0.18553000 -9.00000000 0 1 0.00342000 0.04027100 -1.52138000 0.24469000 17.44250000 0.05335770 0.00189234 0.00009300 -0.00035343 0.00000117 -0.00000297 215.08500000 -9.30090000 -999 -999 -9.00000000 -107.07000000 250 0.04564890 10.28840000 0.10000000 57194.30000000 0.48490000 8 11.99500000 0.15143000 0.09620000 0.04190000 -0.06330000 0.00100000 1.00000000 0.00500000
1998dx 62 0.05018000 0.00088000 0.04980000 0.00004000 0.05014000 0.00004000 17.31630000 0.15345500 36.56930000 0.15581200 -9.00000000 0 0 -0.10658500 0.03309700 -1.59626000 0.29474000 17.31280000 0.04589450 0.00213247 0.00009014 0.00053349 0.00000229 -0.00000226 272.80000000 49.86130000 -999 -999 -9.00000000 -106.53900000 250 0.03474410 11.27930000 0.28089000 51072.50000000 0.43870000 11 8.00112000 0.71320000 0.08080000 0.03900000 0.03820000 0.00200000 1.00000000 0.00200000
PS16dnp 150 0.05023000 0.00088000 0.04998000 0.00003000 0.05127000 0.00003000 17.60530000 0.16097800 36.85830000 0.16322600 -9.00000000 0 1 -0.09438300 0.03728700 0.80899000 0.24012000 17.28680000 0.06433660 0.00218412 0.00012942 -0.00023521 0.00000036 -0.00000384 344.91500000 2.14980000 -999 -999 -9.00000000 -70.97040000 250 0.07904650 8.04941000 0.28500000 57598.00000000 0.35580000 16 27.04620000 0.04097210 0.08390000 0.03900000 0.04030000 0.00100000 1.00000000 0.00400000
2007kh 65 0.05032000 0.00508000 0.04944000 0.00500000 0.05000000 0.00500000 17.28730000 0.45260700 36.54030000 0.45341100 -9.00000000 0 1 0.11931000 0.06317300 0.61284000 0.39568000 17.61270000 0.13391000 0.00161780 0.00019953 -0.00318278 0.00001256 -0.00001042 48.80040000 43.17030000 -999 -999 -9.00000000 -250.68400000 250 0.17049000 9.56783000 0.06300000 54366.30000000 1.06830000 20 19.33140000 0.50039000 0.12910000 0.22460000 -0.00550000 0.01700000 1.00000000 0.03100000
ASASSN-17eb 150 0.05044000 0.00088000 0.04970000 0.00001000 0.04924000 0.00001000 17.20910000 0.20008200 36.46210000 0.20189600 -9.00000000 0 0 0.04490800 0.04003100 -1.50448000 0.18454000 17.53330000 0.05493080 0.00174045 0.00008805 -0.00129347 0.00000308 -0.00000284 234.64200000 13.34780000 -999 -999 -9.00000000 -213.56200000 250 0.03546710 10.83780000 0.00000000 57836.80000000 0.56040000 5 2.18367000 0.82319000 0.09360000 0.03880000 -0.08900000 0.00200000 1.00000000 0.00800000
PS15brr 150 0.05049000 0.00088000 0.05063000 0.00009000 0.05180000 0.00009000 17.29310000 0.18904300 36.54610000 0.19096100 -9.00000000 0 0 -0.07921000 0.04164500 0.69604000 0.26825000 17.02670000 0.05767140 0.00277538 0.00014742 0.00118509 -0.00000971 -0.00000410 358.35600000 -15.65450000 -999 -999 -9.00000000 40.26780000 250 0.02762980 9.68818000 0.01300000 57259.60000000 0.59650000 7 13.84690000 0.08584380 0.10770000 0.03880000 0.02880000 0.00100000 1.00000000 0.00400000
2008hu 5 0.05052000 0.00089000 0.05071000 0.00014000 0.04981000 0.00014000 17.45060000 0.13060200 36.70360000 0.13336400 -9.00000000 0 0 -0.04944900 0.02802500 -1.71892000 0.05679200 17.58660000 0.06237260 0.00165707 0.00009519 -0.00015845 0.00000036 -0.00000202 122.31200000 -18.65360000 -999 -999 -9.00000000 55.26050000 250 0.09234690 11.50000000 0.20000000 54806.80000000 0.13390000 50 86.79100000 0.00096984 0.05800000 0.03920000 -0.01700000 0.00200000 1.00000000 0.00300000
AT2016cor 150 0.05066000 0.00088000 0.04995000 0.00003000 0.04954000 0.00003000 17.59930000 0.30135000 36.85230000 0.30255700 -9.00000000 0 0 0.13877000 0.03549500 -0.54716900 0.28855000 18.12210000 0.04330950 0.00101192 0.00004036 0.00052639 -0.00000046 -0.00000122 236.13000000 16.30350000 -999 -999 -9.00000000 -201.71800000 250 0.02663850 9.59462000 0.01400000 57541.80000000 0.27570000 16 23.34330000 0.10486000 0.08540000 0.03870000 -0.03940000 0.01100000 1.00000000 0.03300000
PS16fbb 150 0.05106000 0.00088000 0.05139000 0.00010000 0.05250000 0.00010000 17.62740000 0.16618100 36.88040000 0.16836000 -9.00000000 0 1 -0.11494900 0.03867300 0.64076000 0.25359000 17.28310000 0.04359650 0.00219154 0.00008800 0.00194225 -0.00000689 -0.00000290 1.76310000 -20.69680000 -999 -999 -9.00000000 91.73980000 250 0.01762340 8.77965000 0.01400000 57719.50000000 0.22700000 5 14.16080000 0.01461960 0.08920000 0.03840000 0.05330000 0.00100000 1.00000000 0.00400000
2003ic 63 0.05126000 0.00088000 0.05196000 0.00002000 0.05311000 0.00002000 17.14000000 0.19963100 36.39300000 0.20144800 -9.00000000 0 0 -0.02317400 0.03749300 -1.69928000 0.25104000 17.38610000 0.05889250 0.00199334 0.00010812 -0.00256909 0.00000999 -0.00000332 10.45930000 -9.30530000 -999 -999 -9.00000000 198.52700000 250 0.03241560 9.30338000 0.46200000 52906.60000000 0.85970000 10 7.74411000 0.65382000 0.08860000 0.03820000 0.01460000 0.00900000 1.00000000 0.00900000
ASASSN-16hc 150 0.05151000 0.00088000 0.05165000 0.00001000 0.05093000 0.00001000 17.33320000 0.15449100 36.58620000 0.15683200 -9.00000000 0 1 -0.07877700 0.03422200 1.21850000 0.27674000 16.96330000 0.03770000 0.00294220 0.00010216 -0.00044772 0.00000110 -0.00000295 209.76800000 33.13900000 -999 -999 -9.00000000 40.67700000 250 0.01248450 10.75470000 0.00100000 57582.40000000 0.45070000 9 26.04740000 0.00200681 0.08870000 0.03800000 0.00110000 0.00100000 1.00000000 0.00200000
1993O 50 0.05194000 0.00091000 0.05148000 0.00023000 0.05051000 0.00023000 17.52290000 0.22657900 36.77590000 0.22818200 -9.00000000 0 0 -0.10224700 0.04554600 -0.65065700 0.10008000 17.37690000 0.04440110 0.00201016 0.00008221 -0.00002983 -0.00000118 -0.00000261 202.78500000 -33.21520000 -999 -999 -9.00000000 -131.15600000 250 0.04553420 10.27590000 -9.00000000 49134.70000000 0.11980000 31 48.14900000 0.02546380 0.11630000 0.03900000 0.02180000 0.00300000 1.00000000 0.00200000
2006ot 5 0.05202000 0.00089000 0.05232000 0.00015000 0.05310000 0.00015000 17.61490000 0.20655100 36.86790000 0.20830800 -9.00000000 0 1 0.09956700 0.02315000 0.82077000 0.09162500 17.72730000 0.02542170 0.00145572 0.00003408 -0.00036839 0.00000064 -0.00000062 33.77020000 -20.76620000 -999 -999 -9.00000000 85.93490000 250 0.01521330 11.37360000 0.17000000 54064.20000000 0.24490000 45 225.36000000 0.00000000 0.05730000 0.03810000 -0.12680000 0.00400000 1.00000000 0.01400000
2006ot 64 0.05202000 0.00089000 0.05232000 0.00015000 0.05310000 0.00015000 17.29030000 0.29760700 36.54330000 0.29882900 -9.00000000 0 0 0.13415000 0.04904500 -1.13594000 0.45360000 17.77790000 0.03947950 0.00138939 0.00005052 0.00096947 0.00000123 -0.00000121 33.77020000 -20.76620000 -999 -999 -9.00000000 85.93490000 250 0.01521330 11.37360000 3.20300000 54064.90000000 0.86690000 6 31.10610000 0.00002419 0.14840000 0.03810000 -0.14720000 0.00700000 1.00000000 0.01700000
AT2016htn 150 0.05222000 0.00089000 0.05229000 0.00015000 0.05312000 0.00015000 17.58810000 0.21657200 36.84110000 0.21824900 -9.00000000 0 1 0.07710600 0.03747300 -0.15087900 0.35045000 17.79950000 0.04391540 0.00136201 0.00005509 0.00191453 -0.00000506 -0.00000176 32.87110000 -16.51020000 -999 -999 -9.00000000 20.94120000 250 0.02318140 10.26480000 0.00100000 57701.30000000 0.31560000 6 5.59944000 0.46952000 0.09370000 0.03800000 -0.10160000 0.00300000 1.00000000 0.01100000
PS16evk 150 0.05262000 0.00088000 0.05320000 0.00001000 0.05447000 0.00001000 17.66140000 0.20574500 36.91440000 0.20750900 -9.00000000 0 1 -0.03006100 0.04268800 1.53705000 0.34236000 17.40230000 0.06627940 0.00196370 0.00011988 -0.00171829 0.00000218 -0.00000389 338.34400000 -1.35700000 -999 -999 -9.00000000 165.11000000 250 0.06135960 9.93232000 0.00100000 57694.60000000 0.87210000 7 5.80398000 0.66918000 0.11090000 0.03720000 0.00820000 0.00200000 1.00000000 0.00600000
PS16n 150 0.05309000 0.00088000 0.05268000 0.00002000 0.05273000 0.00002000 17.52220000 0.15949700 36.77520000 0.16176600 -9.00000000 0 0 -0.06026900 0.04275600 -0.32790700 0.20022000 17.42720000 0.06348490 0.00191923 0.00011222 -0.00017581 -0.00000253 -0.00000402 75.93330000 3.41250000 -999 -999 -9.00000000 -119.12600000 250 0.06588940 10.02280000 0.03800000 57392.50000000 0.21320000 14 23.05010000 0.05945920 0.09440000 0.03690000 -0.00940000 0.00100000 1.00000000 0.00200000
2010dt 66 0.05316000 0.00088000 0.05291000 0.00002000 0.05287000 0.00002000 17.59440000 0.17007400 36.84740000 0.17220400 -9.00000000 0 1 -0.10615000 0.04227600 -0.08084400 0.44217000 17.35230000 0.05993430 0.00205621 0.00011351 0.00895738 -0.00003845 -0.00000395 250.81100000 32.67510000 -999 -999 -9.00000000 -69.11880000 250 0.02909850 10.16590000 0.44100000 55361.70000000 0.18980000 4 8.14329000 0.08646810 0.09930000 0.03690000 0.02180000 0.00300000 1.00000000 0.00200000
2006lu 5 0.05346000 0.00088000 0.05449000 0.00009000 0.05340000 0.00009000 17.61010000 0.13106500 36.86310000 0.13381700 -9.00000000 0 1 -0.13952500 0.02805300 0.26916000 0.06653600 17.25160000 0.06671910 0.00225613 0.00013864 -0.00020491 0.00000058 -0.00000284 138.82400000 -25.60010000 -999 -999 -9.00000000 291.10900000 250 0.09926230 10.06680000 0.14000000 54036.30000000 0.02010000 42 53.13620000 0.11642000 0.06100000 0.03670000 0.06020000 0.00300000 1.00000000 0.00200000
PS16bby 150 0.05468000 0.00088000 0.05430000 0.00008000 0.05343000 0.00008000 17.57970000 0.17685200 36.83270000 0.17890200 -9.00000000 0 0 0.00245100 0.04211300 -0.80609900 0.23467000 17.70420000 0.07514210 0.00148702 0.00010291 0.00085775 -0.00000349 -0.00000330 215.07500000 -22.18900000 -999 -999 -9.00000000 -108.87800000 250 0.09924130 10.48710000 0.00200000 57466.80000000 0.21280000 13 16.13290000 0.24203000 0.09430000 0.03590000 -0.05440000 0.00100000 1.00000000 0.00400000
PS16ayd 150 0.05469000 0.00088000 0.05485000 0.00001000 0.05399000 0.00001000 17.60510000 0.14713600 36.85810000 0.14959300 -9.00000000 0 1 -0.13150600 0.03409800 0.92156000 0.20705000 17.16820000 0.04575520 0.00243624 0.00010267 0.00041360 -0.00000058 -0.00000292 216.82600000 -1.67530000 -999 -999 -9.00000000 45.73290000 250 0.04172310 10.43280000 0.02400000 57460.80000000 0.38890000 16 29.79600000 0.01908900 0.07620000 0.03590000 0.05330000 0.00200000 1.00000000 0.00100000
SN2017cpu 150 0.05502000 0.00088000 0.05529000 0.00001000 0.05440000 0.00001000 17.39030000 0.17333300 36.64330000 0.17542300 -9.00000000 0 0 -0.06061100 0.03777800 0.75323000 0.34236000 17.12320000 0.04344130 0.00253942 0.00010160 -0.00231699 0.00000254 -0.00000321 211.96900000 9.64200000 -999 -999 -9.00000000 78.29320000 250 0.02376890 10.52100000 0.00100000 57847.70000000 0.63070000 5 9.61243000 0.14195000 0.10680000 0.03570000 -0.02100000 0.00100000 1.00000000 0.00200000
490007 15 0.05541000 0.00088000 0.05513000 0.00001000 0.05439000 0.00001000 17.61460000 0.19249000 36.86760000 0.19437400 -9.00000000 0 1 -0.02612600 0.03312300 -0.20570600 0.08650000 17.62460000 0.03936670 0.00160009 0.00005802 0.00021009 -0.00000165 -0.00000162 184.26800000 46.62750000 -999 -999 17.10940000 -80.93860000 250 0.01572290 9.16275000 0.06700000 56365.70000000 0.07640000 12 12.20480000 0.42938000 0.07450000 0.03540000 0.00810000 0.00500000 1.00000000 0.01100000
AT2017oz 150 0.05614000 0.00088000 0.05641000 0.00001000 0.05569000 0.00001000 17.55790000 0.19126500 36.81090000 0.19316200 -9.00000000 0 0 -0.02195300 0.03706300 -0.06761600 0.32015000 17.53790000 0.04084500 0.00173318 0.00006520 0.00119810 -0.00000632 -0.00000205 211.67300000 30.31880000 -999 -999 -9.00000000 78.85580000 250 0.01083630 9.48953000 0.01400000 57788.00000000 0.31180000 6 10.97200000 0.08924550 0.09580000 0.03500000 -0.01450000 0.00200000 1.00000000 0.00700000
2006py 5 0.05653000 0.00088000 0.05658000 0.00001000 0.05787000 0.00001000 17.65680000 0.18307000 36.90980000 0.18505100 -9.00000000 0 0 -0.01470600 0.02474400 0.18650000 0.20803000 17.62610000 0.03937260 0.00159798 0.00005795 0.00054765 -0.00000065 -0.00000103 340.42500000 -0.13690000 -999 -999 -9.00000000 14.33750000 250 0.05170390 9.57313000 0.01000000 54071.40000000 0.21320000 21 43.07930000 0.00307104 0.06040000 0.03470000 -0.01010000 0.00600000 1.00000000 0.00900000
PS16aer 150 0.05693000 0.00088000 0.05668000 0.00001000 0.05547000 0.00001000 17.78630000 0.17422800 37.03930000 0.17630800 -9.00000000 0 1 0.03152600 0.03540700 -0.05297200 0.22047000 17.86250000 0.04194020 0.00128529 0.00004965 0.00116085 -0.00000317 -0.00000153 163.74200000 14.27160000 -999 -999 -9.00000000 -71.05230000 250 0.02011800 10.27110000 0.01200000 57434.10000000 0.15550000 18 27.19740000 0.07536730 0.08090000 0.03450000 -0.08150000 0.00200000 1.00000000 0.00600000
2005hj 5 0.05708000 0.00088000 0.05631000 0.00001000 0.05739000 0.00001000 17.73730000 0.16931200 36.99030000 0.17145100 -9.00000000 0 1 -0.02589000 0.02402400 1.61884000 0.10542000 17.47170000 0.02973560 0.00184218 0.00005045 -0.00037657 0.00000016 -0.00000087 21.70170000 -1.23810000 -999 -999 -9.00000000 -217.87800000 250 0.03331690 9.22407000 0.13000000 53674.90000000 0.17350000 36 94.73470000 0.00000035 0.06160000 0.03440000 0.00090000 0.01000000 1.00000000 0.00800000
2008eq 51 0.05728000 0.00088000 0.05680000 0.00000000 0.05680000 0.00000000 17.81570000 0.21967000 37.06870000 0.22132300 -9.00000000 0 1 0.10104000 0.03405500 0.50506000 0.24341000 17.97170000 0.05326140 0.00116235 0.00005702 0.00102343 -0.00000351 -0.00000142 255.03000000 23.13240000 -999 -999 -9.00000000 -136.25300000 250 0.06263030 10.18090000 0.00400000 54690.10000000 0.23940000 29 17.00920000 0.96204000 0.08390000 0.03430000 -0.13440000 0.00500000 1.00000000 0.01300000
2006ob 5 0.05824000 0.00088000 0.05760000 0.00004000 0.05860000 0.00004000 17.72910000 0.13548500 36.98210000 0.13814900 -9.00000000 0 0 -0.04405700 0.02593500 -2.16098000 0.10318000 17.93860000 0.02842440 0.00119825 0.00003137 -0.00038010 -0.00000012 -0.00000057 27.95060000 0.26330000 -999 -999 -9.00000000 -179.42400000 250 0.02847910 11.03020000 0.18000000 54063.80000000 0.12100000 28 24.60210000 0.64939000 0.06820000 0.03370000 -0.02540000 0.00200000 1.00000000 0.00300000
2006ob 64 0.05824000 0.00088000 0.05760000 0.00004000 0.05860000 0.00004000 17.67940000 0.14423400 36.93240000 0.14674000 -9.00000000 0 0 -0.02156100 0.03055400 -2.38342000 0.15248000 17.96930000 0.03559520 0.00116483 0.00003819 0.00005799 -0.00000085 -0.00000094 27.95060000 0.26330000 -999 -999 -9.00000000 -179.42400000 250 0.02847910 11.03020000 0.04800000 54063.10000000 0.14420000 39 50.74860000 0.09852540 0.07390000 0.03370000 -0.04740000 0.00300000 1.00000000 0.00300000
SN2016gmb 150 0.05830000 0.00089000 0.05708000 0.00008000 0.05827000 0.00008000 17.70150000 0.18083800 36.95450000 0.18284200 -9.00000000 0 1 -0.09935900 0.04375100 1.12870000 0.28748000 17.32710000 0.06966050 0.00210451 0.00013502 -0.00325498 0.00001148 -0.00000475 8.68610000 -6.15890000 -999 -999 -9.00000000 -343.70200000 250 0.02926040 9.39885000 0.00300000 57656.50000000 1.03320000 9 8.85707000 0.54572000 0.10510000 0.03410000 0.04700000 0.00200000 1.00000000 0.00300000
2001ah 63 0.05886000 0.00088000 0.05837000 0.00001000 0.05776000 0.00001000 17.72720000 0.21386900 36.98020000 0.21556600 -9.00000000 0 1 -0.05512800 0.02950600 1.32600000 0.56127000 17.39320000 0.05855520 0.00198023 0.00010680 0.00150967 -0.00004224 -0.00000165 167.62400000 55.16080000 -999 -999 -9.00000000 -138.06000000 250 0.01107470 10.57190000 0.02000000 52007.00000000 0.67870000 16 22.13180000 0.13899000 0.13600000 0.03340000 -0.02030000 0.00300000 1.00000000 0.00300000
2001ah 57 0.05886000 0.00088000 0.05837000 0.00001000 0.05776000 0.00001000 17.89300000 0.25135800 37.14600000 0.25280400 -9.00000000 0 0 -0.11550500 0.05717000 1.74513000 0.40731000 17.36180000 0.04555530 0.00203833 0.00008552 0.00331485 -0.00002174 -0.00000313 167.62400000 55.16080000 -999 -999 -9.00000000 -138.06000000 250 0.01107470 10.57190000 -9.00000000 52006.20000000 0.26710000 18 10.61280000 0.91006000 0.16440000 0.03340000 0.03100000 0.00800000 1.00000000 0.00200000
LSQ13crf 56 0.05974000 0.00508000 0.05934000 0.00500000 0.06000000 0.00500000 17.04710000 0.61692500 36.30010000 0.61751600 -9.00000000 0 0 0.07860800 0.10389000 0.16708000 1.28541000 17.31690000 0.09087620 0.00212435 0.00017781 0.01177350 -0.00004048 -0.00000691 47.70930000 1.42190000 -999 -999 -9.00000000 -112.03000000 250 0.06763840 8.80055000 0.01000000 56592.40000000 0.07540000 12 1.70081000 0.99975000 0.34780000 0.19000000 -0.00100000 0.01800000 1.00000000 0.02400000
SN2017cjv 150 0.06092000 0.00090000 0.06079000 0.00014000 0.05953000 0.00014000 17.77900000 0.17552500 37.03200000 0.17759000 -9.00000000 0 0 -0.11282200 0.04044600 -1.26761000 0.30792000 17.70580000 0.04445510 0.00148481 0.00006080 -0.00106765 -0.00000037 -0.00000194 152.69000000 -3.77750000 -999 -999 -9.00000000 -37.28380000 250 0.02597000 10.60780000 0.01300000 57839.90000000 0.58710000 6 12.86070000 0.04530160 0.10950000 0.03300000 0.03630000 0.00100000 1.00000000 0.00100000
2008bz 5 0.06099000 0.00089000 0.06130000 0.00001000 0.06015000 0.00001000 17.91010000 0.12094400 37.16310000 0.12392100 -9.00000000 0 1 -0.13601500 0.02284300 -0.45518300 0.08015700 17.67160000 0.02563950 0.00153241 0.00003619 -0.00028660 0.00000056 -0.00000063 189.74100000 11.12950000 -999 -999 -9.00000000 88.72120000 250 0.02291180 10.35620000 0.00000000 54579.80000000 0.16460000 35 94.63590000 0.00000022 0.05630000 0.03260000 0.06250000 0.00600000 1.00000000 0.00200000
2008bz 65 0.06099000 0.00089000 0.06130000 0.00001000 0.06015000 0.00001000 17.93950000 0.15828300 37.19250000 0.16057000 -9.00000000 0 1 -0.13711500 0.03633500 0.01338800 0.36140000 17.62730000 0.05508670 0.00159611 0.00008098 -0.00244301 0.00001203 -0.00000235 189.74100000 11.12950000 -999 -999 -9.00000000 88.72120000 250 0.02291180 10.35620000 0.01600000 54577.90000000 0.84480000 22 17.87900000 0.71314000 0.09180000 0.03260000 0.06140000 0.00500000 1.00000000 0.00200000
SN2016hhv 150 0.06121000 0.00090000 0.06067000 0.00014000 0.06194000 0.00014000 17.88530000 0.19615900 37.13830000 0.19800900 -9.00000000 0 0 -0.18246600 0.05322400 -0.77119600 0.38634000 17.61830000 0.09097730 0.00160949 0.00013486 -0.00911167 0.00003365 -0.00000743 353.95200000 20.70880000 -999 -999 -9.00000000 -151.96500000 250 0.05106930 10.78750000 0.00200000 57691.90000000 1.27480000 4 7.20033000 0.12567000 0.11410000 0.03290000 0.13100000 0.00500000 1.00000000 0.00100000
2008go 51 0.06137000 0.00090000 0.06116000 0.00015000 0.06227000 0.00015000 17.70780000 0.19427700 36.96080000 0.19614500 -9.00000000 0 0 -0.00666500 0.03520800 -0.81273600 0.47805000 17.79600000 0.04194620 0.00136642 0.00005279 0.00142536 -0.00000906 -0.00000137 332.68700000 -20.78810000 -999 -999 -9.00000000 -60.22940000 250 0.03217300 10.75390000 -9.00000000 54766.00000000 0.86750000 14 9.19944000 0.81807000 0.11250000 0.03280000 -0.06350000 0.00400000 1.00000000 0.00400000
2008go 5 0.06137000 0.00090000 0.06116000 0.00015000 0.06227000 0.00015000 17.71610000 0.13939500 36.96910000 0.14198600 -9.00000000 0 0 -0.01583400 0.02321800 -0.76672300 0.24562000 17.77370000 0.02909770 0.00139478 0.00003738 0.00024037 -0.00000038 -0.00000063 332.68700000 -20.78810000 -999 -999 -9.00000000 -60.22940000 250 0.03217300 10.75390000 0.16000000 54766.50000000 0.14830000 20 13.37010000 0.86095000 0.06440000 0.03280000 -0.05890000 0.00400000 1.00000000 0.00300000
2006oa 64 0.06153000 0.00089000 0.06142000 0.00001000 0.06257000 0.00001000 17.82170000 0.18131700 37.07470000 0.18331600 -9.00000000 0 1 -0.01643500 0.02934500 1.27481000 0.23874000 17.63860000 0.03789250 0.00157968 0.00005513 0.00117353 -0.00000392 -0.00000130 320.92900000 -0.84350000 -999 -999 -9.00000000 -33.08060000 250 0.03487740 8.11091000 0.11500000 54067.10000000 0.15070000 37 51.70630000 0.05483010 0.07160000 0.03230000 0.00340000 0.00800000 1.00000000 0.00900000
1992bs 50 0.06372000 0.00090000 0.06370000 0.00015000 0.06405000 0.00015000 18.09870000 0.20474500 37.35170000 0.20651800 -9.00000000 0 1 -0.04683900 0.04818300 -0.25489600 0.12543000 18.00850000 0.04094610 0.00112357 0.00004237 -0.00107221 0.00000163 -0.00000150 52.37490000 -37.27180000 -999 -999 -9.00000000 -4.47410000 250 0.01045770 10.51040000 0.28089000 48986.00000000 0.43640000 29 30.91800000 0.36930000 0.12570000 0.03160000 -0.03540000 0.00300000 1.00000000 0.00300000
SN2016aqb 150 0.06384000 0.00089000 0.06419000 0.00004000 0.06289000 0.00004000 17.76670000 0.15349800 37.01970000 0.15585500 -9.00000000 0 0 -0.10270200 0.03402400 0.76814000 0.26055000 17.43340000 0.04191140 0.00190824 0.00007366 0.00032388 -0.00000284 -0.00000210 170.49300000 -13.98370000 -999 -999 -9.00000000 100.69500000 250 0.03233630 9.62423000 0.01300000 57450.50000000 0.22410000 16 15.77110000 0.46905000 0.08440000 0.03120000 0.04520000 0.00200000 1.00000000 0.00300000
PS16bnz 150 0.06446000 0.00091000 0.06398000 0.00021000 0.06270000 0.00021000 17.82560000 0.15205000 37.07860000 0.15442900 -9.00000000 0 0 -0.13806900 0.03694700 -1.13602000 0.22345000 17.68960000 0.04500320 0.00150712 0.00006247 0.00057080 -0.00000296 -0.00000183 155.15400000 -2.46680000 -999 -999 -9.00000000 -135.38100000 250 0.03793880 11.29320000 0.00000000 57487.50000000 0.17300000 11 8.74371000 0.64554000 0.09010000 0.03160000 0.07100000 0.00200000 1.00000000 0.00100000
2007ae 64 0.06533000 0.00096000 0.06485000 0.00036000 0.06499000 0.00036000 17.83210000 0.15063400 37.08510000 0.15303400 -9.00000000 0 1 -0.01254200 0.03171300 1.75915000 0.28665000 17.54010000 0.04443050 0.00172961 0.00007078 -0.00047558 0.00000461 -0.00000177 255.46700000 79.03180000 -999 -999 -9.00000000 -135.08500000 250 0.03852890 10.88370000 3.81200000 54153.20000000 0.66130000 32 24.18470000 0.83765000 0.07820000 0.03290000 -0.04610000 0.00800000 1.00000000 0.00400000
PS15cms 150 0.06627000 0.00089000 0.06603000 0.00003000 0.06479000 0.00003000 18.10870000 0.20151100 37.36170000 0.20331200 -9.00000000 0 1 -0.02064300 0.04327400 1.37281000 0.33960000 17.84570000 0.04926830 0.00130527 0.00005923 -0.00440596 0.00000022 -0.00000203 149.64600000 0.74300000 -999 -999 -9.00000000 -69.58300000 250 0.02244830 10.42860000 0.00100000 57325.90000000 0.66420000 12 7.54254000 0.81978000 0.12810000 0.03010000 -0.04900000 0.00200000 1.00000000 0.00200000
6057 1 0.06654000 0.00089000 0.06652000 0.00001000 0.06707000 0.00001000 17.90970000 0.29495600 37.16270000 0.29618900 -9.00000000 0 1 0.11238000 0.02879000 -0.42326700 0.10888000 18.44150000 0.06628180 0.00075404 0.00004603 -0.00006679 -0.00000018 -0.00000100 52.55360000 -0.97460000 -9 -9 0.51400000 -6.33170000 250 0.10056000 9.52798000 0.04900000 53663.60000000 0.10270000 36 49.17110000 0.07053950 0.06200000 0.03000000 0.06950000 0.05000000 1.00000000 0.03600000
SN2016ixf 150 0.06711000 0.00090000 0.06723000 0.00011000 0.06602000 0.00011000 18.17070000 0.19252800 37.42370000 0.19441200 -9.00000000 0 1 -0.11419400 0.04320400 0.79391000 0.35403000 17.80740000 0.05336930 0.00135219 0.00006647 -0.00339892 0.00000468 -0.00000229 159.93600000 15.03470000 -999 -999 -9.00000000 32.31620000 250 0.02931280 9.99601000 0.01800000 57742.60000000 0.78320000 6 19.91600000 0.00286630 0.11850000 0.03010000 0.05450000 0.00200000 1.00000000 0.00300000
AT2016aj 150 0.06725000 0.00089000 0.06731000 0.00005000 0.06741000 0.00005000 17.98140000 0.20120200 37.23440000 0.20300600 -9.00000000 0 0 0.01396400 0.04425400 -1.03989000 0.35339000 18.15010000 0.05287240 0.00098618 0.00004802 -0.00066713 -0.00000162 -0.00000170 70.60250000 -21.72440000 -999 -999 -9.00000000 17.26320000 250 0.04136300 10.70260000 0.00000000 57442.90000000 0.41420000 8 11.97990000 0.15210000 0.11740000 0.02970000 -0.08030000 0.00200000 1.00000000 0.00400000
PS15bjg 150 0.06786000 0.00089000 0.06758000 0.00001000 0.06889000 0.00001000 18.24050000 0.18857600 37.49350000 0.19049900 -9.00000000 0 0 -0.14735600 0.04761400 -0.87572500 0.25676000 18.05410000 0.06960890 0.00107734 0.00006907 0.00001620 -0.00000401 -0.00000244 343.79300000 -0.41020000 -999 -999 -9.00000000 -77.80140000 250 0.07928190 11.23780000 0.00100000 57239.20000000 0.20910000 8 20.90040000 0.00741680 0.11800000 0.02940000 0.08770000 0.00300000 1.00000000 0.00100000
CSS160129 150 0.06844000 0.00134000 0.06841000 0.00100000 0.06766000 0.00100000 17.98510000 0.18930600 37.23810000 0.19122100 -9.00000000 0 0 -0.16609200 0.03866100 0.68966000 0.19472000 17.52470000 0.05279680 0.00175442 0.00008531 -0.00133029 -0.00000076 -0.00000195 115.12300000 10.93330000 -999 -999 -9.00000000 -8.76060000 250 0.03247580 8.86459000 0.10000000 57416.20000000 0.04500000 12 13.50720000 0.40944000 0.10860000 0.04390000 0.10250000 0.00500000 1.00000000 0.00200000
2006al 64 0.06886000 0.00089000 0.06908000 0.00002000 0.06780000 0.00002000 18.16830000 0.15702000 37.42130000 0.15932400 -9.00000000 0 0 -0.12072700 0.03579700 -1.43923000 0.28126000 18.12200000 0.05604240 0.00101201 0.00005224 -0.00177171 0.00000394 -0.00000138 159.86800000 5.18340000 -999 -999 -9.00000000 60.41470000 250 0.02206010 10.50110000 0.01000000 53787.20000000 0.70180000 21 16.78270000 0.72419000 0.09140000 0.02900000 0.06230000 0.00600000 1.00000000 0.00200000
PTSS17-niq 150 0.06897000 0.00089000 0.06910000 0.00001000 0.06828000 0.00001000 18.02870000 0.17203800 37.28170000 0.17414400 -9.00000000 0 0 -0.04104100 0.04078400 -0.59798500 0.32918000 18.01420000 0.04857600 0.00111772 0.00005001 -0.00265013 0.00000393 -0.00000165 215.06900000 15.34170000 -999 -999 -9.00000000 35.46160000 250 0.02045600 10.60520000 0.00100000 57842.40000000 0.72920000 7 17.17450000 0.01630480 0.10960000 0.02900000 -0.02820000 0.00200000 1.00000000 0.00100000
1993B 50 0.07023000 0.00090000 0.07076000 0.00009000 0.06960000 0.00009000 18.04140000 0.27636600 37.29440000 0.27768100 -9.00000000 0 1 0.03407800 0.05503600 -0.32319700 0.16341000 18.20990000 0.06649350 0.00093335 0.00005716 -0.00100578 0.00000068 -0.00000189 158.71700000 -34.44170000 -999 -999 -9.00000000 146.87500000 250 0.07018690 9.39781000 -9.00000000 49005.50000000 0.59710000 18 50.37390000 0.00006626 0.14520000 0.02880000 -0.03700000 0.01400000 1.00000000 0.01300000
2008Y 51 0.07056000 0.00089000 0.07028000 0.00002000 0.06965000 0.00002000 18.04310000 0.22529600 37.29610000 0.22690800 -9.00000000 0 1 0.06050600 0.04284400 -0.28166200 0.53662000 18.20300000 0.08929610 0.00093931 0.00007725 -0.00203219 0.00000910 -0.00000216 169.87700000 54.46280000 -999 -999 -9.00000000 -79.04660000 250 0.01127370 10.54400000 0.00400000 54502.90000000 1.45420000 10 6.65038000 0.75799000 0.12300000 0.02830000 -0.12120000 0.00800000 1.00000000 0.00800000
2008Y 65 0.07056000 0.00089000 0.07028000 0.00002000 0.06965000 0.00002000 18.02450000 0.21059900 37.27750000 0.21232200 -9.00000000 0 1 0.06098500 0.03754100 -0.60781300 0.25965000 18.24120000 0.05656720 0.00090680 0.00004724 -0.00024753 -0.00000109 -0.00000090 169.87700000 54.46280000 -999 -999 -9.00000000 -79.04660000 250 0.01127370 10.54400000 0.07200000 54503.70000000 0.86030000 36 36.28990000 0.45514000 0.11000000 0.02830000 -0.11390000 0.00900000 1.00000000 0.00800000
PS17yt 150 0.07073000 0.00089000 0.07046000 0.00002000 0.06976000 0.00002000 18.22570000 0.17410100 37.47870000 0.17618200 -9.00000000 0 0 -0.15433300 0.03763100 0.40963000 0.27097000 17.82320000 0.03996900 0.00133269 0.00004906 -0.00034105 -0.00000413 -0.00000147 150.99200000 49.04120000 -999 -999 -9.00000000 -73.42870000 250 0.00918051 9.95752000 0.10000000 57786.60000000 0.21750000 8 11.86410000 0.15737000 0.10320000 0.02830000 0.08270000 0.00400000 1.00000000 0.00200000
PS16em 150 0.07083000 0.00091000 0.07113000 0.00017000 0.06981000 0.00017000 18.22840000 0.44625200 37.48140000 0.44706800 -9.00000000 0 0 0.19617000 0.09569500 -0.93843700 0.18326000 18.79880000 0.15293000 0.00054259 0.00007643 0.00033130 -0.00000058 -0.00000307 163.89200000 -3.36630000 -999 -999 -9.00000000 84.90820000 250 0.03669530 10.08810000 0.00200000 57386.10000000 1.32770000 31 35.78550000 0.25373000 0.27150000 0.02890000 -0.22700000 0.01100000 1.00000000 0.01600000
2006on 64 0.07089000 0.00089000 0.07068000 0.00001000 0.07191000 0.00001000 18.20130000 0.24633500 37.45430000 0.24781000 -9.00000000 0 0 0.08856600 0.04869100 0.95018000 0.70500000 18.25340000 0.09001520 0.00089672 0.00007434 0.01058520 -0.00001620 -0.00000276 328.99400000 -1.07020000 -999 -999 -9.00000000 -60.91720000 250 0.12214000 10.24790000 0.01400000 54064.10000000 0.67010000 12 8.74519000 0.72453000 0.13070000 0.02820000 -0.13400000 0.00700000 1.00000000 0.01000000
470043 15 0.07090000 0.01004000 0.07061000 0.01000000 0.07000000 0.01000000 18.47610000 0.50110000 37.72910000 0.50182700 -9.00000000 0 0 -0.00009400 0.03351000 0.45622000 0.12587000 18.47830000 0.04015030 0.00072889 0.00002695 0.00009029 -0.00000101 -0.00000074 128.99400000 44.76750000 -999 -999 24.28340000 -79.72040000 250 0.02678710 7.00000000 7.89900000 56313.80000000 0.09560000 14 22.35590000 0.07159040 0.07930000 0.31800000 0.01740000 0.00300000 1.00000000 0.01400000
ATLAS16bwu 150 0.07091000 0.00089000 0.07074000 0.00006000 0.07180000 0.00006000 18.11820000 0.22665400 37.37120000 0.22825700 -9.00000000 0 0 0.04279200 0.03957000 0.10725000 0.29441000 18.23800000 0.04507490 0.00090953 0.00003776 -0.00084538 0.00000047 -0.00000127 18.59270000 -13.15310000 -999 -999 -9.00000000 -47.77970000 250 0.01866870 9.63137000 0.01700000 57609.20000000 0.51250000 8 11.95120000 0.15340000 0.10050000 0.02820000 -0.04910000 0.00500000 1.00000000 0.01300000
PS15bdr 150 0.07116000 0.00089000 0.07094000 0.00001000 0.07096000 0.00001000 18.10220000 0.19414300 37.35520000 0.19601200 -9.00000000 0 0 -0.00779800 0.04480600 -2.30724000 0.25964000 18.36360000 0.04572890 0.00081016 0.00003412 -0.00117266 -0.00000158 -0.00000125 253.70600000 36.72520000 -999 -999 -9.00000000 -60.54180000 250 0.01378850 10.53520000 0.00100000 57215.80000000 0.17440000 14 9.64479000 0.78766000 0.11870000 0.02810000 -0.10730000 0.00500000 1.00000000 0.00300000
PS15bwh 150 0.07158000 0.00099000 0.07149000 0.00043000 0.07267000 0.00043000 17.99640000 0.15879100 37.24940000 0.16107000 -9.00000000 0 1 -0.08131400 0.03756400 0.71915000 0.21376000 17.68740000 0.04161840 0.00151018 0.00005789 -0.00119804 -0.00000216 -0.00000177 352.64400000 -18.89150000 -999 -999 -9.00000000 -27.11600000 250 0.02472590 10.64340000 0.10000000 57279.00000000 0.14610000 12 12.07610000 0.43959000 0.09960000 0.03110000 -0.00380000 0.00200000 1.00000000 0.00100000
370566 15 0.07167000 0.00134000 0.07134000 0.00100000 0.07080000 0.00100000 18.16250000 0.20720500 37.41550000 0.20895700 -9.00000000 0 0 -0.01293400 0.03377000 -0.20173900 0.10196000 18.21530000 0.03633250 0.00092875 0.00003108 -0.00002515 -0.00000081 -0.00000089 159.98500000 58.41490000 -999 -999 17.54470000 -92.10980000 250 0.00546541 9.18771000 0.19200000 56024.90000000 0.10670000 14 22.56280000 0.06776660 0.07980000 0.04200000 0.01060000 0.00300000 1.00000000 0.01200000
PS15mt 150 0.07193000 0.00090000 0.07193000 0.00009000 0.07085000 0.00009000 18.30880000 0.17878800 37.56180000 0.18081500 -9.00000000 0 0 -0.07597200 0.03682100 1.61360000 0.30109000 17.92450000 0.03872180 0.00121393 0.00004329 -0.00099986 -0.00000289 -0.00000124 148.68400000 23.19810000 -999 -999 -9.00000000 -2.23080000 250 0.02117220 8.92458000 0.04700000 57105.80000000 0.29180000 8 10.92570000 0.20595000 0.10630000 0.02810000 0.03630000 0.00300000 1.00000000 0.00300000
2007jd 5 0.07222000 0.00089000 0.07196000 0.00001000 0.07268000 0.00001000 18.37890000 0.19786100 37.63190000 0.19969500 -9.00000000 0 0 0.04146500 0.02609200 -0.87605300 0.10327000 18.61500000 0.04629070 0.00064268 0.00002740 -0.00013084 0.00000003 -0.00000052 44.97240000 1.16070000 -999 -999 -9.00000000 -73.50810000 250 0.06637030 9.75914000 0.11000000 54362.20000000 0.00780000 40 180.16400000 0.00000000 0.06000000 0.02770000 -0.07370000 0.01900000 1.00000000 0.01400000
PS15atx 150 0.07252000 0.00093000 0.07301000 0.00027000 0.07188000 0.00027000 18.36950000 0.30356500 37.62250000 0.30476400 -9.00000000 0 0 -0.18009900 0.05602800 -1.43738000 0.89472000 18.19520000 0.08334230 0.00094606 0.00007262 -0.00481805 -0.00000165 -0.00000298 195.82700000 -23.06580000 -999 -999 -9.00000000 136.35500000 250 0.10591000 10.25310000 0.00100000 57192.90000000 1.09100000 7 17.68600000 0.02370780 0.19550000 0.02880000 0.11810000 0.00700000 1.00000000 0.00100000
Gaia16aki 150 0.07393000 0.00090000 0.07398000 0.00001000 0.07363000 0.00001000 18.30050000 0.17442500 37.55350000 0.17650200 -9.00000000 0 1 -0.08763400 0.03952800 0.59125000 0.24591000 18.02170000 0.04831160 0.00110996 0.00004939 -0.00261645 0.00000189 -0.00000155 239.79400000 14.64160000 -999 -999 -9.00000000 15.29640000 250 0.03679000 9.48062000 0.01300000 57490.70000000 0.57230000 34 61.27570000 0.00281181 0.10510000 0.02740000 0.02700000 0.00200000 1.00000000 0.00300000
1992ae 50 0.07440000 0.00090000 0.07478000 0.00009000 0.07520000 0.00009000 18.18160000 0.22040600 37.43460000 0.22205400 -9.00000000 0 0 -0.03685600 0.05370800 -0.74882900 0.15010000 18.18640000 0.04772420 0.00095374 0.00004192 -0.00116300 0.00000118 -0.00000158 322.07500000 -61.55040000 -999 -999 -9.00000000 104.46100000 250 0.03111050 10.19950000 0.30000000 48804.90000000 0.53220000 25 26.46830000 0.38296000 0.14120000 0.02720000 -0.04410000 0.00700000 1.00000000 0.00200000
PS17bii 150 0.07446000 0.00090000 0.07467000 0.00002000 0.07339000 0.00002000 18.19710000 0.19021100 37.45010000 0.19211800 -9.00000000 0 1 -0.09639200 0.04614700 -0.89086500 0.37518000 18.10380000 0.06101570 0.00102917 0.00005784 -0.00033906 -0.00000379 -0.00000198 171.40900000 7.33360000 -999 -999 -9.00000000 58.34220000 250 0.06619650 10.16700000 0.00200000 57811.80000000 0.38570000 10 20.11520000 0.02818200 0.12540000 0.02720000 0.02090000 0.00200000 1.00000000 0.00100000
7876 1 0.07520000 0.00090000 0.07490000 0.00001000 0.07602000 0.00001000 18.22330000 0.17772200 37.47630000 0.17976100 -9.00000000 0 0 -0.02499000 0.02104500 0.46915000 0.09338700 18.15150000 0.03060900 0.00098490 0.00002777 0.00021465 -0.00000053 -0.00000046 19.18250000 0.79460000 -9 -9 3.70100000 -83.86010000 250 0.02629220 9.78646000 0.04000000 53685.50000000 0.07160000 31 54.63320000 0.00548727 0.04740000 0.02690000 0.02230000 0.00800000 1.00000000 0.01300000
2005ir 5 0.07520000 0.00090000 0.07490000 0.00001000 0.07602000 0.00001000 18.31260000 0.15262400 37.56560000 0.15499400 -9.00000000 0 1 -0.02582300 0.02367800 0.72205000 0.12811000 18.15930000 0.02637670 0.00097790 0.00002376 -0.00007350 -0.00000017 -0.00000041 19.18250000 0.79460000 -999 -999 -9.00000000 -83.86010000 250 0.02629220 9.78987000 0.09000000 53685.80000000 0.15520000 40 77.88040000 0.00031206 0.06110000 0.02690000 -0.01940000 0.01000000 1.00000000 0.00700000
2010hs 51 0.07560000 0.00508000 0.07514000 0.00500000 0.07600000 0.00500000 18.56120000 0.28788500 37.81420000 0.28914800 -9.00000000 0 0 -0.10186300 0.04767500 1.12001000 0.55185000 18.15240000 0.07639260 0.00098414 0.00006924 0.00308311 -0.00000573 -0.00000253 36.41310000 24.76490000 -999 -999 -9.00000000 -129.29600000 250 0.09995290 10.45750000 0.00500000 55457.20000000 0.72430000 24 5.20250000 0.99998000 0.12650000 0.15120000 0.01900000 0.00500000 1.00000000 0.00200000
AT2016gsu 150 0.07575000 0.00090000 0.07529000 0.00006000 0.07642000 0.00006000 18.29310000 0.21548600 37.54610000 0.21717100 -9.00000000 0 0 -0.11350100 0.04735200 -1.91024000 0.56839000 18.32340000 0.05279620 0.00084073 0.00004088 0.00184845 -0.00000495 -0.00000149 17.10240000 21.15160000 -999 -999 -9.00000000 -129.56300000 250 0.04129070 9.75909000 0.00200000 57671.20000000 0.52040000 8 14.84910000 0.06214650 0.13990000 0.02670000 0.04700000 0.00800000 1.00000000 0.00300000
370333 15 0.07588000 0.00134000 0.07557000 0.00100000 0.07500000 0.00100000 18.38120000 0.19647800 37.63420000 0.19832500 -9.00000000 0 1 -0.02172600 0.03770300 0.91969000 0.16381000 18.23860000 0.04471900 0.00090903 0.00003744 0.00187538 -0.00000332 -0.00000124 164.38000000 57.29770000 -999 -999 20.02910000 -84.05170000 250 0.00660803 7.99137000 0.10000000 56014.80000000 0.09790000 15 26.41240000 0.03390460 0.08080000 0.03970000 0.00780000 0.00200000 1.00000000 0.01100000
PS15bif 150 0.07845000 0.00094000 0.07855000 0.00027000 0.07937000 0.00027000 18.31850000 0.14794900 37.57150000 0.15039200 -9.00000000 0 0 -0.02567400 0.03478900 0.31647000 0.29993000 18.22190000 0.05696960 0.00092306 0.00004843 0.00420445 -0.00000518 -0.00000141 305.07400000 -23.74350000 -999 -999 -9.00000000 27.75490000 250 0.06091200 9.58141000 0.00300000 57234.10000000 0.24510000 20 32.61240000 0.03719410 0.06720000 0.02700000 -0.02290000 0.00300000 1.00000000 0.00500000
Gaia16acv 150 0.07859000 0.00090000 0.07833000 0.00010000 0.07772000 0.00010000 18.57850000 0.14356100 37.83150000 0.14607800 -9.00000000 0 0 -0.15818900 0.03143000 0.56816000 0.28287000 18.14120000 0.03933500 0.00099426 0.00003602 0.00108081 -0.00000247 -0.00000096 179.95700000 54.80220000 -999 -999 -9.00000000 -72.08180000 250 0.01028580 8.87001000 0.09300000 57434.90000000 0.42510000 29 45.70540000 0.02509650 0.07800000 0.02580000 0.08330000 0.00400000 1.00000000 0.00200000
17186 1 0.07875000 0.00090000 0.07849000 0.00002000 0.07944000 0.00002000 18.76240000 0.23772300 38.01540000 0.23925200 -9.00000000 0 0 0.11553000 0.02470700 0.62903000 0.14817000 18.99690000 0.03815440 0.00045211 0.00001589 0.00008475 -0.00000079 -0.00000030 31.61280000 -0.89950000 -9 -9 13.86800000 -72.37200000 250 0.03016230 10.16430000 0.05700000 54353.80000000 0.18750000 36 57.73860000 0.01220480 0.06240000 0.02580000 -0.08240000 0.00900000 1.00000000 0.02200000
2007hx 5 0.07875000 0.00090000 0.07849000 0.00002000 0.07944000 0.00002000 18.84120000 0.17808400 38.09420000 0.18011900 -9.00000000 0 1 0.09069200 0.02459700 0.48448000 0.14000000 18.95790000 0.02865860 0.00046863 0.00001237 -0.00049606 0.00000019 -0.00000022 31.61280000 -0.89950000 -999 -999 -9.00000000 -72.37200000 250 0.03016230 10.26460000 0.11000000 54354.90000000 0.27130000 34 68.64570000 0.00039614 0.06460000 0.02580000 -0.14460000 0.00800000 1.00000000 0.00900000
560033 15 0.07895000 0.01004000 0.07869000 0.01000000 0.08000000 0.01000000 18.34580000 0.50261400 37.59880000 0.50333800 -9.00000000 0 1 0.09678000 0.02991500 -0.24800200 0.14996000 18.80160000 0.04313230 0.00054118 0.00002150 0.00064754 -0.00000106 -0.00000053 353.59900000 -0.68310000 -999 -999 18.20260000 -74.41840000 250 0.03384460 9.07144000 0.36800000 56578.40000000 0.11590000 13 11.67260000 0.55465000 0.06590000 0.28660000 0.06760000 0.00800000 1.00000000 0.03400000
12779 1 0.07906000 0.00090000 0.07891000 0.00003000 0.07995000 0.00003000 18.53130000 0.23666400 37.78430000 0.23819900 -9.00000000 0 1 0.10798000 0.03214900 -0.63006000 0.24930000 18.94890000 0.06702450 0.00047253 0.00002917 -0.00332345 0.00000302 -0.00000079 309.47200000 1.22110000 -9 -9 6.70100000 -40.94400000 250 0.08263160 10.33200000 0.08300000 53971.90000000 0.90600000 28 21.83880000 0.78870000 0.07450000 0.02570000 -0.06160000 0.00800000 1.00000000 0.02100000
PS15bzz 150 0.07931000 0.00090000 0.07901000 0.00001000 0.08024000 0.00001000 18.27700000 0.14472000 37.53000000 0.14721700 -9.00000000 0 1 -0.01732200 0.03291400 -0.91459500 0.23732000 18.35650000 0.04355490 0.00081545 0.00003271 -0.00034889 -0.00000056 -0.00000084 9.42470000 1.76280000 -999 -999 -9.00000000 -83.73370000 250 0.01724970 10.46260000 0.05300000 57284.30000000 0.58860000 25 35.92900000 0.07268400 0.08460000 0.02560000 -0.05430000 0.00200000 1.00000000 0.00200000
350316 15 0.07991000 0.00135000 0.07966000 0.00100000 0.07900000 0.00100000 18.34730000 0.15547800 37.60030000 0.15780500 -9.00000000 0 1 -0.07195600 0.02754100 -0.42753800 0.08602600 18.26030000 0.03823900 0.00089101 0.00003138 0.00026482 -0.00000088 -0.00000073 131.46900000 43.81880000 -999 -999 19.31090000 -69.20720000 250 0.02618740 8.61131000 0.56600000 55965.10000000 0.07430000 18 16.91300000 0.52909000 0.05910000 0.03810000 0.02000000 0.00300000 1.00000000 0.00700000
2005ag 5 0.08009000 0.00090000 0.08024000 0.00001000 0.07954000 0.00001000 18.41380000 0.11619300 37.66680000 0.11928900 -9.00000000 0 1 -0.07445300 0.02366500 0.28209000 0.05040700 18.18670000 0.02924820 0.00095349 0.00002569 -0.00021611 0.00000016 -0.00000042 224.18200000 9.32850000 -999 -999 -9.00000000 42.09140000 250 0.03436080 10.69000000 0.12000000 53415.40000000 0.08850000 115 128.72900000 0.18006000 0.05870000 0.02530000 -0.00760000 0.00500000 1.00000000 0.00200000
12950 1 0.08167000 0.00090000 0.08141000 0.00001000 0.08273000 0.00001000 18.46850000 0.21798200 37.72150000 0.21964800 -9.00000000 0 1 0.02717600 0.02207900 -0.39649600 0.08312100 18.69720000 0.03524450 0.00059583 0.00001934 0.00005269 -0.00000025 -0.00000033 351.66700000 -0.84030000 -9 -9 1.39800000 -71.29320000 250 0.03779210 9.42557000 0.04000000 54000.00000000 0.09260000 45 65.63530000 0.02393680 0.04950000 0.02490000 0.03380000 0.01400000 1.00000000 0.02000000
130308 15 0.08245000 0.00090000 0.08221000 0.00001000 0.08177000 0.00001000 18.56620000 0.21592500 37.81920000 0.21760600 -9.00000000 0 0 0.09149300 0.03123000 -1.01914000 0.17563000 18.97410000 0.04202660 0.00046172 0.00001787 -0.00085066 0.00000057 -0.00000047 213.23800000 52.74370000 -999 -999 16.59030000 -67.11140000 250 0.00920267 10.11410000 0.51300000 55595.50000000 0.45840000 12 17.69380000 0.12531000 0.07250000 0.02460000 -0.07780000 0.00400000 1.00000000 0.01700000
12898 1 0.08282000 0.00090000 0.08255000 0.00001000 0.08358000 0.00001000 18.42440000 0.26426200 37.67740000 0.26563800 -9.00000000 0 0 0.06821900 0.02141800 -0.06356700 0.08575000 18.77600000 0.03147930 0.00055411 0.00001607 0.00000244 -0.00000022 -0.00000027 26.79310000 -0.14700000 -9 -9 0.36700000 -73.75930000 250 0.02811210 9.35181000 0.04500000 54002.50000000 0.08150000 50 72.98290000 0.01864380 0.04890000 0.02450000 0.07890000 0.01500000 1.00000000 0.02900000
12781 1 0.08309000 0.00092000 0.08282000 0.00018000 0.08408000 0.00018000 18.74090000 0.19324100 37.99390000 0.19511800 -9.00000000 0 0 0.04154800 0.02679500 -1.83569000 0.18894000 19.14170000 0.04018160 0.00039565 0.00001464 0.00078154 -0.00000146 -0.00000028 5.40660000 -1.01000000 -9 -9 5.25400000 -73.91790000 250 0.02455660 10.44570000 0.07800000 53979.30000000 0.23030000 39 40.91130000 0.38658000 0.07000000 0.02500000 -0.05090000 0.00600000 1.00000000 0.01300000
SN2016glp 150 0.08410000 0.00091000 0.08366000 0.00012000 0.08493000 0.00012000 18.71560000 0.21994300 37.96860000 0.22159400 -9.00000000 0 1 0.13583000 0.04353900 0.96912000 0.35372000 18.87880000 0.06683590 0.00050407 0.00003103 0.00344815 -0.00000451 -0.00000119 354.05800000 23.69600000 -999 -999 -9.00000000 -121.99500000 250 0.04563570 10.52450000 0.01400000 57658.80000000 0.22870000 30 51.95360000 0.00770469 0.09600000 0.02440000 -0.16630000 0.00900000 1.00000000 0.01100000
3592 1 0.08572000 0.00091000 0.08544000 0.00005000 0.08658000 0.00005000 18.58760000 0.12569600 37.84060000 0.12856300 -9.00000000 0 1 -0.03979300 0.02054000 -0.15373100 0.07146500 18.51670000 0.03011750 0.00070360 0.00001952 0.00006777 -0.00000028 -0.00000032 19.05240000 0.79190000 -9 -9 5.29900000 -76.22230000 250 0.02557740 10.18530000 0.05700000 53645.10000000 0.06270000 58 51.76260000 0.70498000 0.04600000 0.02400000 -0.02290000 0.00200000 1.00000000 0.00500000
SN2016grz 150 0.08704000 0.00103000 0.08656000 0.00050000 0.08748000 0.00050000 18.59540000 0.21512200 37.84840000 0.21681000 -9.00000000 0 1 0.05350000 0.03852600 0.81158000 0.42443000 18.65150000 0.05270160 0.00062147 0.00003017 0.00409971 -0.00000369 -0.00000098 28.88740000 33.82290000 -999 -999 -9.00000000 -133.26100000 250 0.04258840 8.99392000 0.02700000 57670.60000000 0.59800000 11 13.83190000 0.24244000 0.09230000 0.02680000 -0.04200000 0.00700000 1.00000000 0.01200000
1241 1 0.08870000 0.00091000 0.08848000 0.00001000 0.08979000 0.00001000 18.52420000 0.25173700 37.77720000 0.25318100 -9.00000000 0 1 0.05524600 0.02400000 -0.55180600 0.07898700 18.88410000 0.04281870 0.00050161 0.00001978 0.00004970 -0.00000027 -0.00000036 337.67200000 -0.77660000 -9 -9 3.96200000 -59.48920000 250 0.05279510 9.91509000 0.10300000 53635.40000000 0.07750000 56 51.71260000 0.63776000 0.05300000 0.02320000 0.05520000 0.01900000 1.00000000 0.02600000
590194 15 0.09039000 0.00091000 0.09015000 0.00002000 0.08951000 0.00002000 18.66720000 0.21535400 37.92020000 0.21704000 -9.00000000 0 1 0.01867000 0.03118900 0.27044000 0.20513000 18.75220000 0.04095270 0.00056638 0.00002136 0.00096803 -0.00000104 -0.00000053 130.23700000 44.52430000 -999 -999 17.27710000 -65.54750000 250 0.02019980 9.75408000 0.01400000 56682.50000000 0.22930000 5 5.64747000 0.34205000 0.07340000 0.02280000 0.01480000 0.00200000 1.00000000 0.01600000
370066 15 0.09089000 0.00135000 0.09066000 0.00100000 0.09000000 0.00100000 18.77390000 0.16536300 38.02690000 0.16755300 -9.00000000 0 1 -0.10190200 0.03259300 -0.08135400 0.46993000 18.55990000 0.03862810 0.00067617 0.00002406 0.00598568 -0.00000402 -0.00000067 130.34900000 43.05440000 -999 -999 18.32690000 -62.18780000 250 0.02157960 9.12019000 0.03400000 56001.30000000 0.31170000 3 3.47434000 0.32411000 0.07920000 0.03370000 0.03670000 0.00200000 1.00000000 0.00600000
300105 15 0.09205000 0.00091000 0.09181000 0.00001000 0.09314000 0.00001000 18.90720000 0.26496900 38.16020000 0.26634100 -9.00000000 0 1 0.07288500 0.02734100 0.32783000 0.09001900 19.18220000 0.03994960 0.00038116 0.00001402 0.00008381 -0.00000027 -0.00000031 351.71000000 -0.73010000 -999 -999 17.85540000 -65.65290000 250 0.03639020 9.04492000 0.05900000 55784.70000000 0.07690000 40 26.73110000 0.94654000 0.06060000 0.02240000 0.04560000 0.00500000 1.00000000 0.02800000
iPTF17dz 150 0.09293000 0.01004000 0.09284000 0.01000000 0.09200000 0.01000000 18.96960000 0.49255300 38.22260000 0.49329300 -9.00000000 0 1 0.11392000 0.08412700 1.72317000 1.05757000 19.07850000 0.17485000 0.00041938 0.00006754 0.04265490 -0.00005487 -0.00000514 126.10700000 24.99780000 -999 -999 -9.00000000 -26.34550000 250 0.02486460 8.80725000 0.13800000 57767.80000000 0.97850000 20 23.74120000 0.30576000 0.20820000 0.24500000 -0.04160000 0.02100000 1.00000000 0.01600000
010010 15 0.09950000 0.00096000 0.09968000 0.00030000 0.09840000 0.00030000 19.18470000 0.19283200 38.43770000 0.19471300 -9.00000000 0 0 0.01039700 0.02620700 0.90910000 0.15659000 19.14550000 0.03357500 0.00039427 0.00001219 0.00049567 -0.00000038 -0.00000027 150.85900000 1.02940000 -999 -999 17.78210000 49.11300000 250 0.02041600 9.50285000 0.08900000 55238.90000000 0.16810000 19 12.49050000 0.86360000 0.05910000 0.02190000 0.01040000 0.00200000 1.00000000 0.01400000
160099 15 0.10165000 0.00092000 0.10142000 0.00001000 0.10102000 0.00001000 19.04520000 0.16334000 38.29820000 0.16555700 -9.00000000 0 1 -0.02330200 0.02818700 0.63877000 0.12725000 18.92940000 0.04154750 0.00048111 0.00001841 -0.00020719 0.00000001 -0.00000045 214.66700000 54.18310000 -999 -999 17.33420000 -60.66580000 250 0.01065410 9.59370000 0.28800000 55701.10000000 0.41150000 24 22.22370000 0.56591000 0.06040000 0.02060000 -0.00190000 0.00200000 1.00000000 0.00900000
000190 15 0.10221000 0.00136000 0.10237000 0.00100000 0.10110000 0.00100000 19.15550000 0.18545700 38.40850000 0.18741200 -9.00000000 0 1 0.00373800 0.02584800 0.08461100 0.09804500 19.21360000 0.03397660 0.00037031 0.00001159 0.00035090 -0.00000032 -0.00000026 148.98800000 2.26350000 -999 -999 18.24940000 44.07360000 250 0.01883040 7.00000000 0.52000000 55224.40000000 0.06770000 31 18.57100000 0.96170000 0.05560000 0.03030000 0.00660000 0.00200000 1.00000000 0.01300000
140181 15 0.10246000 0.00092000 0.10231000 0.00001000 0.10154000 0.00001000 18.99810000 0.19771800 38.25110000 0.19955300 -9.00000000 0 1 0.01715800 0.02680200 0.78345000 0.11352000 18.99500000 0.03587250 0.00045292 0.00001496 0.00035337 -0.00000065 -0.00000033 183.73800000 46.84500000 -999 -999 17.37970000 -41.29390000 250 0.01427220 9.67327000 0.00800000 55642.60000000 0.09260000 24 12.86880000 0.96823000 0.06040000 0.02040000 0.00700000 0.00200000 1.00000000 0.01500000
100405 15 0.10294000 0.00136000 0.10298000 0.00100000 0.10340000 0.00100000 18.92850000 0.18428300 38.18150000 0.18625000 -9.00000000 0 0 0.04459500 0.05473300 -0.94174100 0.36448000 19.18170000 0.08424330 0.00038136 0.00002959 0.01554170 -0.00000954 -0.00000155 53.62850000 -27.32060000 -999 -999 16.28260000 11.10900000 250 0.00967502 10.32040000 0.10000000 55534.20000000 0.19160000 8 6.43511000 0.59861000 0.07270000 0.03010000 -0.07610000 0.00300000 1.00000000 0.01000000
13135 1 0.10361000 0.00092000 0.10338000 0.00003000 0.10467000 0.00003000 19.08080000 0.12346200 38.33380000 0.12638000 -9.00000000 0 0 -0.06724300 0.02171100 -1.34728000 0.10068000 19.12030000 0.02993030 0.00040355 0.00001112 0.00006901 -0.00000016 -0.00000019 4.17230000 -0.42450000 -9 -9 7.83700000 -63.76840000 250 0.02417330 10.85580000 0.08100000 54003.50000000 0.10600000 57 50.72360000 0.70810000 0.05030000 0.02020000 -0.00380000 0.00200000 1.00000000 0.00500000
20064 1 0.10374000 0.00092000 0.10351000 0.00002000 0.10484000 0.00002000 18.95490000 0.19459200 38.20790000 0.19645600 -9.00000000 0 0 0.05746400 0.02385200 0.81627000 0.18168000 19.00640000 0.03298940 0.00044818 0.00001362 0.00065476 -0.00000062 -0.00000023 358.58600000 -0.91760000 -9 -9 1.40600000 -61.70490000 250 0.02667700 10.70450000 0.06000000 54413.10000000 0.11950000 29 57.54730000 0.00123450 0.06090000 0.02020000 -0.05820000 0.00300000 1.00000000 0.01400000
13038 1 0.10507000 0.00508000 0.10485000 0.00500000 0.10620000 0.00500000 19.17650000 0.23463400 38.42950000 0.23618300 -9.00000000 0 0 -0.02399000 0.02307900 1.43036000 0.14627000 18.96370000 0.03707060 0.00046617 0.00001592 0.00066281 -0.00000097 -0.00000029 347.82700000 0.50460000 -9 -9 -9.00000000 -60.23550000 250 0.03315800 8.87462000 -9.00000000 53988.70000000 0.14430000 53 41.16660000 0.88140000 0.05310000 0.11020000 0.02000000 0.00800000 1.00000000 0.01200000
18697 1 0.10661000 0.00092000 0.10638000 0.00001000 0.10762000 0.00001000 19.00810000 0.19366400 38.26110000 0.19553700 -9.00000000 0 1 -0.00241700 0.02113700 0.73545000 0.12052000 18.96750000 0.02772290 0.00046450 0.00001186 -0.00000288 -0.00000006 -0.00000019 11.22390000 -0.99710000 -9 -9 1.19000000 -61.71050000 250 0.01686500 9.67706000 0.04300000 54384.40000000 0.19290000 55 47.17000000 0.76450000 0.05120000 0.01970000 0.02300000 0.00500000 1.00000000 0.01500000
20625 1 0.10707000 0.00092000 0.10684000 0.00002000 0.10813000 0.00002000 19.20940000 0.14869000 38.46240000 0.15112200 -9.00000000 0 1 -0.00083700 0.02367500 -0.10177100 0.20648000 19.22990000 0.03213750 0.00036480 0.00001080 0.00136706 -0.00000059 -0.00000021 5.68340000 -0.47900000 -9 -9 1.54300000 -62.26160000 250 0.02102880 10.01660000 0.04800000 54423.60000000 0.17940000 19 14.12730000 0.77622000 0.05320000 0.01960000 -0.04440000 0.00200000 1.00000000 0.00800000
3256 1 0.10711000 0.00092000 0.10694000 0.00001000 0.10822000 0.00001000 19.17650000 0.20872700 38.42950000 0.21046600 -9.00000000 0 0 0.00656900 0.03449400 -0.42462800 0.16474000 19.33120000 0.06113900 0.00033230 0.00001871 0.00212616 -0.00000120 -0.00000052 329.26800000 -0.22350000 -9 -9 0.88400000 -46.97060000 250 0.06485360 9.89400000 0.05400000 53652.30000000 0.27690000 44 77.64030000 0.00131049 0.06640000 0.01960000 0.01930000 0.00700000 1.00000000 0.01700000
120225 15 0.10713000 0.00136000 0.10728000 0.00100000 0.10600000 0.00100000 19.52710000 0.46776300 38.78010000 0.46854100 -9.00000000 0 0 -0.07040500 0.06564300 -0.82904300 0.88822000 19.47120000 0.05183700 0.00029208 0.00001395 -0.05172300 -0.00000182 -0.00000024 150.81800000 3.47490000 -999 -999 16.16310000 41.40310000 250 0.01750310 11.41830000 0.10000000 55545.70000000 2.73400000 0 0.34051000 0.55954000 0.32370000 0.02900000 -0.01290000 0.00100000 1.00000000 0.00300000
21034 1 0.10774000 0.00092000 0.10751000 0.00001000 0.10855000 0.00001000 19.24540000 0.17802300 38.49840000 0.18005900 -9.00000000 0 1 0.03555200 0.02404900 0.06447800 0.29463000 19.33960000 0.03169080 0.00032972 0.00000962 0.00159933 -0.00000030 -0.00000018 28.14140000 1.24410000 -9 -9 3.52700000 -62.88260000 250 0.02138000 10.00330000 0.04100000 54426.10000000 0.29420000 16 12.18830000 0.73092000 0.06080000 0.01950000 -0.05860000 0.00200000 1.00000000 0.01100000
500038 15 0.10794000 0.00092000 0.10810000 0.00001000 0.10682000 0.00001000 19.14870000 0.18514900 38.40170000 0.18710800 -9.00000000 0 1 0.00565000 0.02704800 1.20471000 0.19717000 19.04900000 0.03444710 0.00043091 0.00001367 0.00110435 -0.00000082 -0.00000032 150.19300000 2.55130000 -999 -999 17.35000000 42.52550000 250 0.01545210 9.73659000 0.10400000 56390.40000000 0.21240000 15 31.89410000 0.00665520 0.06050000 0.01950000 0.00820000 0.00300000 1.00000000 0.01300000
7147 1 0.10908000 0.00092000 0.10886000 0.00002000 0.11022000 0.00002000 19.14860000 0.13041700 38.40160000 0.13318300 -9.00000000 0 0 -0.09339500 0.02417600 -1.94961000 0.15735000 19.22530000 0.03495880 0.00036634 0.00001180 0.00026842 -0.00000011 -0.00000019 350.01800000 -0.05540000 -9 -9 0.59900000 -58.36220000 250 0.03719700 10.03900000 0.06400000 53679.60000000 0.13280000 36 42.48240000 0.21187000 0.06070000 0.01930000 0.02550000 0.00300000 1.00000000 0.00400000
020027 15 0.11001000 0.00136000 0.10988000 0.00100000 0.10910000 0.00100000 19.31710000 0.17770100 38.57010000 0.17974100 -9.00000000 0 1 0.03628300 0.02908700 0.29665000 0.15075000 19.36210000 0.03357530 0.00032296 0.00000999 -0.00091423 0.00000002 -0.00000025 186.33600000 46.01520000 -999 -999 16.59430000 -37.19400000 250 0.01209400 10.00540000 0.10700000 55270.80000000 0.24510000 14 17.63310000 0.22400000 0.07350000 0.02820000 -0.07580000 0.00200000 1.00000000 0.00900000
18650 1 0.11259000 0.00093000 0.11243000 0.00003000 0.11371000 0.00003000 19.36840000 0.16095200 38.62140000 0.16320100 -9.00000000 0 1 -0.03794800 0.02451900 0.88484000 0.11778000 19.19290000 0.05231540 0.00037742 0.00001819 0.00025972 -0.00000023 -0.00000035 328.44700000 0.01510000 -9 -9 0.07500000 -45.08630000 250 0.07887830 8.53633000 0.07600000 54387.90000000 0.12980000 46 45.90700000 0.47612000 0.05080000 0.01890000 0.02000000 0.00400000 1.00000000 0.01000000
18612 1 0.11388000 0.00093000 0.11365000 0.00002000 0.11489000 0.00002000 19.13460000 0.19304400 38.38760000 0.19492300 -9.00000000 0 1 0.06407400 0.02226200 -0.73716700 0.13214000 19.42560000 0.03028810 0.00030461 0.00000850 0.00008397 -0.00000012 -0.00000016 12.28790000 0.59700000 -9 -9 1.28800000 -61.60630000 250 0.02257400 10.24520000 0.09200000 54383.70000000 0.17330000 52 81.18520000 0.00592922 0.05190000 0.01870000 -0.06820000 0.00300000 1.00000000 0.01500000
8719 1 0.11650000 0.00093000 0.11628000 0.00001000 0.11757000 0.00001000 19.28780000 0.15760100 38.54080000 0.15989700 -9.00000000 0 1 -0.06275100 0.02342200 0.01772700 0.16355000 19.16870000 0.03335050 0.00038594 0.00001185 0.00122473 -0.00000095 -0.00000023 7.72150000 -0.71880000 -9 -9 1.76100000 -58.05870000 250 0.01982440 8.80164000 0.07000000 53690.00000000 0.10650000 28 36.09680000 0.14015000 0.05110000 0.01830000 0.02520000 0.00300000 1.00000000 0.00900000
5395 1 0.11653000 0.00106000 0.11635000 0.00050000 0.11700000 0.00050000 19.37720000 0.18377000 38.63020000 0.18574200 -9.00000000 0 1 -0.01413400 0.02369900 1.18355000 0.13593000 19.23380000 0.04473900 0.00036348 0.00001498 0.00027928 -0.00000024 -0.00000027 49.64090000 0.12330000 -9 -9 0.31500000 -46.66580000 250 0.06218300 8.49999000 0.07500000 53663.90000000 0.14920000 63 46.09780000 0.94582000 0.05270000 0.02080000 0.02250000 0.00600000 1.00000000 0.01300000
2561 1 0.11760000 0.00093000 0.11741000 0.00002000 0.11813000 0.00002000 19.31970000 0.23811000 38.57270000 0.23963500 -9.00000000 0 1 0.04159200 0.02642400 -0.08909400 0.11464000 19.55220000 0.04893650 0.00027109 0.00001222 0.00015490 -0.00000014 -0.00000023 46.34340000 0.85840000 -9 -9 5.90800000 -49.76460000 250 0.06582850 7.00000000 0.03300000 53639.20000000 0.14060000 74 54.98790000 0.95205000 0.06080000 0.01810000 0.03840000 0.00700000 1.00000000 0.02300000
16259 1 0.11792000 0.00093000 0.11771000 0.00002000 0.11908000 0.00002000 19.35580000 0.21271200 38.60880000 0.21441900 -9.00000000 0 0 0.07897200 0.02817400 -1.49980000 0.22217000 19.79570000 0.03701560 0.00021664 0.00000739 0.00106415 -0.00000030 -0.00000016 352.03000000 0.85640000 -9 -9 11.23700000 -57.30660000 250 0.03119450 10.99400000 0.06300000 54052.30000000 0.20270000 26 26.69580000 0.42542000 0.06730000 0.01810000 -0.07800000 0.00400000 1.00000000 0.01700000
1371 1 0.11818000 0.00093000 0.11797000 0.00003000 0.11934000 0.00003000 19.16270000 0.12415600 38.41570000 0.12705800 -9.00000000 0 0 -0.10247100 0.02217000 0.79096000 0.09666700 18.80490000 0.03523940 0.00053956 0.00001751 0.00008180 -0.00000033 -0.00000027 349.37400000 0.42940000 -9 -9 1.12600000 -55.39390000 250 0.03879830 10.53720000 0.06700000 53633.30000000 0.10610000 55 73.04870000 0.05217580 0.05390000 0.01800000 0.02340000 0.00100000 1.00000000 0.00400000
000137 15 0.11901000 0.00137000 0.11878000 0.00100000 0.11820000 0.00100000 19.30990000 0.21065700 38.56290000 0.21238100 -9.00000000 0 0 0.08177200 0.03063500 -0.71005500 0.17565000 19.62810000 0.03693130 0.00025279 0.00000860 0.00052140 -0.00000050 -0.00000021 161.15900000 57.81110000 -999 -999 16.99980000 -61.77860000 250 0.00691997 10.21360000 0.03500000 55213.00000000 0.14700000 32 58.41630000 0.00294310 0.07550000 0.02640000 -0.09180000 0.00300000 1.00000000 0.01500000
5549 1 0.12014000 0.00093000 0.11992000 0.00002000 0.12124000 0.00002000 19.34280000 0.19836600 38.59580000 0.20019500 -9.00000000 0 0 0.00707000 0.02231600 0.25819000 0.09811000 19.40090000 0.03213170 0.00031163 0.00000922 0.00031112 -0.00000019 -0.00000016 3.25050000 0.24820000 -9 -9 2.46100000 -58.07730000 250 0.02889660 8.58120000 0.09600000 53666.10000000 0.10430000 46 62.74190000 0.05077270 0.04970000 0.01780000 0.02190000 0.00400000 1.00000000 0.01700000
12860 1 0.12058000 0.00093000 0.12042000 0.00001000 0.12168000 0.00001000 19.53960000 0.25080800 38.79260000 0.25225700 -9.00000000 0 0 0.14487000 0.02924000 -0.30293400 0.20236000 19.98010000 0.04730250 0.00018280 0.00000796 0.00060158 -0.00000019 -0.00000018 323.69400000 1.17590000 -9 -9 3.34300000 -41.46750000 250 0.05602950 10.17010000 0.04900000 53993.80000000 0.28010000 49 41.56700000 0.76555000 0.06830000 0.01770000 -0.10460000 0.00500000 1.00000000 0.02300000
490008 15 0.12086000 0.01004000 0.12067000 0.01000000 0.12000000 0.01000000 19.38180000 0.30142000 38.63480000 0.30262700 -9.00000000 0 1 -0.09990300 0.02619000 0.35309000 0.10465000 19.10350000 0.03531420 0.00040984 0.00001333 0.00035604 -0.00000046 -0.00000029 131.44900000 44.42060000 -999 -999 19.41150000 -51.58340000 250 0.02326050 8.89488000 0.42900000 56362.60000000 0.10430000 23 25.05140000 0.34764000 0.05740000 0.19070000 0.03030000 0.00200000 1.00000000 0.00500000
19953 1 0.12207000 0.00094000 0.12190000 0.00002000 0.12323000 0.00002000 19.34150000 0.15559000 38.59450000 0.15791500 -9.00000000 0 1 -0.13095200 0.02211000 0.72853000 0.18419000 18.95460000 0.03605250 0.00047008 0.00001561 0.00092949 -0.00000044 -0.00000025 332.93100000 0.57910000 -9 -9 1.09200000 -46.26580000 250 0.04456820 9.37542000 0.06300000 54415.20000000 0.15770000 31 35.84130000 0.25168000 0.05120000 0.01770000 0.07310000 0.00600000 1.00000000 0.00700000
390259 15 0.12231000 0.00137000 0.12208000 0.00100000 0.12200000 0.00100000 19.35890000 0.22956000 38.61190000 0.23114200 -9.00000000 0 0 0.02886700 0.02994700 -0.29839600 0.13517000 19.55720000 0.05720520 0.00026986 0.00001422 0.00006452 -0.00000030 -0.00000021 242.39600000 53.86720000 -999 -999 18.57590000 -61.86360000 250 0.01071620 9.15024000 1.29900000 56052.10000000 0.02820000 16 13.16440000 0.66071000 0.08600000 0.02570000 0.01260000 0.00400000 1.00000000 0.01700000
18835 1 0.12278000 0.00094000 0.12262000 0.00004000 0.12319000 0.00004000 19.43230000 0.14204000 38.68530000 0.14458400 -9.00000000 0 0 -0.00749100 0.02587700 0.75966000 0.11148000 19.30590000 0.06188190 0.00034013 0.00001939 0.00020548 -0.00000013 -0.00000039 53.68510000 0.35550000 -9 -9 0.90800000 -42.52920000 250 0.10010000 10.12210000 0.09500000 54392.40000000 0.11860000 50 56.16110000 0.25509000 0.05300000 0.01760000 -0.04360000 0.00100000 1.00000000 0.00700000
2916 1 0.12316000 0.00106000 0.12303000 0.00050000 0.12420000 0.00050000 19.34370000 0.27331100 38.59670000 0.27464100 -9.00000000 0 0 0.07164400 0.03581700 -0.74925300 0.23346000 19.76570000 0.06256740 0.00022270 0.00001283 0.00324640 -0.00000153 -0.00000037 315.92200000 0.56960000 -9 -9 1.99300000 -33.60700000 250 0.06634320 9.77924000 0.00800000 53643.80000000 0.15870000 45 65.34960000 0.02529320 0.07390000 0.01980000 0.03750000 0.01700000 1.00000000 0.03000000
16021 1 0.12357000 0.00094000 0.12336000 0.00002000 0.12460000 0.00002000 19.36340000 0.15989900 38.61640000 0.16216300 -9.00000000 0 1 -0.03681900 0.02389700 -0.33583000 0.12847000 19.36610000 0.03208160 0.00032178 0.00000951 0.00080136 -0.00000042 -0.00000019 13.84370000 -0.38880000 -9 -9 1.52000000 -56.09530000 250 0.02202840 9.49127000 0.06000000 54049.10000000 0.11500000 37 35.74550000 0.52778000 0.05140000 0.01750000 0.01460000 0.00400000 1.00000000 0.01000000
13894 1 0.12377000 0.00106000 0.12356000 0.00050000 0.12490000 0.00050000 19.54790000 0.33227200 38.80090000 0.33336700 -9.00000000 0 0 0.16435000 0.02893700 0.71922000 0.16833000 20.08800000 0.04785300 0.00016550 0.00000729 0.00072323 -0.00000024 -0.00000015 1.69060000 -0.03680000 -9 -9 0.03700000 -55.87950000 250 0.05805810 8.72392000 0.10500000 54013.70000000 0.14800000 70 58.63320000 0.83173000 0.06720000 0.01970000 0.08560000 0.02000000 1.00000000 0.04500000
570062 15 0.12383000 0.00137000 0.12363000 0.00100000 0.12500000 0.00100000 19.57120000 0.14787900 38.82420000 0.15032400 -9.00000000 0 0 -0.08054200 0.02844700 0.11582000 0.24943000 19.37810000 0.03821640 0.00031825 0.00001120 0.00151184 -0.00000083 -0.00000027 353.10200000 0.29560000 -999 -999 20.04380000 -54.47950000 250 0.03105030 9.98879000 0.23000000 56595.30000000 0.24180000 8 4.24374000 0.83449000 0.06620000 0.02540000 0.02060000 0.00100000 1.00000000 0.00600000
6406 1 0.12393000 0.00094000 0.12377000 0.00001000 0.12449000 0.00001000 19.39740000 0.14327600 38.65040000 0.14579700 -9.00000000 0 1 -0.00035800 0.02340700 0.12939000 0.13322000 19.38220000 0.04525770 0.00031703 0.00001322 0.00051625 -0.00000022 -0.00000024 46.08860000 -1.06300000 -9 -9 0.54000000 -44.45700000 250 0.06476280 10.00620000 0.05400000 53674.80000000 0.10920000 63 59.04290000 0.61808000 0.04940000 0.01740000 -0.04740000 0.00100000 1.00000000 0.00700000
19543 1 0.12405000 0.00509000 0.12384000 0.00500000 0.12520000 0.00500000 19.58200000 0.21988000 38.83500000 0.22153100 -9.00000000 0 1 -0.02231600 0.02426600 -0.83315000 0.13952000 19.69980000 0.03418850 0.00023663 0.00000745 0.00062610 -0.00000027 -0.00000014 357.90800000 0.27980000 -9 -9 0.13800000 -55.71730000 250 0.03034660 8.61533000 0.10100000 54401.00000000 0.12110000 45 45.08060000 0.46858000 0.05510000 0.09430000 0.01150000 0.00800000 1.00000000 0.01200000
13044 1 0.12472000 0.00094000 0.12455000 0.00002000 0.12588000 0.00002000 19.50860000 0.12294000 38.76160000 0.12587000 -9.00000000 0 1 -0.07070500 0.02273800 -0.01779800 0.12882000 19.33950000 0.03614540 0.00032975 0.00001098 0.00045566 -0.00000034 -0.00000019 332.54300000 0.50330000 -9 -9 2.61000000 -45.02820000 250 0.04052540 10.06370000 0.06200000 54003.20000000 0.09280000 55 66.28590000 0.14168000 0.05250000 0.01730000 -0.00540000 0.00100000 1.00000000 0.00400000
15459 1 0.12560000 0.00094000 0.12542000 0.00002000 0.12679000 0.00002000 19.88870000 0.29772200 39.14170000 0.29894400 -9.00000000 0 0 0.11269000 0.03042500 0.37953000 0.22191000 20.29550000 0.04623560 0.00013671 0.00000582 0.00199316 -0.00000042 -0.00000014 340.70100000 -0.90180000 -9 -9 0.13000000 -46.77100000 250 0.04953220 8.73681000 0.05600000 54035.50000000 0.18930000 48 52.64470000 0.29905000 0.06750000 0.01720000 0.06190000 0.01200000 1.00000000 0.03700000
2992 1 0.12623000 0.00094000 0.12608000 0.00002000 0.12661000 0.00002000 19.24260000 0.29210300 38.49560000 0.29334800 -9.00000000 0 1 0.10938000 0.03077600 -0.95657100 0.14202000 19.82500000 0.05745650 0.00021087 0.00001116 0.00012028 -0.00000014 -0.00000026 55.49700000 -0.78270000 -9 -9 1.29200000 -38.39570000 250 0.07955350 9.72723000 0.05700000 53641.20000000 0.19740000 63 58.30730000 0.64398000 0.06750000 0.01710000 0.05060000 0.01900000 1.00000000 0.03600000
16069 1 0.12706000 0.00094000 0.12688000 0.00004000 0.12825000 0.00004000 19.55950000 0.25827200 38.81250000 0.25967900 -9.00000000 0 0 0.16215000 0.02789000 0.89709000 0.22289000 19.87170000 0.04324310 0.00020198 0.00000804 0.00161760 -0.00000050 -0.00000017 341.24600000 -1.00660000 -9 -9 3.74900000 -46.41790000 250 0.04766880 10.17900000 0.05000000 54050.70000000 0.19190000 32 45.04380000 0.06286960 0.06320000 0.01700000 -0.10920000 0.00600000 1.00000000 0.02400000
744 1 0.12710000 0.00094000 0.12694000 0.00001000 0.12825000 0.00001000 19.43190000 0.27958400 38.68490000 0.28088400 -9.00000000 0 1 0.07321100 0.03375600 1.39569000 0.31642000 19.57450000 0.05720950 0.00026558 0.00001399 0.00068798 0.00000013 -0.00000038 329.19800000 0.31750000 -9 -9 1.61500000 -41.92630000 250 0.04960690 9.90923000 0.07500000 53612.90000000 0.78890000 31 20.40680000 0.92668000 0.07740000 0.01700000 0.06970000 0.01500000 1.00000000 0.03000000
14871 1 0.12720000 0.00106000 0.12705000 0.00050000 0.12760000 0.00050000 19.48990000 0.15720600 38.74290000 0.15950800 -9.00000000 0 1 -0.05352100 0.02366200 1.26484000 0.11312000 19.21890000 0.04922180 0.00036851 0.00001671 0.00008066 -0.00000016 -0.00000030 54.27710000 0.00940000 -9 -9 0.66100000 -40.35730000 250 0.07478850 9.14823000 0.07000000 54027.40000000 0.12740000 67 59.24150000 0.73885000 0.05220000 0.01920000 0.02870000 0.00600000 1.00000000 0.00900000
18855 1 0.12732000 0.00094000 0.12716000 0.00001000 0.12783000 0.00001000 19.53110000 0.17484100 38.78410000 0.17691300 -9.00000000 0 1 -0.02263800 0.02501800 0.24873000 0.14548000 19.48880000 0.05452080 0.00028741 0.00001443 0.00019997 -0.00000009 -0.00000028 48.63230000 0.26980000 -9 -9 6.20500000 -44.35420000 250 0.08481000 9.82915000 0.06500000 54386.00000000 0.21080000 50 27.13090000 0.99658000 0.05380000 0.01700000 0.01200000 0.00300000 1.00000000 0.01200000
22075 1 0.12920000 0.00094000 0.12900000 0.00002000 0.13003000 0.00002000 19.50170000 0.14854500 38.75470000 0.15097900 -9.00000000 0 0 -0.03145800 0.02995400 -1.67195000 0.34975000 19.67570000 0.03641680 0.00024196 0.00000812 0.00276955 0.00000010 -0.00000014 29.96310000 1.21650000 -9 -9 2.21900000 -53.86710000 250 0.02311910 10.79350000 0.06700000 54425.90000000 0.34200000 15 16.36240000 0.35838000 0.07760000 0.01680000 -0.02780000 0.00200000 1.00000000 0.00500000
1032 1 0.12921000 0.00094000 0.12904000 0.00003000 0.12976000 0.00003000 19.58730000 0.21107500 38.84030000 0.21279500 -9.00000000 0 0 0.05255500 0.03899500 -2.53930000 0.20428000 20.10880000 0.05639340 0.00016236 0.00000843 0.00101712 -0.00000044 -0.00000024 46.79570000 1.11960000 -9 -9 1.72300000 -46.31660000 250 0.06359380 10.27770000 0.06700000 53626.50000000 0.20470000 52 38.72530000 0.91398000 0.09320000 0.01680000 -0.06810000 0.00600000 1.00000000 0.01300000
5751 1 0.12950000 0.00094000 0.12929000 0.00001000 0.13056000 0.00001000 19.58000000 0.24898200 38.83300000 0.25044200 -9.00000000 0 0 0.15562000 0.02478500 0.76202000 0.14618000 19.89190000 0.03246130 0.00019826 0.00000593 0.00072165 -0.00000025 -0.00000012 11.63420000 0.83820000 -9 -9 0.76800000 -56.21010000 250 0.01867740 10.13540000 0.08400000 53666.20000000 0.16590000 48 40.06920000 0.78517000 0.05440000 0.01670000 -0.10930000 0.00500000 1.00000000 0.02400000
18415 1 0.12958000 0.00094000 0.12940000 0.00002000 0.13077000 0.00002000 19.58990000 0.14017100 38.84290000 0.14274800 -9.00000000 0 0 -0.08373500 0.02977700 -1.63090000 0.17234000 19.63720000 0.05039660 0.00025068 0.00001164 0.00037826 -0.00000027 -0.00000024 337.47800000 1.05860000 -9 -9 2.84000000 -47.36150000 250 0.06396860 10.60050000 0.07700000 54381.40000000 0.24160000 47 29.23140000 0.98041000 0.07230000 0.01670000 0.01320000 0.00200000 1.00000000 0.00400000
18809 1 0.13169000 0.00094000 0.13153000 0.00003000 0.13216000 0.00003000 19.54900000 0.13184000 38.80200000 0.13457600 -9.00000000 0 0 -0.07267800 0.02784400 -1.16804000 0.18228000 19.54730000 0.06200360 0.00027232 0.00001555 0.00013596 0.00000002 -0.00000033 50.88130000 0.66660000 -9 -9 3.36800000 -42.50010000 250 0.09775040 10.63950000 0.07200000 54383.10000000 0.27160000 49 36.01290000 0.91634000 0.06220000 0.01650000 -0.00170000 0.00100000 1.00000000 0.00400000
151034 15 0.13281000 0.00138000 0.13269000 0.00100000 0.13190000 0.00100000 19.53110000 0.11915600 38.78410000 0.12217700 -9.00000000 0 0 -0.14788200 0.02568400 0.31621000 0.09770200 19.12800000 0.03305750 0.00040069 0.00001220 0.00030706 -0.00000040 -0.00000026 185.13700000 46.66610000 -999 -999 16.39880000 -33.35430000 250 0.01293830 10.64360000 4.42600000 55686.60000000 0.07680000 26 34.36150000 0.12616000 0.05740000 0.02400000 0.04840000 0.00300000 1.00000000 0.00300000
1334084 10 0.13366000 0.00107000 0.13349000 0.00050000 0.13431000 0.00050000 19.57360000 0.28243000 38.82660000 0.28371800 -9.00000000 0 0 0.07131200 0.05102700 -0.90529600 0.35417000 20.01420000 0.08451930 0.00017714 0.00001379 0.00639811 -0.00000233 -0.00000061 41.73400000 -0.69060000 -999 -999 0.18000000 -44.64960000 250 0.03391530 9.74734000 0.06450000 57336.30000000 0.52130000 19 4.57192000 0.99971000 0.10110000 0.01850000 0.03420000 0.03100000 1.00000000 0.02700000
15508 1 0.13372000 0.00095000 0.13353000 0.00003000 0.13461000 0.00003000 19.59040000 0.15536700 38.84340000 0.15769600 -9.00000000 0 1 -0.05942600 0.02242300 0.88393000 0.10636000 19.35370000 0.03024340 0.00032547 0.00000907 0.00028717 -0.00000019 -0.00000015 27.16900000 -0.57660000 -9 -9 3.55300000 -50.23320000 250 0.02522010 9.13587000 0.06800000 54041.60000000 0.09520000 42 47.56620000 0.25641000 0.05320000 0.01640000 0.02510000 0.00300000 1.00000000 0.00900000
14108 1 0.13477000 0.00509000 0.13463000 0.00500000 0.13520000 0.00500000 19.98360000 0.19752000 39.23660000 0.19935700 -9.00000000 0 0 0.00401000 0.03051700 0.24103000 0.14792000 19.95930000 0.07568870 0.00018633 0.00001299 0.00016971 -0.00000006 -0.00000031 53.59460000 -1.12320000 -9 -9 0.69800000 -37.11620000 250 0.12571000 10.23140000 0.23300000 54010.20000000 0.17630000 77 80.10020000 0.38204000 0.06350000 0.08720000 -0.05350000 0.00100000 1.00000000 0.00800000
15234 1 0.13535000 0.00095000 0.13514000 0.00002000 0.13636000 0.00002000 19.82450000 0.31216500 39.07750000 0.31333000 -9.00000000 0 1 0.13004000 0.02802300 0.89204000 0.20739000 20.21280000 0.03567590 0.00014752 0.00000485 0.00147791 -0.00000035 -0.00000019 16.95830000 0.82820000 -9 -9 1.75800000 -53.92400000 250 0.02385360 9.98362000 0.06100000 54032.80000000 0.20000000 45 50.22540000 0.27408000 0.07060000 0.01620000 0.06540000 0.01600000 1.00000000 0.04000000
000014 15 0.13614000 0.00138000 0.13599000 0.00100000 0.13690000 0.00100000 19.72410000 0.20485500 38.97710000 0.20662700 -9.00000000 0 1 -0.11184200 0.03392100 0.47577000 0.57882000 19.39540000 0.04484130 0.00031320 0.00001294 0.00104444 -0.00000075 -0.00000026 35.87800000 -4.63630000 -999 -999 17.74870000 -39.87140000 250 0.02242270 9.80415000 0.04800000 55201.20000000 0.49510000 8 3.60351000 0.89101000 0.12110000 0.02340000 0.03500000 0.00200000 1.00000000 0.00500000
17629 1 0.13658000 0.00095000 0.13640000 0.00002000 0.13742000 0.00002000 19.59450000 0.19369600 38.84750000 0.19556900 -9.00000000 0 1 0.06115700 0.02713700 -0.34633000 0.14760000 19.80890000 0.03702830 0.00021402 0.00000730 0.00066877 -0.00000044 -0.00000015 30.63640000 -1.08920000 -9 -9 2.74500000 -47.52790000 250 0.02412980 10.63420000 0.05600000 54370.40000000 0.11400000 61 85.47530000 0.02104570 0.06450000 0.01610000 -0.07820000 0.00300000 1.00000000 0.01300000
19775 1 0.13700000 0.00095000 0.13687000 0.00003000 0.13809000 0.00003000 19.75650000 0.22266500 39.00950000 0.22429600 -9.00000000 0 1 0.09869900 0.03073700 -0.21248200 0.20423000 20.05090000 0.05453260 0.00017126 0.00000860 0.00102807 -0.00000032 -0.00000020 318.95600000 0.65130000 -9 -9 0.29500000 -33.22850000 250 0.07507580 10.04940000 0.10400000 54404.40000000 0.18640000 44 32.34270000 0.90328000 0.07060000 0.01600000 -0.09460000 0.00400000 1.00000000 0.01800000
18602 1 0.13713000 0.00095000 0.13696000 0.00002000 0.13834000 0.00002000 19.70860000 0.25772500 38.96160000 0.25913600 -9.00000000 0 1 0.06353500 0.02964500 0.90996000 0.18668000 19.86560000 0.05062980 0.00020312 0.00000947 0.00135887 -0.00000052 -0.00000021 338.98400000 0.60920000 -9 -9 0.61000000 -45.30890000 250 0.06443030 8.85232000 0.10600000 54393.80000000 0.13410000 40 43.92400000 0.30883000 0.06650000 0.01600000 0.04240000 0.00800000 1.00000000 0.02700000
21062 1 0.13745000 0.00095000 0.13729000 0.00002000 0.13864000 0.00002000 20.09810000 0.22880400 39.35110000 0.23039100 -9.00000000 0 0 0.01918300 0.03227100 0.72242000 0.35017000 20.11280000 0.04382890 0.00016177 0.00000653 0.00304160 -0.00000056 -0.00000013 333.43200000 0.39630000 -9 -9 0.53000000 -42.07940000 250 0.04149810 8.95999000 0.08100000 54425.50000000 0.28540000 27 43.84980000 0.02142840 0.08690000 0.01600000 0.00950000 0.00500000 1.00000000 0.01800000
17366 1 0.13822000 0.00095000 0.13811000 0.00001000 0.13929000 0.00001000 19.63270000 0.12561300 38.88570000 0.12848200 -9.00000000 0 1 -0.09121400 0.02438100 0.56478000 0.16833000 19.33430000 0.04707950 0.00033136 0.00001437 0.00014181 -0.00000035 -0.00000027 315.78700000 -1.02920000 -9 -9 10.97900000 -27.98620000 250 0.06873050 10.28910000 0.05600000 54351.50000000 0.25570000 43 33.77060000 0.84221000 0.05770000 0.01590000 0.01450000 0.00100000 1.00000000 0.00400000
15171 1 0.13826000 0.00107000 0.13818000 0.00050000 0.13920000 0.00050000 19.69730000 0.15744100 38.95030000 0.15974000 -9.00000000 0 1 -0.07256100 0.02591400 0.67029000 0.14725000 19.45450000 0.05775370 0.00029661 0.00001578 0.00025660 -0.00000014 -0.00000030 304.79300000 -1.06450000 -9 -9 1.16300000 -19.26130000 250 0.09195060 9.85121000 0.14200000 54029.10000000 0.13820000 65 79.40260000 0.10788000 0.05880000 0.01790000 0.02810000 0.00300000 1.00000000 0.00800000
190340 15 0.13840000 0.00138000 0.13824000 0.00100000 0.13960000 0.00100000 19.76990000 0.12128100 39.02290000 0.12425000 -9.00000000 0 1 -0.06629000 0.02661300 0.50784000 0.08667700 19.52130000 0.04458770 0.00027891 0.00001145 0.00016900 -0.00000019 -0.00000024 334.13400000 0.47330000 -999 -999 17.92770000 -42.34560000 250 0.05479510 10.00880000 0.03400000 55815.30000000 0.07880000 38 49.15250000 0.10623000 0.05640000 0.02310000 -0.02110000 0.00100000 1.00000000 0.00300000
20084 1 0.13851000 0.00095000 0.13834000 0.00001000 0.13973000 0.00001000 19.78710000 0.31794000 39.04010000 0.31908400 -9.00000000 0 1 0.14895000 0.03075300 0.07870100 0.28687000 20.31040000 0.04379460 0.00013485 0.00000544 0.00181547 -0.00000035 -0.00000013 347.97500000 -0.57810000 -9 -9 0.61600000 -46.73750000 250 0.04536380 9.92013000 0.09600000 54407.20000000 0.25740000 32 37.48620000 0.23196000 0.07460000 0.01590000 0.02190000 0.01700000 1.00000000 0.04200000
12928 1 0.13875000 0.00107000 0.13868000 0.00050000 0.13970000 0.00050000 19.74690000 0.17393900 38.99990000 0.17602200 -9.00000000 0 0 -0.06129900 0.03523700 -0.54260000 0.37869000 19.67910000 0.06653870 0.00024119 0.00001478 -0.00449666 0.00000187 -0.00000039 305.00900000 -0.97570000 -9 -9 3.94700000 -19.53050000 250 0.08688480 10.36570000 0.07500000 53972.90000000 1.09580000 35 18.60940000 0.98950000 0.10150000 0.01780000 -0.01070000 0.00100000 1.00000000 0.00400000
190230 15 0.13880000 0.00138000 0.13864000 0.00100000 0.14000000 0.00100000 19.79370000 0.12792400 39.04670000 0.13074200 -9.00000000 0 0 -0.07460700 0.02829300 -1.41317000 0.13557000 19.81980000 0.04197000 0.00021188 0.00000819 0.00020232 -0.00000014 -0.00000018 333.93700000 0.42250000 -999 -999 17.67340000 -42.03440000 250 0.04782160 10.14940000 0.02800000 55799.90000000 0.14250000 31 29.06290000 0.56596000 0.06360000 0.02300000 -0.00410000 0.00200000 1.00000000 0.00300000
090275 15 0.13955000 0.00138000 0.13959000 0.00100000 0.14000000 0.00100000 19.76830000 0.14324500 39.02130000 0.14576700 -9.00000000 0 1 -0.03759800 0.03210200 -1.10837000 0.17326000 19.83400000 0.04126070 0.00020912 0.00000795 0.00099029 -0.00000043 -0.00000019 54.07210000 -28.05150000 -999 -999 17.16260000 10.26240000 250 0.00919910 10.18400000 0.00800000 55494.40000000 0.13470000 22 11.58670000 0.96534000 0.07630000 0.02290000 -0.03390000 0.00200000 1.00000000 0.00300000
1794 1 0.14082000 0.00095000 0.14070000 0.00006000 0.14191000 0.00006000 19.92450000 0.18202800 39.17750000 0.18401900 -9.00000000 0 1 0.03868700 0.02811400 1.15712000 0.32796000 19.87150000 0.05274080 0.00020202 0.00000981 0.00041038 -0.00000004 -0.00000021 317.83700000 -0.44530000 -9 -9 0.49500000 -30.01570000 250 0.07568280 11.03280000 0.07600000 53624.70000000 0.57210000 44 34.09410000 0.85882000 0.07280000 0.01560000 -0.05430000 0.00300000 1.00000000 0.01000000
17208 1 0.14104000 0.00509000 0.14084000 0.00500000 0.14220000 0.00500000 20.03050000 0.20171500 39.28350000 0.20351400 -9.00000000 0 0 -0.07159400 0.03006200 0.86472000 0.38887000 19.73080000 0.05324980 0.00022997 0.00001128 0.00160854 -0.00000072 -0.00000019 1.49160000 1.10310000 -9 -9 0.61100000 -52.10750000 250 0.02693270 11.50000000 0.20200000 54342.00000000 0.03760000 35 21.51530000 0.96409000 0.09420000 0.08350000 -0.00310000 0.00100000 1.00000000 0.00400000
340229 15 0.14123000 0.00138000 0.14108000 0.00100000 0.14200000 0.00100000 19.78770000 0.21070600 39.04070000 0.21242900 -9.00000000 0 1 -0.00558400 0.08806000 -1.42415000 0.84878000 20.03660000 0.14105000 0.00017352 0.00002254 0.05773460 -0.00001276 -0.00000186 35.87900000 -2.86040000 -999 -999 18.04180000 -41.66360000 250 0.02253890 9.69378000 0.10000000 55919.10000000 0.59150000 3 2.31908000 0.50888000 0.09330000 0.02260000 0.00370000 0.01200000 1.00000000 0.01100000
1317666 10 0.14134000 0.00107000 0.14120000 0.00050000 0.14210000 0.00050000 19.87070000 0.25946300 39.12370000 0.26086400 -9.00000000 0 0 0.06700400 0.02973200 -0.13999400 0.10639000 20.19430000 0.04156790 0.00015007 0.00000575 0.00053555 -0.00000022 -0.00000015 36.77110000 -5.00310000 -999 -999 2.43000000 -37.79000000 250 0.02280560 9.68561000 0.20550000 57301.50000000 0.11710000 29 9.25794000 0.99982000 0.06290000 0.01750000 0.04330000 0.00800000 1.00000000 0.02600000
2635 1 0.14325000 0.00108000 0.14311000 0.00050000 0.14370000 0.00050000 19.79400000 0.15831600 39.04700000 0.16060200 -9.00000000 0 1 -0.04574900 0.02553600 0.85923000 0.13620000 19.59790000 0.05363840 0.00025992 0.00001284 0.00008063 -0.00000016 -0.00000025 52.70430000 -1.23810000 -9 -9 1.93300000 -35.68810000 250 0.08375720 9.59628000 0.05400000 53640.30000000 0.17380000 76 72.83340000 0.58168000 0.05800000 0.01750000 0.01970000 0.00300000 1.00000000 0.00800000
17568 1 0.14345000 0.00108000 0.14335000 0.00050000 0.14450000 0.00050000 20.26240000 0.36966500 39.51540000 0.37065000 -9.00000000 0 0 0.21811000 0.04910700 0.57150000 0.41661000 20.92350000 0.07754570 0.00007667 0.00000548 0.00471182 -0.00000083 -0.00000019 313.10300000 0.27770000 -9 -9 2.95300000 -27.22560000 250 0.08708630 9.24061000 0.07300000 54361.30000000 0.42350000 56 38.11550000 0.96772000 0.12440000 0.01740000 0.01850000 0.03700000 1.00000000 0.04600000
190260 15 0.14359000 0.00138000 0.14344000 0.00100000 0.14480000 0.00100000 19.86050000 0.12664700 39.11350000 0.12949400 -9.00000000 0 0 -0.05216700 0.03089500 0.98142000 0.12321000 19.57620000 0.06434650 0.00026517 0.00001572 0.00036553 -0.00000028 -0.00000039 333.96700000 -0.82520000 -999 -999 18.13890000 -38.90380000 250 0.09790590 10.26390000 0.04200000 55810.70000000 0.10370000 41 41.95100000 0.42945000 0.06230000 0.02230000 -0.03060000 0.00100000 1.00000000 0.00300000
17497 1 0.14404000 0.00095000 0.14388000 0.00002000 0.14479000 0.00002000 19.82260000 0.16844400 39.07560000 0.17059400 -9.00000000 0 1 0.03858400 0.02274400 0.90707000 0.12522000 19.79660000 0.03236550 0.00021645 0.00000645 0.00012954 -0.00000015 -0.00000011 37.13660000 -1.04210000 -9 -9 2.55900000 -43.39320000 250 0.03043910 10.01890000 0.05200000 54364.70000000 0.12370000 89 98.66350000 0.22687000 0.05600000 0.01530000 -0.06390000 0.00200000 1.00000000 0.01000000
8921 1 0.14423000 0.00095000 0.14410000 0.00001000 0.14539000 0.00001000 19.76300000 0.23944200 39.01600000 0.24096000 -9.00000000 0 1 -0.00000800 0.03199300 0.73414000 0.26961000 19.71660000 0.04907750 0.00023301 0.00001053 0.00023775 -0.00000057 -0.00000002 325.00200000 -0.00790000 -9 -9 0.51900000 -34.88840000 250 0.04924170 9.52063000 0.05800000 53693.00000000 0.20940000 23 24.25160000 0.38999000 0.11790000 0.01530000 0.00950000 0.00400000 1.00000000 0.01400000
17605 1 0.14542000 0.00096000 0.14533000 0.00002000 0.14643000 0.00002000 19.89880000 0.20842100 39.15180000 0.21016300 -9.00000000 0 0 0.02301500 0.04023900 0.80389000 0.45281000 19.84410000 0.06586280 0.00020719 0.00001257 -0.00042857 -0.00000022 -0.00000039 309.20300000 0.09840000 -9 -9 0.84300000 -23.71730000 250 0.07212490 10.23320000 0.04900000 54352.60000000 0.89000000 24 30.38370000 0.17236000 0.11090000 0.01530000 -0.05970000 0.00200000 1.00000000 0.00900000
1296657 10 0.14638000 0.00108000 0.14624000 0.00050000 0.14715000 0.00050000 19.93270000 0.20564300 39.18570000 0.20740800 -9.00000000 0 0 -0.00667000 0.04173700 0.78851000 0.35746000 19.86040000 0.06591560 0.00020410 0.00001239 0.00760832 -0.00000306 -0.00000043 36.25520000 -6.27860000 -999 -999 0.38000000 -34.86770000 250 0.02952270 9.33695000 0.00950000 56923.50000000 0.32480000 13 5.74133000 0.95506000 0.08660000 0.01710000 0.01230000 0.00300000 1.00000000 0.01200000
440008 15 0.14652000 0.00138000 0.14656000 0.00100000 0.14700000 0.00100000 19.90500000 0.18562400 39.15800000 0.18757800 -9.00000000 0 0 0.00046000 0.02648300 -0.30816200 0.19280000 20.00780000 0.03261140 0.00017819 0.00000535 0.00115978 -0.00000029 -0.00000012 52.67350000 -28.86320000 -999 -999 18.58190000 10.50230000 250 0.00797621 9.32684000 0.21000000 56216.30000000 0.15140000 22 19.57520000 0.60960000 0.05910000 0.02180000 0.00350000 0.00300000 1.00000000 0.01200000
1316385 10 0.14737000 0.00108000 0.14741000 0.00050000 0.14784000 0.00050000 19.76240000 0.19564000 39.01540000 0.19749500 -9.00000000 0 0 -0.01125800 0.03190600 1.29208000 0.25339000 19.59860000 0.04582820 0.00025975 0.00001096 0.00201748 -0.00000135 -0.00000026 53.52600000 -27.63210000 -999 -999 0.05000000 8.83540000 250 0.00711532 9.63951000 0.12550000 57019.80000000 0.22580000 12 5.27727000 0.94807000 0.08010000 0.01700000 0.00920000 0.00600000 1.00000000 0.01200000
13796 1 0.14747000 0.00096000 0.14729000 0.00002000 0.14870000 0.00002000 19.71420000 0.16966800 38.96720000 0.17180300 -9.00000000 0 1 -0.02149100 0.02225700 0.79596000 0.11786000 19.59340000 0.03305930 0.00026101 0.00000795 0.00016903 -0.00000015 -0.00000013 350.69200000 0.53290000 -9 -9 2.46400000 -47.13240000 250 0.03629020 9.66952000 0.05500000 54010.40000000 0.11780000 65 41.49610000 0.98983000 0.05270000 0.01510000 0.01070000 0.00400000 1.00000000 0.01100000
14024 1 0.14771000 0.00096000 0.14759000 0.00004000 0.14881000 0.00004000 19.88100000 0.18684500 39.13400000 0.18878500 -9.00000000 0 1 0.04111700 0.03528000 -1.92744000 0.20112000 20.26060000 0.06661020 0.00014117 0.00000866 0.00087640 -0.00000024 -0.00000023 318.19900000 0.91630000 -9 -9 2.54000000 -31.20740000 250 0.09909460 10.73290000 0.19800000 54011.20000000 0.21110000 77 38.71570000 0.99992000 0.07860000 0.01510000 -0.08430000 0.00400000 1.00000000 0.01000000
180166 15 0.14778000 0.00138000 0.14757000 0.00100000 0.14750000 0.00100000 19.90800000 0.16802200 39.16100000 0.17017700 -9.00000000 0 1 0.03509700 0.02567100 0.60099000 0.11034000 19.90280000 0.03125540 0.00019628 0.00000565 0.00007344 -0.00000010 -0.00000012 242.84300000 55.06420000 -999 -999 17.91290000 -54.98670000 250 0.00694992 10.03330000 0.07800000 55763.80000000 0.14450000 38 52.27690000 0.06144110 0.05910000 0.02170000 -0.07740000 0.00200000 1.00000000 0.01000000
1293758 10 0.14803000 0.00108000 0.14812000 0.00050000 0.14896000 0.00050000 19.97550000 0.18300400 39.22850000 0.18498500 -9.00000000 0 0 -0.06107600 0.03942600 -1.32993000 0.17215000 20.02300000 0.03539260 0.00017571 0.00000573 -0.00104093 -0.00000014 -0.00000015 8.48390000 -43.34970000 -999 -999 4.28000000 24.77660000 250 0.00727305 11.06220000 0.00700000 56915.70000000 0.20410000 14 14.85180000 0.38836000 0.11130000 0.01690000 -0.01220000 0.00400000 1.00000000 0.00400000
14437 1 0.14806000 0.00096000 0.14792000 0.00004000 0.14927000 0.00004000 19.78520000 0.15560600 39.03820000 0.15793100 -9.00000000 0 0 -0.09774400 0.02603000 0.61897000 0.12404000 19.48740000 0.05240020 0.00028778 0.00001389 0.00027256 -0.00000021 -0.00000025 332.08100000 -1.19640000 -9 -9 0.30900000 -36.37920000 250 0.08009580 9.91097000 0.11700000 54009.90000000 0.12370000 76 73.56250000 0.55788000 0.06100000 0.01500000 0.04330000 0.00300000 1.00000000 0.00700000
1255502 10 0.14834000 0.00108000 0.14819000 0.00050000 0.14915000 0.00050000 19.77090000 0.14010500 39.02390000 0.14268300 -9.00000000 0 0 -0.08900500 0.04522500 1.05148000 0.28910000 19.39790000 0.07283040 0.00031248 0.00002096 0.00826691 -0.00000487 -0.00000085 33.90460000 -4.20920000 -999 -999 2.64000000 -38.62090000 250 0.01852980 10.14850000 0.09100000 56592.70000000 0.19060000 10 3.63961000 0.96214000 0.07690000 0.01690000 0.00500000 0.00300000 1.00000000 0.00300000
13736 1 0.14898000 0.00096000 0.14882000 0.00002000 0.15021000 0.00002000 19.90760000 0.17284400 39.16060000 0.17494000 -9.00000000 0 1 -0.02276200 0.02442800 1.11597000 0.16716000 19.74220000 0.04298440 0.00022757 0.00000901 0.00041892 -0.00000034 -0.00000016 336.83300000 1.03100000 -9 -9 2.40200000 -42.10880000 250 0.05863820 9.07749000 0.08000000 54015.80000000 0.13370000 68 90.27690000 0.03672740 0.05950000 0.01500000 0.01730000 0.00400000 1.00000000 0.01100000
2308 1 0.14940000 0.00509000 0.14923000 0.00500000 0.15020000 0.00500000 19.85740000 0.17312300 39.11040000 0.17521600 -9.00000000 0 0 -0.18591700 0.02200900 0.67412000 0.12514000 19.34380000 0.03120280 0.00032845 0.00000944 0.00007866 -0.00000031 -0.00000015 34.27290000 0.28030000 -9 -9 -9.00000000 -45.26520000 250 0.02871620 10.38120000 -9.00000000 53630.60000000 0.13950000 62 69.57840000 0.23762000 0.05680000 0.07910000 0.10840000 0.00600000 1.00000000 0.00300000
000038 15 0.15050000 0.00139000 0.15036000 0.00100000 0.15130000 0.00100000 19.85280000 0.16788100 39.10580000 0.17003800 -9.00000000 0 0 -0.02840800 0.02897100 0.71049000 0.19695000 19.71100000 0.03481210 0.00023422 0.00000751 0.00054606 -0.00000040 -0.00000018 35.09570000 -4.67250000 -999 -999 19.89180000 -36.97110000 250 0.01893660 9.12600000 0.45900000 55204.30000000 0.18420000 10 8.81306000 0.54993000 0.07160000 0.02150000 -0.00160000 0.00200000 1.00000000 0.00800000
460003 15 0.15084000 0.00139000 0.15067000 0.00100000 0.15000000 0.00100000 19.91570000 0.13137300 39.16870000 0.13411900 -9.00000000 0 0 -0.07265600 0.02791200 -0.82543800 0.11523000 19.85370000 0.03594990 0.00020536 0.00000680 -0.00019862 -0.00000014 -0.00000015 128.83500000 43.85550000 -999 -999 18.00800000 -43.84840000 250 0.02708310 10.87610000 0.10000000 56278.50000000 0.11680000 21 29.75740000 0.09697210 0.06720000 0.02140000 -0.01150000 0.00200000 1.00000000 0.00300000
2031 1 0.15195000 0.00108000 0.15186000 0.00050000 0.15300000 0.00050000 19.79470000 0.15645600 39.04770000 0.15876900 -9.00000000 0 0 -0.12821000 0.02426600 0.48801000 0.14271000 19.44880000 0.04386650 0.00029819 0.00001205 0.00000257 -0.00000023 -0.00000020 312.04300000 -1.17140000 -9 -9 1.10300000 -23.04740000 250 0.06267230 9.20400000 54.12400000 53636.90000000 0.13930000 53 63.32340000 0.15674000 0.06110000 0.01650000 0.07010000 0.00500000 1.00000000 0.00600000
18323 1 0.15291000 0.00096000 0.15272000 0.00001000 0.15408000 0.00001000 20.07090000 0.17108100 39.32390000 0.17319800 -9.00000000 0 0 -0.03810800 0.02895700 0.15550000 0.22778000 19.99030000 0.04177360 0.00018109 0.00000697 0.00165777 -0.00000092 -0.00000015 3.42860000 0.65220000 -9 -9 0.61400000 -48.47940000 250 0.02373700 9.35900000 0.08200000 54375.50000000 0.16790000 51 50.01190000 0.51288000 0.07380000 0.01460000 0.00770000 0.00300000 1.00000000 0.00900000
15132 1 0.15318000 0.00096000 0.15304000 0.00002000 0.15438000 0.00002000 19.96450000 0.12486800 39.21750000 0.12775400 -9.00000000 0 0 -0.13201700 0.02241400 1.06523000 0.15016000 19.51810000 0.03415430 0.00027973 0.00000880 0.00003769 -0.00000022 -0.00000014 329.70000000 0.19770000 -9 -9 4.06600000 -36.22820000 250 0.04046080 11.22400000 54.25500000 54026.50000000 0.13990000 62 59.07510000 0.58190000 0.05840000 0.01460000 0.06660000 0.00200000 1.00000000 0.00300000
18740 1 0.15336000 0.00096000 0.15317000 0.00003000 0.15441000 0.00003000 19.84610000 0.15763300 39.09910000 0.15992800 -9.00000000 0 0 0.02994600 0.02248900 -0.04040500 0.12731000 19.92530000 0.03000360 0.00019225 0.00000531 0.00035712 -0.00000015 -0.00000010 16.85530000 1.04370000 -9 -9 6.27600000 -49.08780000 250 0.02226700 10.66300000 0.08600000 54391.80000000 0.10910000 78 83.80360000 0.30618000 0.05230000 0.01460000 -0.07170000 0.00200000 1.00000000 0.00900000
19353 1 0.15341000 0.00096000 0.15325000 0.00001000 0.15406000 0.00001000 20.00340000 0.17732900 39.25640000 0.17937300 -9.00000000 0 0 0.04068700 0.02825400 0.90998000 0.20982000 19.98050000 0.04870430 0.00018272 0.00000820 0.00133106 -0.00000057 -0.00000017 43.11440000 0.25180000 -9 -9 4.00500000 -40.82940000 250 0.06238380 11.00400000 0.05900000 54398.60000000 0.13730000 50 49.87060000 0.47855000 0.06870000 0.01460000 -0.06680000 0.00200000 1.00000000 0.01000000
16073 1 0.15357000 0.00096000 0.15339000 0.00001000 0.15472000 0.00001000 20.11090000 0.17337800 39.36390000 0.17546800 -9.00000000 0 0 -0.02241700 0.02397700 0.73651000 0.19081000 19.99370000 0.03041660 0.00018052 0.00000506 0.00067396 -0.00000024 -0.00000009 8.10780000 -1.05400000 -9 -9 0.47400000 -46.02290000 250 0.01760380 9.75100000 0.08700000 54051.50000000 0.16350000 73 81.91120000 0.22240000 0.06110000 0.01450000 0.00840000 0.00300000 1.00000000 0.01100000
5550 1 0.15511000 0.00096000 0.15493000 0.00001000 0.15629000 0.00001000 19.95460000 0.16569600 39.20760000 0.16788100 -9.00000000 0 0 -0.04810000 0.02188900 1.90274000 0.19643000 19.61320000 0.02910950 0.00025628 0.00000687 0.00034662 -0.00000025 -0.00000011 3.59830000 0.33310000 -9 -9 0.85800000 -47.38930000 250 0.02425630 9.56400000 0.09400000 53671.50000000 0.19950000 46 28.86330000 0.97737000 0.05800000 0.01440000 0.03570000 0.01500000 1.00000000 0.00800000
16116 1 0.15526000 0.00096000 0.15509000 0.00002000 0.15649000 0.00002000 20.02500000 0.15551700 39.27800000 0.15784300 -9.00000000 0 0 -0.10695200 0.02499100 0.53168000 0.30128000 19.71760000 0.03281980 0.00023280 0.00000704 0.00251573 -0.00000079 -0.00000014 355.30200000 -1.10580000 -9 -9 0.84300000 -43.88810000 250 0.02700180 9.52000000 0.08100000 54053.30000000 0.24520000 30 28.32890000 0.55301000 0.06300000 0.01440000 0.04930000 0.00300000 1.00000000 0.00700000
18030 1 0.15536000 0.00096000 0.15518000 0.00001000 0.15653000 0.00001000 20.14640000 0.17377300 39.39940000 0.17585800 -9.00000000 0 0 -0.04806700 0.03429000 -0.58614400 0.25052000 20.13670000 0.04990840 0.00015825 0.00000727 0.00311972 -0.00000121 -0.00000020 4.93300000 -0.40010000 -9 -9 0.95200000 -46.43170000 250 0.02540670 9.65800000 0.04100000 54373.10000000 0.20290000 56 64.33890000 0.20776000 0.07970000 0.01440000 0.00000000 0.00500000 1.00000000 0.00800000
19940 1 0.15601000 0.00125000 0.15591000 0.00080000 0.15710000 0.00080000 19.71740000 0.17715900 38.97040000 0.17920400 -9.00000000 0 0 -0.02289400 0.02618000 1.05584000 0.21423000 19.55730000 0.04761450 0.00026982 0.00001183 0.00087752 -0.00000035 -0.00000021 315.39300000 -0.26850000 -9 -9 -9.00000000 -26.21080000 250 0.06899720 9.91499000 -9.00000000 54407.90000000 0.18410000 34 48.20920000 0.05401450 0.06550000 0.01870000 0.01410000 0.00400000 1.00000000 0.01100000
13354 1 0.15671000 0.00096000 0.15654000 0.00001000 0.15763000 0.00001000 19.95570000 0.20854800 39.20870000 0.21028800 -9.00000000 0 0 0.09121400 0.02738700 1.04984000 0.16569000 20.05230000 0.03629300 0.00017104 0.00000572 0.00051836 -0.00000023 -0.00000013 27.56480000 -0.88730000 -9 -9 2.07900000 -43.64780000 250 0.03004730 10.47200000 0.07000000 54006.60000000 0.17680000 56 71.91690000 0.07451420 0.06440000 0.01430000 -0.08300000 0.00400000 1.00000000 0.01500000
16206 1 0.15856000 0.00097000 0.15838000 0.00003000 0.15973000 0.00003000 19.82640000 0.16147300 39.07940000 0.16371500 -9.00000000 0 0 -0.02040000 0.03199800 -2.62037000 0.57762000 20.14110000 0.03767290 0.00015760 0.00000547 0.00873699 -0.00000145 -0.00000014 5.78820000 -0.05360000 -9 -9 0.50100000 -46.28340000 250 0.02448440 10.92700000 0.07800000 54057.00000000 0.25740000 24 27.02110000 0.30347000 0.08740000 0.01430000 -0.06120000 0.00500000 1.00000000 0.00500000
440042 15 0.15921000 0.01005000 0.15906000 0.01000000 0.16000000 0.01000000 20.17370000 0.28239900 39.42670000 0.28368600 -9.00000000 0 0 -0.00289600 0.02764200 -1.47864000 0.21852000 20.44410000 0.03549170 0.00011922 0.00000390 0.00109298 -0.00000023 -0.00000009 35.90210000 -3.29400000 -999 -999 24.61940000 -37.14450000 250 0.02114670 9.02800000 7.38300000 56214.00000000 0.15490000 24 31.25660000 0.14652000 0.06450000 0.14720000 0.00880000 0.01400000 1.00000000 0.01200000
14782 1 0.15931000 0.00109000 0.15922000 0.00050000 0.16040000 0.00050000 19.69730000 0.14135900 38.95030000 0.14391400 -9.00000000 0 0 -0.01444200 0.02780900 -0.31810800 0.13528000 19.70340000 0.05238670 0.00023586 0.00001138 0.00051857 -0.00000030 -0.00000022 314.23400000 -0.27900000 -9 -9 0.70600000 -25.01180000 250 0.07639730 11.42700000 0.11100000 54021.90000000 0.12850000 78 118.68000000 0.00205554 0.06510000 0.01600000 -0.04860000 0.00100000 1.00000000 0.00500000
15425 1 0.15948000 0.00097000 0.15935000 0.00004000 0.15990000 0.00004000 19.83780000 0.14047400 39.09080000 0.14304500 -9.00000000 0 0 -0.00034000 0.02498400 0.98515000 0.16940000 19.69730000 0.05254260 0.00023718 0.00001148 0.00061232 -0.00000028 -0.00000022 55.56110000 0.47830000 -9 -9 0.25400000 -33.65810000 250 0.08490020 10.52600000 0.06200000 54038.10000000 0.15460000 62 76.66150000 0.09957270 0.05500000 0.01420000 -0.04650000 0.00200000 1.00000000 0.00600000
1299775 10 0.16004000 0.00109000 0.16009000 0.00050000 0.16051000 0.00050000 19.78980000 0.26929800 39.04280000 0.27064800 -9.00000000 0 0 0.18093000 0.03788400 -0.41485000 0.19733000 20.34830000 0.04767860 0.00013022 0.00000572 0.00159924 -0.00000043 -0.00000018 53.43890000 -29.67670000 -999 -999 0.20000000 11.39570000 250 0.00930248 10.78300000 0.13400000 56940.20000000 0.32000000 19 8.41258000 0.98202000 0.08590000 0.01590000 -0.11460000 0.01000000 1.00000000 0.02500000
3317 1 0.16008000 0.00097000 0.15991000 0.00003000 0.16101000 0.00003000 19.97560000 0.16552700 39.22860000 0.16771500 -9.00000000 0 0 0.02292300 0.02559200 -0.52107100 0.18482000 20.10330000 0.03561470 0.00016318 0.00000535 0.00021833 -0.00000028 -0.00000010 26.96260000 0.64060000 -9 -9 0.69400000 -45.32120000 250 0.02910770 10.05400000 0.06800000 53646.40000000 0.17130000 69 62.97500000 0.68132000 0.06850000 0.01410000 -0.07240000 0.00200000 1.00000000 0.00800000
2689 1 0.16053000 0.00097000 0.16036000 0.00005000 0.16149000 0.00005000 19.95270000 0.21536700 39.20570000 0.21705300 -9.00000000 0 0 0.08137400 0.02850000 1.38740000 0.19776000 20.00340000 0.03918130 0.00017892 0.00000646 0.00025327 -0.00000045 -0.00000013 24.90030000 -0.75870000 -9 -9 2.99200000 -43.61600000 250 0.02863970 11.35100000 0.09200000 53637.00000000 0.20250000 51 83.84990000 0.00255236 0.07590000 0.01410000 -0.04870000 0.00600000 1.00000000 0.01400000
390627 15 0.16061000 0.01005000 0.16045000 0.01000000 0.16000000 0.01000000 20.17120000 0.25895600 39.42420000 0.26036000 -9.00000000 0 0 -0.19653900 0.04432100 -1.70509000 0.25627000 19.95230000 0.06427510 0.00018754 0.00001110 0.00665193 -0.00000226 -0.00000042 212.62700000 53.90000000 -999 -999 17.29660000 -41.43490000 250 0.01103470 11.25400000 0.02200000 56077.90000000 0.18890000 14 4.18119000 0.99427000 0.08370000 0.14600000 0.08480000 0.01100000 1.00000000 0.00200000
5103 1 0.16077000 0.00097000 0.16060000 0.00001000 0.16199000 0.00001000 19.96320000 0.20752100 39.21620000 0.20927000 -9.00000000 0 0 0.01993300 0.02731500 -0.22947300 0.15276000 20.11080000 0.03523280 0.00016207 0.00000526 0.00077540 -0.00000027 -0.00000011 359.88400000 0.73720000 -9 -9 1.14900000 -46.15690000 250 0.02447500 9.08600000 0.07400000 53654.60000000 0.15150000 60 47.52520000 0.87837000 0.06360000 0.01410000 -0.00030000 0.00700000 1.00000000 0.01600000
120336 15 0.16122000 0.00139000 0.16134000 0.00100000 0.16000000 0.00100000 20.05760000 0.24483800 39.31060000 0.24632200 -9.00000000 0 0 0.04613200 0.02909000 -0.24058900 0.17756000 20.31100000 0.03732700 0.00013478 0.00000463 0.00074307 -0.00000025 -0.00000011 149.08200000 1.40950000 -999 -999 19.32530000 32.10380000 250 0.01983370 9.75700000 0.58400000 55585.20000000 0.18020000 23 33.00610000 0.08095990 0.06790000 0.02010000 0.02280000 0.00400000 1.00000000 0.02200000
17825 1 0.16236000 0.00509000 0.16220000 0.00500000 0.16320000 0.00500000 20.07220000 0.22243100 39.32520000 0.22406400 -9.00000000 0 0 0.00342200 0.02697000 -0.13665200 0.16135000 20.15660000 0.03469270 0.00015536 0.00000496 0.00044962 -0.00000026 -0.00000010 32.94710000 -0.91240000 -9 -9 -9.00000000 -40.97580000 250 0.02428440 7.00000000 -9.00000000 54367.00000000 0.15980000 50 32.54630000 0.97348000 0.06800000 0.07320000 0.00130000 0.00500000 1.00000000 0.01400000
19174 1 0.16375000 0.00109000 0.16357000 0.00050000 0.16470000 0.00050000 20.02770000 0.19917600 39.28070000 0.20099800 -9.00000000 0 0 0.05589900 0.03242600 -0.75334000 0.21748000 20.26880000 0.04088170 0.00014011 0.00000528 0.00105026 -0.00000039 -0.00000012 25.65970000 1.03040000 -9 -9 0.24700000 -45.22830000 250 0.03096030 11.02000000 0.05400000 54394.90000000 0.19340000 56 80.01720000 0.01927850 0.08390000 0.01550000 -0.09530000 0.00300000 1.00000000 0.01100000
3087 1 0.16448000 0.00097000 0.16431000 0.00001000 0.16551000 0.00001000 20.01040000 0.19748200 39.26340000 0.19931900 -9.00000000 0 0 0.00811600 0.02510000 0.52853000 0.19265000 20.01670000 0.03794940 0.00017674 0.00000618 0.00070767 -0.00000044 -0.00000011 20.40670000 -0.97720000 -9 -9 0.47700000 -43.14480000 250 0.03812810 9.66400000 0.08700000 53648.90000000 0.14320000 64 46.35320000 0.95267000 0.06450000 0.01380000 0.00670000 0.00400000 1.00000000 0.01400000
19616 1 0.16471000 0.00097000 0.16455000 0.00001000 0.16549000 0.00001000 20.07630000 0.13681400 39.32930000 0.13945200 -9.00000000 0 0 -0.02465000 0.02721700 0.13877000 0.19507000 19.98710000 0.03602000 0.00018162 0.00000603 0.00142774 -0.00000049 -0.00000012 37.10110000 0.18470000 -9 -9 7.14100000 -40.68440000 250 0.02423070 11.04000000 0.04300000 54403.50000000 0.14090000 46 47.11270000 0.42680000 0.06530000 0.01380000 -0.04490000 0.00100000 1.00000000 0.00400000
20764 1 0.16495000 0.00097000 0.16478000 0.00002000 0.16590000 0.00002000 20.06520000 0.14848300 39.31820000 0.15091800 -9.00000000 0 0 -0.10775200 0.02973400 -1.41288000 0.40086000 20.02130000 0.03628630 0.00017599 0.00000588 0.00351663 -0.00000052 -0.00000011 26.12080000 0.22980000 -9 -9 0.18400000 -43.78630000 250 0.02749670 11.01100000 0.07500000 54421.60000000 0.38240000 27 27.42020000 0.44131000 0.08220000 0.01370000 0.02840000 0.00200000 1.00000000 0.00300000
20430 1 0.16603000 0.00109000 0.16593000 0.00050000 0.16710000 0.00050000 20.24080000 0.24037600 39.49380000 0.24188700 -9.00000000 0 0 0.02265300 0.03426700 -1.19771000 0.52400000 20.53100000 0.05600910 0.00011006 0.00000568 0.00386910 -0.00000066 -0.00000014 312.41700000 0.46860000 -9 -9 -9.00000000 -24.04870000 250 0.07725300 7.00000000 -9.00000000 54415.20000000 0.38380000 27 13.85960000 0.98259000 0.10210000 0.01530000 -0.00900000 0.02400000 1.00000000 0.01700000
12843 1 0.16606000 0.00097000 0.16595000 0.00007000 0.16725000 0.00007000 19.92870000 0.19160300 39.18170000 0.19349600 -9.00000000 0 0 0.04049100 0.03558200 -1.02597000 0.30420000 20.16970000 0.05284820 0.00015351 0.00000747 0.00362059 -0.00000137 -0.00000020 323.87800000 -0.98030000 -9 -9 2.76700000 -29.14160000 250 0.03878000 11.25800000 0.08000000 53982.10000000 0.19680000 43 25.84260000 0.98221000 0.08740000 0.01370000 -0.08800000 0.00300000 1.00000000 0.01000000
12853 1 0.16828000 0.00109000 0.16817000 0.00050000 0.16940000 0.00050000 20.02270000 0.16361300 39.27570000 0.16582600 -9.00000000 0 0 -0.05642800 0.03502000 -0.57422000 0.35156000 19.96580000 0.06707820 0.00018522 0.00001144 0.00310317 -0.00000154 -0.00000028 316.76600000 0.72310000 -9 -9 2.89800000 -26.89940000 250 0.09518920 10.36400000 0.07200000 53979.30000000 0.33220000 44 37.04910000 0.76174000 0.09400000 0.01520000 -0.01960000 0.00100000 1.00000000 0.00400000
350233 15 0.16924000 0.00140000 0.16935000 0.00100000 0.16800000 0.00100000 20.26250000 0.18086700 39.51550000 0.18287100 -9.00000000 0 0 -0.01434100 0.02734900 -0.47229700 0.14111000 20.34260000 0.03690840 0.00013090 0.00000445 0.00027204 -0.00000015 -0.00000010 149.46600000 3.48240000 -999 -999 20.57120000 28.13470000 250 0.02838590 9.18100000 0.14500000 55957.80000000 0.12520000 28 37.83660000 0.10153000 0.06430000 0.01940000 0.00240000 0.00300000 1.00000000 0.01100000
17389 1 0.16971000 0.00098000 0.16960000 0.00001000 0.17090000 0.00001000 20.41910000 0.27356800 39.67210000 0.27489700 -9.00000000 0 0 0.06658900 0.03376700 1.11247000 0.38060000 20.54180000 0.04593460 0.00010896 0.00000461 0.00111523 -0.00000069 -0.00000010 323.29500000 -0.96010000 -9 -9 0.68500000 -28.26940000 250 0.03985310 9.89100000 0.07700000 54353.00000000 0.40160000 52 42.90820000 0.81141000 0.10400000 0.01350000 0.02850000 0.01100000 1.00000000 0.02500000
12856 1 0.17042000 0.00098000 0.17029000 0.00001000 0.17167000 0.00001000 20.22120000 0.12990800 39.47420000 0.13268400 -9.00000000 0 0 -0.08738600 0.02384200 0.86254000 0.20363000 19.89250000 0.03573420 0.00019815 0.00000652 0.00018285 -0.00000025 -0.00000011 332.86600000 0.75600000 -9 -9 1.46400000 -35.52910000 250 0.04281720 10.35200000 0.04500000 53996.90000000 0.24090000 51 40.64060000 0.85025000 0.06470000 0.01350000 0.01640000 0.00100000 1.00000000 0.00300000
590005 15 0.17124000 0.01005000 0.17137000 0.01000000 0.17000000 0.01000000 20.28940000 0.27417500 39.54240000 0.27550200 -9.00000000 0 0 -0.00428100 0.02887700 0.44290000 0.24248000 20.27260000 0.03767670 0.00013962 0.00000484 0.00174697 -0.00000042 -0.00000012 151.01800000 1.21550000 -999 -999 17.29870000 31.77630000 250 0.02340690 7.00000000 1.00000000 56663.50000000 0.22860000 9 13.61180000 0.13682000 0.06670000 0.13750000 0.00940000 0.00200000 1.00000000 0.01200000
310039 15 0.17169000 0.00140000 0.17156000 0.00100000 0.17250000 0.00100000 20.20730000 0.21301000 39.46030000 0.21471500 -9.00000000 0 0 0.02034000 0.02739200 -0.29643600 0.12923000 20.37260000 0.03505580 0.00012734 0.00000411 0.00033158 -0.00000015 -0.00000009 36.21560000 -3.34480000 -999 -999 19.70130000 -34.80760000 250 0.02138700 9.95300000 0.01100000 55823.20000000 0.13970000 31 31.31730000 0.45031000 0.06300000 0.01910000 0.00630000 0.00400000 1.00000000 0.01700000
19282 1 0.17256000 0.00110000 0.17239000 0.00050000 0.17380000 0.00050000 20.24910000 0.17534200 39.50210000 0.17740900 -9.00000000 0 0 -0.03095000 0.02530200 1.24309000 0.24272000 20.04100000 0.03541050 0.00017282 0.00000564 0.00095212 -0.00000058 -0.00000010 359.07200000 -0.50590000 -9 -9 -9.00000000 -41.78300000 250 0.02799130 7.00000000 -9.00000000 54397.40000000 0.16380000 50 45.26640000 0.66345000 0.07120000 0.01490000 0.01860000 0.00500000 1.00000000 0.00900000
1303279 10 0.17270000 0.00110000 0.17274000 0.00050000 0.17315000 0.00050000 20.01460000 0.14993200 39.26760000 0.15234400 -9.00000000 0 0 -0.09150700 0.03280100 0.95265000 0.32880000 19.65190000 0.04340570 0.00024731 0.00000989 0.00239660 -0.00000156 -0.00000027 54.90680000 -27.81300000 -999 -999 0.65000000 8.66700000 250 0.00955674 10.61700000 0.12500000 56965.70000000 0.27650000 18 14.31180000 0.70855000 0.08460000 0.01490000 0.00840000 0.00200000 1.00000000 0.00300000
100090 15 0.17297000 0.00140000 0.17282000 0.00100000 0.17210000 0.00100000 20.47330000 0.25112100 39.72630000 0.25256800 -9.00000000 0 0 0.03829400 0.03187000 -1.02540000 0.33279000 20.81800000 0.03969750 0.00008449 0.00000309 0.00119280 -0.00000019 -0.00000008 131.82800000 43.40810000 -999 -999 19.24940000 -37.21870000 250 0.02131290 9.97800000 0.07100000 55506.30000000 0.37900000 16 15.70390000 0.47381000 0.08450000 0.01900000 0.02260000 0.01100000 1.00000000 0.02100000
3080 1 0.17331000 0.00098000 0.17315000 0.00002000 0.17441000 0.00002000 20.13410000 0.12905400 39.38710000 0.13184900 -9.00000000 0 0 -0.04604300 0.02427800 0.10905000 0.19262000 19.99930000 0.03713170 0.00017959 0.00000614 0.00055259 -0.00000041 -0.00000011 16.93230000 -1.03950000 -9 -9 2.31600000 -41.54400000 250 0.03952270 10.96100000 0.10400000 53647.60000000 0.14580000 64 42.85320000 0.98059000 0.06370000 0.01330000 -0.02870000 0.00100000 1.00000000 0.00400000
15897 1 0.17374000 0.00098000 0.17357000 0.00009000 0.17489000 0.00009000 20.28730000 0.18117900 39.54030000 0.18318000 -9.00000000 0 0 0.00937500 0.03668200 -2.41302000 0.25514000 20.63210000 0.04277960 0.00010027 0.00000395 0.00163724 -0.00000038 -0.00000011 11.68140000 -1.03290000 -9 -9 1.59800000 -41.78540000 250 0.01837180 10.81600000 0.08800000 54041.50000000 0.22440000 46 45.62620000 0.48781000 0.09380000 0.01320000 -0.09260000 0.00500000 1.00000000 0.00700000
120143 15 0.17378000 0.00140000 0.17360000 0.00100000 0.17300000 0.00100000 20.09630000 0.14907600 39.34930000 0.15150100 -9.00000000 0 0 -0.07318700 0.02670400 -0.26038700 0.14831000 19.97530000 0.03234630 0.00018360 0.00000547 0.00052435 -0.00000021 -0.00000012 163.68200000 58.62660000 -999 -999 20.95590000 -46.15220000 250 0.00727450 9.16300000 0.21300000 55567.80000000 0.20970000 20 23.63770000 0.25858000 0.06190000 0.01890000 0.01450000 0.00200000 1.00000000 0.00600000
15648 1 0.17392000 0.00098000 0.17383000 0.00004000 0.17501000 0.00004000 20.34560000 0.31738200 39.59860000 0.31852800 -9.00000000 0 0 0.11997000 0.04682000 -1.38030000 0.38453000 20.82210000 0.07390990 0.00008417 0.00000573 0.00081153 -0.00000050 -0.00000003 313.71800000 -0.19480000 -9 -9 3.90300000 -23.05940000 250 0.08504460 11.33900000 0.08400000 54042.60000000 0.29760000 42 34.64920000 0.78240000 0.16980000 0.01320000 -0.15050000 0.00600000 1.00000000 0.01700000
14421 1 0.17417000 0.00098000 0.17400000 0.00003000 0.17504000 0.00003000 20.32040000 0.13444300 39.57340000 0.13712800 -9.00000000 0 0 -0.09320400 0.02582000 -0.67501400 0.18883000 20.20000000 0.03211050 0.00014928 0.00000441 0.00045292 -0.00000021 -0.00000008 31.82990000 1.25210000 -9 -9 0.30200000 -41.93670000 250 0.02437150 11.50000000 0.08400000 54010.90000000 0.21380000 67 86.28190000 0.05651890 0.06980000 0.01320000 0.01580000 0.00200000 1.00000000 0.00300000
16165 1 0.17420000 0.00110000 0.17405000 0.00050000 0.17510000 0.00050000 20.07870000 0.15192800 39.33170000 0.15430900 -9.00000000 0 0 -0.07167900 0.02419900 0.35241000 0.23467000 19.88100000 0.03234020 0.00020027 0.00000597 0.00139800 -0.00000053 -0.00000011 30.73310000 -0.53390000 -9 -9 -9.00000000 -39.82250000 250 0.02345920 7.00000000 -9.00000000 54053.10000000 0.20590000 32 40.82140000 0.13637000 0.06120000 0.01480000 0.02350000 0.00300000 1.00000000 0.00700000
5350 1 0.17438000 0.00110000 0.17431000 0.00050000 0.17540000 0.00050000 20.25230000 0.18197900 39.50530000 0.18397100 -9.00000000 0 0 -0.08331100 0.04604200 -0.61099400 0.32313000 20.14340000 0.10134000 0.00015728 0.00001468 0.00296987 -0.00000099 -0.00000048 307.21900000 -0.77920000 -9 -9 2.27500000 -17.97610000 250 0.16620000 10.86500000 0.07000000 53658.80000000 0.30390000 37 27.43880000 0.87399000 0.10920000 0.01480000 0.00610000 0.00100000 1.00000000 0.00300000
15583 1 0.17443000 0.00110000 0.17427000 0.00050000 0.17520000 0.00050000 20.30160000 0.22939000 39.55460000 0.23097400 -9.00000000 0 0 0.03675700 0.03122900 -0.19462000 0.24103000 20.48800000 0.03728420 0.00011450 0.00000393 0.00172549 -0.00000040 -0.00000009 37.73110000 0.94630000 -9 -9 0.19600000 -39.64120000 250 0.01918930 9.43400000 0.11800000 54040.90000000 0.21250000 45 51.66860000 0.22951000 0.08100000 0.01480000 -0.00840000 0.00700000 1.00000000 0.01800000
19969 1 0.17444000 0.00098000 0.17428000 0.00001000 0.17532000 0.00001000 20.23190000 0.16038800 39.48490000 0.16264500 -9.00000000 0 0 0.01803700 0.02714000 0.06382200 0.25331000 20.25790000 0.03515760 0.00014152 0.00000458 0.00120766 -0.00000031 -0.00000010 31.91050000 -0.32400000 -9 -9 2.31300000 -39.70330000 250 0.02701310 10.36700000 0.06200000 54409.00000000 0.24220000 41 34.04740000 0.77073000 0.06940000 0.01320000 -0.07270000 0.00200000 1.00000000 0.00700000
18604 1 0.17498000 0.00098000 0.17483000 0.00002000 0.17626000 0.00002000 20.49040000 0.18000000 39.74340000 0.18201400 -9.00000000 0 0 -0.04209000 0.03747300 -2.13552000 0.35414000 20.68680000 0.05100860 0.00009534 0.00000448 0.00069098 -0.00000025 -0.00000010 340.92100000 0.42140000 -9 -9 3.27500000 -37.69110000 250 0.06035440 11.05000000 0.07300000 54387.00000000 0.42640000 50 47.40370000 0.57818000 0.10820000 0.01310000 -0.04090000 0.00300000 1.00000000 0.00400000
14979 1 0.17666000 0.00110000 0.17654000 0.00050000 0.17710000 0.00050000 20.26340000 0.13274900 39.51640000 0.13546700 -9.00000000 0 0 -0.11579500 0.02720000 0.23350000 0.14186000 19.95570000 0.05043160 0.00018695 0.00000868 0.00023226 -0.00000021 -0.00000016 54.94640000 0.99280000 -9 -9 2.57100000 -31.94550000 250 0.07717490 10.08900000 0.06600000 54025.60000000 0.14420000 82 61.97760000 0.95148000 0.06750000 0.01460000 0.03240000 0.00200000 1.00000000 0.00300000
17218 1 0.17713000 0.00098000 0.17697000 0.00001000 0.17839000 0.00001000 20.25650000 0.17353500 39.50950000 0.17562300 -9.00000000 0 0 -0.08256900 0.03196300 -0.79750000 0.41307000 20.17640000 0.04020390 0.00015256 0.00000565 0.00091102 -0.00000058 -0.00000011 356.17200000 -0.03010000 -9 -9 0.18000000 -41.03240000 250 0.02894280 10.15800000 0.06500000 54349.50000000 0.54930000 34 27.26230000 0.78696000 0.10390000 0.01300000 0.00520000 0.00100000 1.00000000 0.00300000
14451 1 0.17737000 0.00110000 0.17729000 0.00050000 0.17840000 0.00050000 20.22410000 0.13560200 39.47710000 0.13826400 -9.00000000 0 0 -0.10192500 0.02868100 0.31635000 0.17316000 19.93510000 0.05378500 0.00019053 0.00000944 0.00064523 -0.00000031 -0.00000018 308.19500000 0.92710000 -9 -9 0.42400000 -20.62910000 250 0.08308090 10.12400000 0.07100000 54011.80000000 0.18430000 70 81.81870000 0.15787000 0.07080000 0.01460000 0.02050000 0.00100000 1.00000000 0.00300000
17220 1 0.17786000 0.00098000 0.17769000 0.00003000 0.17903000 0.00003000 20.08640000 0.25593500 39.33940000 0.25735500 -9.00000000 0 0 0.13563000 0.03141300 1.85173000 0.28852000 20.29490000 0.03935050 0.00013678 0.00000496 0.00078120 -0.00000064 -0.00000011 9.70150000 -0.17920000 -9 -9 0.65900000 -42.12870000 250 0.01525470 10.86300000 0.10900000 54357.00000000 0.29630000 51 71.92420000 0.02835470 0.09140000 0.01290000 0.00990000 0.02000000 1.00000000 0.01800000
370428 15 0.17791000 0.00140000 0.17780000 0.00100000 0.17700000 0.00100000 20.39470000 0.12874500 39.64770000 0.13154600 -9.00000000 0 0 -0.10350200 0.02679000 0.61750000 0.15176000 20.04570000 0.03370880 0.00017208 0.00000534 -0.00009324 -0.00000021 -0.00000012 184.37500000 47.54820000 -999 -999 19.21840000 -27.59940000 250 0.01538620 10.12400000 0.08500000 56007.20000000 0.20690000 24 50.14720000 0.00135616 0.06730000 0.01850000 0.00970000 0.00200000 1.00000000 0.00300000
5635 1 0.17852000 0.00099000 0.17839000 0.00007000 0.17979000 0.00007000 20.71390000 0.20610300 39.96690000 0.20786400 -9.00000000 0 0 -0.02343100 0.03846600 0.06725700 0.40760000 20.67590000 0.05381590 0.00009631 0.00000477 0.00497790 -0.00000092 -0.00000013 333.18300000 -0.03490000 -9 -9 0.61500000 -33.29690000 250 0.05286240 9.48300000 0.06200000 53662.30000000 0.32230000 46 33.92900000 0.90625000 0.10200000 0.01300000 -0.00810000 0.00300000 1.00000000 0.01000000
6936 1 0.17901000 0.00098000 0.17890000 0.00003000 0.18021000 0.00003000 20.38800000 0.15500500 39.64100000 0.15733900 -9.00000000 0 0 -0.01946200 0.02928200 0.04558900 0.31239000 20.32250000 0.03950900 0.00013335 0.00000485 0.00144435 -0.00000032 -0.00000009 323.23400000 -0.69980000 -9 -9 1.03200000 -27.38840000 250 0.03971350 10.25900000 0.07300000 53680.60000000 0.31520000 36 27.33150000 0.85016000 0.08250000 0.01290000 -0.05090000 0.00100000 1.00000000 0.00500000
300179 15 0.17911000 0.00140000 0.17896000 0.00100000 0.18040000 0.00100000 20.51420000 0.19965000 39.76720000 0.20146800 -9.00000000 0 0 -0.09903900 0.04585100 0.09361500 0.17715000 20.25610000 0.04366820 0.00014176 0.00000570 -0.00025917 -0.00000036 -0.00000018 351.14200000 0.22700000 -999 -999 19.39490000 -39.88870000 250 0.03868430 10.32400000 0.11200000 55791.90000000 0.15250000 27 53.73510000 0.00163909 0.12410000 0.01840000 0.00960000 0.00200000 1.00000000 0.00300000
13045 1 0.17931000 0.00098000 0.17916000 0.00004000 0.18060000 0.00004000 20.28250000 0.22823700 39.53550000 0.22982800 -9.00000000 0 0 0.06112000 0.03531500 -0.08489500 0.52950000 20.43710000 0.05703230 0.00011999 0.00000630 -0.00174035 0.00000057 -0.00000015 345.02500000 0.53770000 -9 -9 0.44200000 -38.55170000 250 0.04397540 10.57400000 0.06300000 53993.30000000 1.26780000 52 81.93900000 0.00506544 0.11450000 0.01280000 -0.09930000 0.00300000 1.00000000 0.01100000
1347120 10 0.17952000 0.00510000 0.17955000 0.00500000 0.18000000 0.00500000 20.29790000 0.27927200 39.55090000 0.28057500 -9.00000000 0 0 0.05245500 0.02956100 -0.43872200 0.13426000 20.60520000 0.03912870 0.00010278 0.00000370 0.00034984 -0.00000011 -0.00000007 52.88990000 -28.91210000 -999 -999 0.37000000 9.06850000 250 0.00832057 7.77300000 0.02050000 57409.20000000 0.16880000 6 5.24332000 0.51301000 0.07450000 0.06680000 0.02800000 0.00600000 1.00000000 0.02400000
2372 1 0.17973000 0.00098000 0.17959000 0.00002000 0.18047000 0.00002000 20.29890000 0.17253500 39.55190000 0.17463400 -9.00000000 0 0 0.02861700 0.02858900 0.30922000 0.21508000 20.31280000 0.03678850 0.00013455 0.00000456 0.00028376 -0.00000029 -0.00000009 40.52070000 -0.54090000 -9 -9 0.79400000 -35.79860000 250 0.02598910 10.59700000 0.07200000 53636.80000000 0.22870000 70 63.51230000 0.69476000 0.07730000 0.01280000 -0.08140000 0.00200000 1.00000000 0.00800000
1303496 10 0.17975000 0.00110000 0.17979000 0.00050000 0.18021000 0.00050000 20.34320000 0.20717700 39.59620000 0.20892900 -9.00000000 0 0 0.05081200 0.03344600 -0.40919000 0.34364000 20.54350000 0.04421940 0.00010879 0.00000443 0.00265275 -0.00000074 -0.00000012 53.84820000 -29.59180000 -999 -999 1.01000000 10.41640000 250 0.01090780 10.64300000 0.19550000 56966.10000000 0.28350000 23 6.75195000 0.99960000 0.08670000 0.01440000 -0.06960000 0.00300000 1.00000000 0.01200000
13254 1 0.18004000 0.00098000 0.17990000 0.00001000 0.18075000 0.00001000 20.74490000 0.26671700 39.99790000 0.26808100 -9.00000000 0 0 0.09953500 0.04065100 0.52413000 0.58859000 20.91020000 0.05967560 0.00007761 0.00000427 -0.00144454 0.00000028 -0.00000011 42.05870000 -0.34700000 -9 -9 0.77200000 -35.40280000 250 0.03756860 10.00500000 0.06200000 53994.20000000 1.26550000 56 55.39750000 0.49762000 0.13230000 0.01280000 -0.11760000 0.00400000 1.00000000 0.01500000
14284 1 0.18050000 0.00099000 0.18037000 0.00005000 0.18107000 0.00005000 20.11580000 0.13494500 39.36880000 0.13762000 -9.00000000 0 0 -0.06891000 0.02661500 -0.28614700 0.17397000 19.98450000 0.04021840 0.00018205 0.00000674 0.00056182 -0.00000029 -0.00000011 49.04930000 -0.60090000 -9 -9 0.23700000 -32.09310000 250 0.04791480 10.57200000 0.07800000 54014.60000000 0.16240000 72 98.48180000 0.02083840 0.07040000 0.01290000 -0.01280000 0.00100000 1.00000000 0.00300000
420159 15 0.18073000 0.00140000 0.18059000 0.00100000 0.18200000 0.00100000 20.25050000 0.13099100 39.50350000 0.13374500 -9.00000000 0 0 -0.06287000 0.02730200 0.26889000 0.20641000 20.04650000 0.03665790 0.00017195 0.00000581 0.00073651 -0.00000028 -0.00000013 333.68500000 1.21780000 -999 -999 17.08480000 -34.84100000 250 0.03393380 11.33800000 0.01100000 56154.20000000 0.17620000 17 29.60500000 0.02933830 0.06600000 0.01820000 -0.02230000 0.00100000 1.00000000 0.00300000
330023 15 0.18078000 0.00140000 0.18064000 0.00100000 0.18160000 0.00100000 20.46360000 0.17711200 39.71660000 0.17915800 -9.00000000 0 0 -0.16410700 0.05688100 -0.22127700 0.29897000 20.10340000 0.08632490 0.00016317 0.00001297 0.00834653 -0.00000243 -0.00000064 35.79810000 -2.78010000 -999 -999 18.98840000 -34.23630000 250 0.02169800 10.62300000 0.04000000 55877.50000000 0.34950000 11 31.21190000 0.00101933 0.10550000 0.01820000 0.06220000 0.00500000 1.00000000 0.00300000
350548 15 0.18082000 0.00140000 0.18067000 0.00100000 0.18000000 0.00100000 20.38610000 0.13123400 39.63910000 0.13398300 -9.00000000 0 0 -0.03229300 0.02830100 0.88840000 0.17572000 20.16890000 0.03939270 0.00015362 0.00000557 0.00107654 -0.00000040 -0.00000013 128.84800000 44.91360000 -999 -999 18.20390000 -39.06610000 250 0.02513560 10.63600000 0.00600000 55964.30000000 0.13280000 21 19.44740000 0.55646000 0.06410000 0.01820000 -0.03870000 0.00100000 1.00000000 0.00400000
360112 15 0.18086000 0.01005000 0.18071000 0.01000000 0.18000000 0.01000000 20.36210000 0.24472200 39.61510000 0.24620700 -9.00000000 0 0 -0.06492300 0.02891700 1.18755000 0.15705000 20.05250000 0.03515440 0.00017100 0.00000554 0.00043773 -0.00000024 -0.00000013 130.67300000 43.59660000 -999 -999 20.64530000 -36.67420000 250 0.02312110 9.38100000 0.36000000 55985.20000000 0.14400000 10 5.73616000 0.83692000 0.07030000 0.13070000 0.01400000 0.00200000 1.00000000 0.00700000
17215 1 0.18092000 0.00099000 0.18080000 0.00004000 0.18137000 0.00004000 20.36830000 0.20623100 39.62130000 0.20799100 -9.00000000 0 0 0.02021500 0.03999400 0.29117000 0.42536000 20.36380000 0.06717040 0.00012838 0.00000794 0.00095329 -0.00000052 -0.00000022 54.92640000 1.09230000 -9 -9 4.02200000 -31.41810000 250 0.09068820 11.33100000 0.06800000 54351.00000000 0.72500000 32 27.41890000 0.69778000 0.11390000 0.01290000 -0.07650000 0.00200000 1.00000000 0.00700000
370595 15 0.18126000 0.01005000 0.18138000 0.01000000 0.18000000 0.01000000 20.40550000 0.22434200 39.65850000 0.22596100 -9.00000000 0 0 -0.08458300 0.02721600 -0.05856900 0.16315000 20.20440000 0.03547430 0.00014867 0.00000486 0.00067577 -0.00000019 -0.00000011 150.49800000 1.32510000 -999 -999 18.04490000 29.91700000 250 0.01917850 10.32400000 0.12800000 56025.70000000 0.14300000 13 10.31110000 0.66832000 0.06350000 0.13040000 -0.00060000 0.00100000 1.00000000 0.00300000
15443 1 0.18136000 0.00099000 0.18123000 0.00001000 0.18191000 0.00001000 20.23380000 0.13131000 39.48680000 0.13405700 -9.00000000 0 0 -0.03857300 0.02483700 1.58154000 0.18332000 19.95830000 0.04095230 0.00018649 0.00000703 0.00065139 -0.00000028 -0.00000012 49.86740000 -0.31800000 -9 -9 0.07200000 -32.01860000 250 0.05688260 10.33900000 0.06100000 54041.30000000 0.16950000 61 59.53290000 0.52925000 0.06270000 0.01280000 0.02480000 0.00400000 1.00000000 0.00400000
1339392 10 0.18145000 0.00110000 0.18148000 0.00050000 0.18191000 0.00050000 20.14230000 0.23361900 39.39530000 0.23517400 -9.00000000 0 0 -0.05508500 0.05614900 -0.48036300 0.60515000 20.07760000 0.09795030 0.00016709 0.00001507 0.01625760 -0.00000728 -0.00000061 54.12450000 -28.56980000 -999 -999 0.29000000 9.03730000 250 0.00980648 10.29200000 0.04350000 57370.80000000 0.61230000 8 4.49853000 0.80958000 0.14930000 0.01430000 -0.01760000 0.00200000 1.00000000 0.00400000
17332 1 0.18217000 0.00099000 0.18203000 0.00007000 0.18284000 0.00007000 20.33330000 0.19924100 39.58630000 0.20106200 -9.00000000 0 0 0.04066300 0.03548000 -0.20819600 0.27495000 20.45130000 0.05351500 0.00011843 0.00000584 0.00074083 -0.00000057 -0.00000014 43.77350000 -0.14740000 -9 -9 3.57100000 -34.67770000 250 0.06196920 10.60400000 0.11400000 54358.10000000 0.25090000 46 38.60620000 0.77216000 0.09840000 0.01280000 -0.09080000 0.00200000 1.00000000 0.00900000
1580 1 0.18229000 0.00099000 0.18216000 0.00001000 0.18293000 0.00001000 20.27290000 0.14740600 39.52590000 0.14985800 -9.00000000 0 0 -0.03118300 0.03094600 0.89187000 0.23670000 20.06750000 0.06585200 0.00016866 0.00001023 0.00057547 -0.00000062 -0.00000023 45.32310000 -0.64410000 -9 -9 7.00400000 -33.41150000 250 0.10521000 10.75000000 0.04000000 53634.00000000 0.20890000 67 30.36090000 0.99997000 0.08000000 0.01280000 -0.02980000 0.00100000 1.00000000 0.00400000
1250017 10 0.18231000 0.00111000 0.18217000 0.00050000 0.18299000 0.00050000 20.43550000 0.15002900 39.68850000 0.15243900 -9.00000000 0 0 -0.11022100 0.02751100 0.96140000 0.15311000 20.05360000 0.04278890 0.00017083 0.00000673 0.00033356 -0.00000027 -0.00000015 43.19370000 -0.12750000 -999 -999 1.06000000 -34.92940000 250 0.04870040 8.79700000 0.03800000 56553.90000000 0.10380000 40 45.40620000 0.25688000 0.06330000 0.01430000 0.04830000 0.00200000 1.00000000 0.00600000
15453 1 0.18252000 0.00111000 0.18243000 0.00050000 0.18370000 0.00050000 20.52910000 0.17525100 39.78210000 0.17731900 -9.00000000 0 0 -0.03819200 0.02889900 1.14628000 0.25571000 20.30850000 0.04335930 0.00013509 0.00000539 0.00179243 -0.00000061 -0.00000010 319.66800000 -1.02430000 -9 -9 0.37000000 -24.56580000 250 0.04638810 8.98900000 0.14700000 54038.20000000 0.18520000 43 28.62930000 0.95470000 0.07770000 0.01430000 0.01420000 0.00400000 1.00000000 0.00800000
17391 1 0.18360000 0.00111000 0.18345000 0.00050000 0.18490000 0.00050000 20.34650000 0.29295000 39.59950000 0.29419100 -9.00000000 0 0 0.02423800 0.04600100 0.34173000 0.65900000 20.42620000 0.06930150 0.00012121 0.00000774 -0.01045610 0.00000229 -0.00000024 347.55200000 -0.93140000 -9 -9 -9.00000000 -36.61580000 250 0.03170440 7.00000000 -9.00000000 54345.10000000 1.73150000 40 34.33640000 0.72250000 0.15830000 0.01420000 0.00280000 0.00600000 1.00000000 0.01600000
1257695 10 0.18375000 0.00111000 0.18383000 0.00050000 0.18472000 0.00050000 20.42700000 0.14914400 39.68000000 0.15156800 -9.00000000 0 0 -0.12841800 0.02561100 0.37884000 0.09094100 20.09030000 0.03177080 0.00016515 0.00000483 0.00002985 -0.00000009 -0.00000010 7.60160000 -42.29820000 -999 -999 3.38000000 19.26860000 250 0.00562574 9.85400000 0.05450000 56613.40000000 0.10050000 31 28.67680000 0.58606000 0.05960000 0.01420000 0.06390000 0.00300000 1.00000000 0.00600000
17168 1 0.18389000 0.00099000 0.18376000 0.00001000 0.18519000 0.00001000 20.49900000 0.19557500 39.75200000 0.19743000 -9.00000000 0 0 -0.03829600 0.03356100 0.54542000 0.31480000 20.35660000 0.04496350 0.00012923 0.00000535 0.00104556 -0.00000066 -0.00000011 339.72400000 -1.16710000 -9 -9 0.81800000 -33.72800000 250 0.04128100 9.75700000 0.08000000 54357.00000000 0.29400000 39 25.60630000 0.95136000 0.10050000 0.01270000 0.00410000 0.00300000 1.00000000 0.00800000
20048 1 0.18402000 0.00099000 0.18388000 0.00004000 0.18531000 0.00004000 20.54300000 0.21670200 39.79600000 0.21837700 -9.00000000 0 0 0.01953100 0.04069100 -0.67676200 0.52153000 20.67270000 0.05596550 0.00009659 0.00000498 0.00517260 -0.00000105 -0.00000012 339.30800000 0.73640000 -9 -9 0.35100000 -35.94950000 250 0.06089820 10.86000000 0.09000000 54410.20000000 0.37210000 35 23.60650000 0.92839000 0.12360000 0.01270000 -0.08300000 0.00200000 1.00000000 0.00700000
1296321 10 0.18458000 0.00111000 0.18444000 0.00050000 0.18531000 0.00050000 20.68540000 0.28117100 39.93840000 0.28246500 -9.00000000 0 0 0.07163500 0.02902400 0.47012000 0.20132000 20.94250000 0.03873210 0.00007534 0.00000269 0.00033639 -0.00000012 -0.00000006 40.91690000 -0.76190000 -999 -999 0.28000000 -34.55500000 250 0.02984180 9.38400000 0.00350000 56930.00000000 0.23900000 33 20.04220000 0.96288000 0.07120000 0.01420000 0.05250000 0.00500000 1.00000000 0.02900000
15421 1 0.18459000 0.00099000 0.18443000 0.00001000 0.18545000 0.00001000 20.53610000 0.14007700 39.78910000 0.14265600 -9.00000000 0 0 -0.04416500 0.02626900 0.20985000 0.26484000 20.38780000 0.03393640 0.00012557 0.00000392 0.00091011 -0.00000033 -0.00000007 33.74160000 0.60250000 -9 -9 1.26300000 -38.58970000 250 0.02633490 10.16600000 0.07000000 54035.10000000 0.23350000 59 45.06710000 0.90948000 0.07550000 0.01260000 -0.03320000 0.00100000 1.00000000 0.00400000
8213 1 0.18484000 0.00099000 0.18468000 0.00006000 0.18611000 0.00006000 20.40180000 0.27550000 39.65480000 0.27682000 -9.00000000 0 0 0.16146000 0.03872300 -0.64794600 0.34005000 20.85960000 0.04858160 0.00008131 0.00000364 0.00270909 -0.00000050 -0.00000010 357.52100000 -0.92140000 -9 -9 0.79100000 -38.71220000 250 0.02422350 10.52200000 0.14700000 53683.70000000 0.30270000 31 20.49440000 0.92461000 0.10410000 0.01260000 -0.18940000 0.00700000 1.00000000 0.01900000
15461 1 0.18493000 0.00099000 0.18482000 0.00003000 0.18617000 0.00003000 20.36000000 0.13213300 39.61300000 0.13486400 -9.00000000 0 0 -0.10930700 0.02702400 -0.16353900 0.21188000 20.12650000 0.04492050 0.00015974 0.00000661 0.00106564 -0.00000042 -0.00000012 326.84800000 -0.49470000 -9 -9 2.71700000 -28.82310000 250 0.05992360 10.51600000 0.07500000 54037.00000000 0.17730000 44 29.21170000 0.95776000 0.06900000 0.01260000 0.02800000 0.00200000 1.00000000 0.00300000
1336453 10 0.18506000 0.00111000 0.18492000 0.00050000 0.18579000 0.00050000 20.49050000 0.15702100 39.74350000 0.15932500 -9.00000000 0 0 -0.07847200 0.02797100 0.97670000 0.13872000 20.18670000 0.03750320 0.00015112 0.00000522 -0.00000258 -0.00000018 -0.00000012 40.96970000 -1.22930000 -999 -999 0.65000000 -33.85370000 250 0.02672890 9.32600000 0.01750000 57355.00000000 0.14030000 21 15.89250000 0.77566000 0.06760000 0.01410000 0.03060000 0.00200000 1.00000000 0.00700000
6422 1 0.18515000 0.00099000 0.18501000 0.00003000 0.18645000 0.00003000 20.38170000 0.15815300 39.63470000 0.16044100 -9.00000000 0 0 -0.11055400 0.02402900 0.81936000 0.21517000 20.02320000 0.03337820 0.00017568 0.00000540 0.00038741 -0.00000020 -0.00000009 349.13900000 -0.66320000 -9 -9 0.89700000 -37.14670000 250 0.03458580 9.76500000 0.09300000 53668.00000000 0.26260000 50 38.87320000 0.87283000 0.06540000 0.01260000 0.05190000 0.00400000 1.00000000 0.00600000
16281 1 0.18522000 0.00099000 0.18507000 0.00006000 0.18651000 0.00006000 20.28970000 0.17005900 39.54270000 0.17218900 -9.00000000 0 0 -0.07720700 0.03296600 -0.81518300 0.54911000 20.22110000 0.03931270 0.00014641 0.00000530 0.00612223 -0.00000119 -0.00000012 352.94200000 -0.66810000 -9 -9 0.20200000 -38.06550000 250 0.02730290 10.39400000 0.10900000 54055.40000000 0.35980000 24 19.53550000 0.72286000 0.10150000 0.01260000 -0.00260000 0.00200000 1.00000000 0.00300000
370563 15 0.18527000 0.00141000 0.18538000 0.00100000 0.18400000 0.00100000 20.53520000 0.13671700 39.78820000 0.13935800 -9.00000000 0 0 -0.03220000 0.03001200 1.23591000 0.24951000 20.28300000 0.03910280 0.00013829 0.00000498 0.00234710 -0.00000061 -0.00000012 150.95200000 2.64600000 -999 -999 17.96050000 27.86950000 250 0.02044020 10.85900000 0.09000000 56024.20000000 0.17950000 14 8.09138000 0.88451000 0.07000000 0.01790000 -0.02260000 0.00200000 1.00000000 0.00400000
15365 1 0.18667000 0.00099000 0.18651000 0.00002000 0.18796000 0.00002000 20.50290000 0.14196300 39.75590000 0.14450800 -9.00000000 0 0 -0.05391200 0.02752900 0.80934000 0.23406000 20.25330000 0.03585950 0.00014212 0.00000469 0.00100482 -0.00000044 -0.00000008 354.55700000 1.24910000 -9 -9 0.20800000 -40.57850000 250 0.02760500 11.17800000 0.07500000 54038.10000000 0.18980000 47 43.07400000 0.63588000 0.07760000 0.01250000 -0.01590000 0.00100000 1.00000000 0.00300000
18807 1 0.18728000 0.00111000 0.18714000 0.00050000 0.18790000 0.00050000 20.51640000 0.13401700 39.76940000 0.13671000 -9.00000000 0 0 -0.03187500 0.02831200 0.46489000 0.24678000 20.36090000 0.04858600 0.00012872 0.00000576 0.00132314 -0.00000036 -0.00000012 46.64090000 0.79330000 -9 -9 3.21800000 -33.94210000 250 0.07061970 10.99800000 0.07500000 54390.30000000 0.23930000 49 23.00410000 0.99943000 0.07090000 0.01400000 -0.04080000 0.00100000 1.00000000 0.00300000
5994 1 0.18809000 0.00510000 0.18801000 0.00500000 0.18920000 0.00500000 20.49210000 0.18955300 39.74510000 0.19146700 -9.00000000 0 0 -0.06235500 0.03098800 0.74760000 0.26631000 20.25930000 0.05636960 0.00014134 0.00000734 0.00149608 -0.00000069 -0.00000016 312.60300000 -0.16790000 -9 -9 -9.00000000 -20.97780000 250 0.07998200 7.00000000 -9.00000000 53665.70000000 0.27180000 56 34.98310000 0.98757000 0.08030000 0.06390000 0.01790000 0.00300000 1.00000000 0.00700000
12927 1 0.18906000 0.00099000 0.18892000 0.00002000 0.18978000 0.00002000 20.18540000 0.14711300 39.43840000 0.14957100 -9.00000000 0 0 -0.03386100 0.03336800 0.09462400 0.35257000 20.07650000 0.05241090 0.00016726 0.00000807 -0.00291657 0.00000121 -0.00000027 41.78610000 0.77510000 -9 -9 1.56100000 -35.56420000 250 0.03175740 10.40100000 0.06000000 53988.80000000 0.92050000 47 35.77210000 0.88404000 0.08330000 0.01240000 -0.04260000 0.00100000 1.00000000 0.00300000
16100 1 0.18908000 0.00111000 0.18893000 0.00050000 0.19000000 0.00050000 20.55590000 0.25484200 39.80890000 0.25626900 -9.00000000 0 0 0.06455800 0.03914800 -0.34994900 0.36937000 20.81920000 0.04961260 0.00008439 0.00000386 0.00547484 -0.00000083 -0.00000011 30.43630000 -1.03240000 -9 -9 0.19900000 -36.66940000 250 0.02653630 9.66100000 0.15700000 54048.00000000 0.26290000 36 50.32600000 0.05686570 0.09630000 0.01380000 -0.04030000 0.01100000 1.00000000 0.02200000
1273127 10 0.18929000 0.00111000 0.18937000 0.00050000 0.19024000 0.00050000 20.68290000 0.22735600 39.93590000 0.22895300 -9.00000000 0 0 0.00563500 0.04291400 -1.62410000 0.59488000 20.94400000 0.07165480 0.00007523 0.00000497 -0.00197933 0.00000088 -0.00000013 8.55630000 -43.27590000 -999 -999 0.43000000 20.18090000 250 0.00691902 10.40600000 0.07000000 57246.10000000 1.17940000 40 9.09321000 1.00000000 0.13170000 0.01380000 -0.04840000 0.00400000 1.00000000 0.00700000
18787 1 0.18929000 0.00099000 0.18915000 0.00005000 0.19023000 0.00005000 20.88780000 0.19869700 40.14080000 0.20052300 -9.00000000 0 0 0.04390200 0.03294000 0.18431000 0.44922000 20.95150000 0.03936680 0.00007472 0.00000271 0.00282701 -0.00000046 -0.00000006 29.72980000 -1.02710000 -9 -9 4.26400000 -36.75690000 250 0.02342880 11.07200000 0.11700000 54387.20000000 0.45960000 57 25.56570000 0.99990000 0.10060000 0.01230000 -0.09730000 0.00200000 1.00000000 0.00900000
18749 1 0.18948000 0.00099000 0.18931000 0.00003000 0.19064000 0.00003000 20.48830000 0.20744800 39.74130000 0.20919700 -9.00000000 0 0 0.06201400 0.03335300 -1.40939000 0.39534000 20.81890000 0.03743580 0.00008442 0.00000291 0.00108528 -0.00000028 -0.00000007 12.54730000 0.67540000 -9 -9 2.90200000 -41.02730000 250 0.01668350 11.17200000 0.07800000 54385.10000000 0.44200000 56 48.06600000 0.76563000 0.10070000 0.01230000 -0.12150000 0.00400000 1.00000000 0.01000000
440643 15 0.18952000 0.01005000 0.18955000 0.01000000 0.19000000 0.01000000 20.50940000 0.23711400 39.76240000 0.23864600 -9.00000000 0 0 -0.09296100 0.02989600 0.73235000 0.18689000 20.19330000 0.03562320 0.00015020 0.00000493 0.00024225 -0.00000019 -0.00000012 53.60360000 -26.77390000 -999 -999 22.08850000 6.07040000 250 0.00893194 8.73100000 0.34900000 56237.00000000 0.22750000 12 26.89630000 0.00799711 0.07380000 0.12510000 0.02700000 0.00200000 1.00000000 0.00600000
6304 1 0.18995000 0.00099000 0.18979000 0.00003000 0.19094000 0.00003000 20.47560000 0.22309700 39.72860000 0.22472500 -9.00000000 0 0 0.06997600 0.02946600 -0.47783600 0.39137000 20.69570000 0.03535040 0.00009456 0.00000308 0.00065180 -0.00000029 -0.00000002 26.49760000 1.19600000 -9 -9 4.80900000 -40.12990000 250 0.01883420 10.65600000 0.05500000 53673.10000000 0.27590000 54 46.97040000 0.73998000 0.11060000 0.01230000 -0.11920000 0.00300000 1.00000000 0.01100000
762 1 0.19025000 0.00099000 0.19009000 0.00002000 0.19138000 0.00002000 20.62770000 0.15566600 39.88070000 0.15799000 -9.00000000 0 0 -0.03842800 0.03094200 1.13375000 0.27274000 20.37890000 0.03897770 0.00012660 0.00000454 0.00069078 -0.00000045 -0.00000009 15.53530000 -0.87900000 -9 -9 3.59100000 -38.78160000 250 0.02837210 11.23600000 0.07500000 53625.20000000 0.28890000 56 47.88400000 0.77144000 0.09070000 0.01230000 -0.01510000 0.00200000 1.00000000 0.00300000
20687 1 0.19042000 0.00099000 0.19026000 0.00002000 0.19154000 0.00002000 20.43620000 0.29373400 39.68920000 0.29497200 -9.00000000 0 0 0.14919000 0.04665500 -0.62199200 0.76676000 20.85770000 0.04977290 0.00008145 0.00000373 0.01165490 -0.00000070 -0.00000010 16.71810000 1.15410000 -9 -9 1.12400000 -41.25080000 250 0.01948890 10.97600000 0.06400000 54421.00000000 0.79180000 27 36.03020000 0.11464000 0.14040000 0.01230000 -0.18400000 0.00700000 1.00000000 0.01700000
2440 1 0.19044000 0.00099000 0.19030000 0.00001000 0.19114000 0.00001000 20.66520000 0.15246900 39.91820000 0.15484100 -9.00000000 0 0 -0.08289500 0.02990300 0.42606000 0.29467000 20.40180000 0.04291780 0.00012396 0.00000490 0.00080874 -0.00000052 -0.00000009 42.63370000 0.80780000 -9 -9 1.77400000 -35.05900000 250 0.04526950 10.32500000 0.07100000 53635.00000000 0.33400000 66 39.55450000 0.99597000 0.08900000 0.01230000 0.00330000 0.00100000 1.00000000 0.00300000
16276 1 0.19413000 0.00510000 0.19397000 0.00500000 0.19520000 0.00500000 20.54530000 0.21718500 39.79830000 0.21885700 -9.00000000 0 0 -0.02970100 0.03259100 0.00350600 0.57707000 20.48770000 0.03907670 0.00011453 0.00000412 0.00646163 -0.00000110 -0.00000009 20.57870000 1.01060000 -9 -9 1.39700000 -40.08660000 250 0.02725540 9.28800000 0.20000000 54057.40000000 0.37520000 30 14.29430000 0.99316000 0.10360000 0.06210000 -0.01760000 0.00400000 1.00000000 0.00800000
2246 1 0.19434000 0.00111000 0.19422000 0.00050000 0.19490000 0.00050000 20.62570000 0.22035400 39.87870000 0.22200200 -9.00000000 0 0 0.07562600 0.03704700 0.32908000 0.36574000 20.74670000 0.05296530 0.00009022 0.00000440 0.00204663 -0.00000068 -0.00000011 50.09040000 -0.88560000 -9 -9 2.84200000 -29.39930000 250 0.05356480 10.79800000 0.09900000 53634.20000000 0.32730000 71 53.83990000 0.93557000 0.10640000 0.01350000 -0.11670000 0.00300000 1.00000000 0.01100000
20821 1 0.19546000 0.00112000 0.19534000 0.00050000 0.19590000 0.00050000 20.88130000 0.40305200 40.13430000 0.40395500 -9.00000000 0 0 0.21928000 0.07113600 -1.42751000 1.18912000 21.53720000 0.10253000 0.00004356 0.00000411 0.03025780 -0.00000215 -0.00000020 55.57260000 1.06310000 -9 -9 3.24500000 -29.15630000 250 0.12165000 10.57200000 0.08500000 54411.40000000 0.76390000 27 18.73460000 0.87947000 0.21680000 0.01360000 -0.28510000 0.01600000 1.00000000 0.01800000
1253920 10 0.19553000 0.00112000 0.19556000 0.00050000 0.19599000 0.00050000 20.45810000 0.15427200 39.71110000 0.15661700 -9.00000000 0 0 -0.09928600 0.02824500 -0.74005600 0.13473000 20.35430000 0.03415500 0.00012951 0.00000407 0.00028803 -0.00000016 -0.00000009 54.62930000 -27.04280000 -999 -999 0.23000000 6.70680000 250 0.00912012 9.23400000 0.03300000 56583.20000000 0.10840000 36 25.66460000 0.89944000 0.06870000 0.01350000 0.04160000 0.00500000 1.00000000 0.00600000
14984 1 0.19557000 0.00112000 0.19549000 0.00050000 0.19670000 0.00050000 20.65520000 0.19406500 39.90820000 0.19593400 -9.00000000 0 0 0.04945400 0.03452800 0.97928000 0.33681000 20.63700000 0.05753480 0.00009981 0.00000529 0.00182529 -0.00000055 -0.00000013 313.83400000 -0.09280000 -9 -9 2.47000000 -21.14010000 250 0.07967370 10.39500000 0.06500000 54025.00000000 0.32590000 58 40.78990000 0.95792000 0.09430000 0.01350000 -0.07900000 0.00300000 1.00000000 0.00900000
15674 1 0.19568000 0.00112000 0.19555000 0.00050000 0.19700000 0.00050000 20.70500000 0.21060100 39.95800000 0.21232500 -9.00000000 0 0 0.00320600 0.03942000 -0.32895200 0.31076000 20.78040000 0.05580840 0.00008746 0.00000450 0.00380296 -0.00000067 -0.00000012 340.82900000 0.26290000 -9 -9 -9.00000000 -34.18160000 250 0.05762320 7.00000000 -9.00000000 54040.30000000 0.23820000 43 29.94560000 0.93427000 0.09900000 0.01350000 -0.03540000 0.00600000 1.00000000 0.01200000
000236 15 0.19616000 0.00141000 0.19602000 0.00100000 0.19530000 0.00100000 20.47580000 0.12185700 39.72880000 0.12481200 -9.00000000 0 0 -0.08443200 0.02590200 -0.20149300 0.14232000 20.29760000 0.03347100 0.00013645 0.00000421 0.00049401 -0.00000016 -0.00000009 131.58000000 44.07310000 -999 -999 18.15430000 -34.42920000 250 0.02598460 10.90200000 0.00900000 55211.10000000 0.14330000 30 26.86540000 0.63033000 0.06010000 0.01700000 0.00070000 0.00100000 1.00000000 0.00300000
15129 1 0.19621000 0.00100000 0.19611000 0.00005000 0.19739000 0.00005000 20.52170000 0.15563700 39.77470000 0.15796200 -9.00000000 0 0 -0.06814000 0.03301600 -0.68294000 0.23328000 20.44590000 0.04429640 0.00011903 0.00000486 0.00042486 -0.00000030 -0.00000010 318.90200000 -0.32140000 -9 -9 1.53200000 -23.62960000 250 0.05082460 10.97100000 0.06600000 54023.90000000 0.25530000 71 74.00990000 0.38023000 0.09250000 0.01210000 -0.01830000 0.00200000 1.00000000 0.00300000
1298893 10 0.19627000 0.00112000 0.19616000 0.00050000 0.19712000 0.00050000 20.58670000 0.25321500 39.83970000 0.25465100 -9.00000000 0 0 -0.02297200 0.09654200 -2.05976000 0.66103000 20.83440000 0.07336020 0.00008322 0.00000562 0.05096430 -0.00000287 -0.00000053 35.72400000 -6.25680000 -999 -999 1.62000000 -27.55750000 250 0.02513470 10.78400000 0.14350000 56935.30000000 1.21510000 8 4.70362000 0.78873000 0.16190000 0.01350000 -0.03750000 0.00400000 1.00000000 0.00500000
1334620 10 0.19635000 0.00112000 0.19624000 0.00050000 0.19720000 0.00050000 20.63970000 0.29217500 39.89270000 0.29342000 -9.00000000 0 0 0.20559000 0.03588600 -0.46339400 0.31450000 21.26180000 0.04674820 0.00005614 0.00000242 0.00167849 -0.00000031 -0.00000007 35.75290000 -6.26420000 -999 -999 0.57000000 -27.53990000 250 0.02500850 10.35100000 0.19550000 57334.90000000 0.28980000 33 13.07930000 0.99924000 0.09510000 0.01350000 -0.13440000 0.01200000 1.00000000 0.02900000
13070 1 0.19733000 0.00100000 0.19719000 0.00002000 0.19863000 0.00002000 20.54880000 0.13898100 39.80180000 0.14158000 -9.00000000 0 0 -0.14715100 0.02814000 0.96631000 0.27438000 20.08950000 0.04237220 0.00016527 0.00000645 0.00255840 -0.00000114 -0.00000013 357.78500000 -0.74630000 -9 -9 1.03100000 -36.87660000 250 0.02249020 10.26700000 0.05300000 53986.60000000 0.24740000 60 44.40920000 0.93410000 0.07570000 0.01200000 0.08590000 0.00300000 1.00000000 0.00300000
18804 1 0.19741000 0.00100000 0.19726000 0.00006000 0.19843000 0.00006000 20.44020000 0.12805700 39.69320000 0.13087300 -9.00000000 0 0 -0.05819500 0.02477300 0.92166000 0.19946000 20.16890000 0.03208270 0.00015362 0.00000454 0.00049936 -0.00000029 -0.00000008 25.26560000 -0.44840000 -9 -9 1.54700000 -37.05480000 250 0.02471400 10.30000000 0.07400000 54392.80000000 0.17250000 60 74.62350000 0.09689460 0.06860000 0.01200000 -0.00780000 0.00100000 1.00000000 0.00300000
1302058 10 0.19782000 0.00112000 0.19786000 0.00050000 0.19830000 0.00050000 20.23900000 0.18723400 39.49200000 0.18917100 -9.00000000 0 0 -0.01174200 0.02750100 0.37169000 0.12819000 20.21320000 0.03298270 0.00014747 0.00000448 0.00026993 -0.00000013 -0.00000010 53.39640000 -29.19060000 -999 -999 0.68000000 8.92860000 250 0.00841747 9.66400000 0.03900000 56959.60000000 0.13370000 33 36.43380000 0.31195000 0.06370000 0.01340000 0.01300000 0.00200000 1.00000000 0.01200000
15222 1 0.19817000 0.00100000 0.19801000 0.00005000 0.19943000 0.00005000 20.50310000 0.18053600 39.75610000 0.18254400 -9.00000000 0 0 0.01266800 0.03473600 -1.31897000 0.28823000 20.69700000 0.04040470 0.00009445 0.00000351 0.00100590 -0.00000035 -0.00000008 2.85340000 0.70270000 -9 -9 4.37000000 -39.18480000 250 0.02344580 11.50000000 0.11000000 54031.10000000 0.25820000 49 28.19870000 0.99254000 0.09970000 0.01190000 -0.09230000 0.00300000 1.00000000 0.00600000
1316431 10 0.19828000 0.00510000 0.19815000 0.00500000 0.19900000 0.00500000 20.63490000 0.17230600 39.88790000 0.17440900 -9.00000000 0 0 -0.09245800 0.02691200 1.29871000 0.13080000 20.25400000 0.03870950 0.00014204 0.00000506 0.00001367 -0.00000007 -0.00000011 42.23940000 -0.40840000 -999 -999 -9.00000000 -32.59340000 250 0.04356360 7.00000000 2.00000000 57018.90000000 0.13160000 26 33.12220000 0.15858000 0.06190000 0.06090000 0.04420000 0.00400000 1.00000000 0.00700000
13370 1 0.19861000 0.00112000 0.19846000 0.00050000 0.19960000 0.00050000 21.07160000 0.23706400 40.32460000 0.23859700 -9.00000000 0 0 -0.06833500 0.04815500 0.98859000 0.75263000 20.79340000 0.07680380 0.00008642 0.00000611 -0.01353060 0.00000307 -0.00000027 27.15150000 0.32820000 -9 -9 2.08000000 -37.50110000 250 0.03487770 9.95000000 0.17300000 53988.80000000 1.88860000 32 20.91430000 0.93352000 0.14370000 0.01340000 0.02660000 0.00300000 1.00000000 0.00600000
360145 15 0.19877000 0.00141000 0.19860000 0.00100000 0.19800000 0.00100000 20.63510000 0.20975600 39.88810000 0.21148700 -9.00000000 0 0 0.00821400 0.02746000 0.35012000 0.18316000 20.67920000 0.03251540 0.00009601 0.00000288 -0.00026349 -0.00000012 -0.00000006 163.66900000 59.01900000 -999 -999 20.25000000 -41.73660000 250 0.00703405 9.91100000 0.15700000 55978.70000000 0.18640000 25 19.72070000 0.76132000 0.07260000 0.01680000 0.01790000 0.00300000 1.00000000 0.01500000
19658 1 0.19878000 0.00112000 0.19863000 0.00050000 0.20000000 0.00050000 20.63600000 0.17240100 39.88900000 0.17450200 -9.00000000 0 0 -0.08370600 0.03574200 0.00802000 0.26469000 20.45110000 0.04228680 0.00011845 0.00000461 0.00264320 -0.00000067 -0.00000012 8.90320000 -0.23270000 -9 -9 0.51700000 -38.33300000 250 0.01543100 8.99600000 0.18200000 54401.80000000 0.18890000 29 14.52030000 0.98841000 0.09040000 0.01330000 0.02280000 0.00300000 1.00000000 0.00600000
18768 1 0.19908000 0.00510000 0.19892000 0.00500000 0.20020000 0.00500000 20.76860000 0.21595600 40.02160000 0.21763800 -9.00000000 0 0 -0.03385000 0.04005800 -0.39591100 0.30130000 20.74400000 0.05003060 0.00009045 0.00000417 0.00277131 -0.00000066 -0.00000011 17.21670000 1.19790000 -9 -9 1.01400000 -39.76280000 250 0.02047040 9.77800000 0.22000000 54379.00000000 0.39310000 37 38.84020000 0.38677000 0.10600000 0.06070000 -0.03080000 0.00500000 1.00000000 0.00800000
110460 15 0.19953000 0.00141000 0.19956000 0.00100000 0.20000000 0.00100000 20.59810000 0.25278900 39.85110000 0.25422700 -9.00000000 0 0 0.01874400 0.03742200 -0.12289200 0.25992000 20.74000000 0.04235590 0.00009079 0.00000354 -0.00339123 -0.00000009 -0.00000009 53.84480000 -27.84030000 -999 -999 21.76070000 7.30330000 250 0.00926361 9.55170000 0.10000000 55560.80000000 0.32880000 9 4.92339000 0.84093000 0.11490000 0.01670000 0.01340000 0.00300000 1.00000000 0.01700000
500504 15 0.19961000 0.00141000 0.19948000 0.00100000 0.19900000 0.00100000 20.42340000 0.24466900 39.67640000 0.24615400 -9.00000000 0 0 0.10611000 0.03773100 -0.80098100 0.26925000 20.84070000 0.04559580 0.00008274 0.00000347 0.00180285 -0.00000038 -0.00000010 212.45900000 53.47780000 -999 -999 -9.00000000 -34.15160000 250 0.00745692 11.07500000 0.08450000 56415.40000000 0.34340000 26 35.06610000 0.11023000 0.09550000 0.01670000 -0.08140000 0.00500000 1.00000000 0.02000000
560150 15 0.19970000 0.00141000 0.19957000 0.00100000 0.20100000 0.00100000 20.64350000 0.16941200 39.89650000 0.17155000 -9.00000000 0 0 -0.04827400 0.03179400 -1.49121000 0.45465000 20.74350000 0.03937270 0.00009049 0.00000328 0.00073988 -0.00000019 -0.00000008 333.96100000 1.22760000 -999 -999 -9.00000000 -32.20340000 250 0.03666170 11.45800000 0.05550000 56590.80000000 0.39450000 13 16.13010000 0.24218000 0.09980000 0.01670000 -0.02310000 0.00200000 1.00000000 0.00400000
19101 1 0.20077000 0.00112000 0.20062000 0.00050000 0.20200000 0.00050000 20.43070000 0.19309700 39.68370000 0.19497600 -9.00000000 0 0 0.00644700 0.03285700 -0.22931100 0.21397000 20.50280000 0.03953030 0.00011295 0.00000411 0.00160033 -0.00000041 -0.00000011 7.97270000 0.13830000 -9 -9 -9.00000000 -38.42370000 250 0.01939100 7.00000000 -9.00000000 54395.20000000 0.17800000 32 32.67970000 0.43342000 0.08010000 0.01320000 -0.03410000 0.00600000 1.00000000 0.01100000
470232 15 0.20083000 0.01005000 0.20068000 0.01000000 0.20000000 0.01000000 20.73080000 0.25151100 39.98380000 0.25295600 -9.00000000 0 0 -0.00962300 0.02751500 0.83322000 0.15414000 20.64430000 0.03692420 0.00009914 0.00000337 0.00079325 -0.00000022 -0.00000008 129.54600000 45.20230000 -999 -999 20.42320000 -35.83540000 250 0.02250270 9.73700000 0.22800000 56315.80000000 0.14010000 28 29.73280000 0.37610000 0.06370000 0.11860000 0.01380000 0.00200000 1.00000000 0.01200000
370308 15 0.20087000 0.01005000 0.20074000 0.01000000 0.20000000 0.01000000 20.51420000 0.31497200 39.76720000 0.31612700 -9.00000000 0 0 -0.13829500 0.03059600 0.72474000 0.93122000 20.07740000 0.03790510 0.00016713 0.00000583 -0.00246512 -0.00000236 -0.00000011 131.31700000 43.38570000 -999 -999 17.79070000 -33.12100000 250 0.02233010 11.23900000 0.03700000 56006.60000000 0.59340000 2 2.16630000 0.33853000 0.17820000 0.11860000 0.04530000 0.00200000 1.00000000 0.00300000
590002 15 0.20128000 0.01005000 0.20139000 0.01000000 0.20000000 0.01000000 20.60450000 0.21526600 39.85750000 0.21695300 -9.00000000 0 0 -0.11186300 0.03190100 -0.96465300 0.27826000 20.47670000 0.04046010 0.00011569 0.00000431 0.00254992 -0.00000049 -0.00000011 149.54500000 0.87830000 -999 -999 17.82680000 27.56150000 250 0.02347170 11.26900000 0.04900000 56665.50000000 0.20390000 9 13.76810000 0.13082000 0.07570000 0.11830000 0.02340000 0.00200000 1.00000000 0.00300000
13152 1 0.20231000 0.00100000 0.20216000 0.00001000 0.20355000 0.00001000 20.36540000 0.19627600 39.61840000 0.19812400 -9.00000000 0 0 0.01600700 0.02952000 0.28737000 0.25244000 20.40670000 0.03515250 0.00012340 0.00000400 0.00091361 -0.00000037 -0.00000009 7.05210000 0.11800000 -9 -9 0.09300000 -38.11870000 250 0.01769690 9.38700000 0.09600000 54001.20000000 0.19900000 47 49.39290000 0.37779000 0.07860000 0.01170000 -0.01820000 0.00500000 1.00000000 0.01200000
19913 1 0.20249000 0.00112000 0.20237000 0.00050000 0.20380000 0.00050000 20.74190000 0.15740400 39.99490000 0.15970300 -9.00000000 0 0 -0.04744100 0.03607900 0.11554000 0.34885000 20.59440000 0.05265520 0.00010381 0.00000503 0.00232237 -0.00000048 -0.00000013 333.76300000 -0.34130000 -9 -9 1.88100000 -29.85600000 250 0.06902370 10.05100000 0.08700000 54406.10000000 0.35770000 27 21.95910000 0.73945000 0.09500000 0.01310000 -0.03610000 0.00100000 1.00000000 0.00300000
6780 1 0.20279000 0.00100000 0.20268000 0.00003000 0.20406000 0.00003000 20.58430000 0.18298400 39.83730000 0.18496500 -9.00000000 0 0 -0.02793600 0.04582100 -1.74956000 0.38835000 20.74160000 0.07216560 0.00009065 0.00000602 0.00462795 -0.00000086 -0.00000020 328.06900000 0.26710000 -9 -9 10.54100000 -28.15610000 250 0.08990260 11.27200000 0.08000000 53665.50000000 0.41140000 35 12.21990000 0.99988000 0.11350000 0.01170000 -0.06680000 0.00300000 1.00000000 0.00300000
14212 1 0.20320000 0.00100000 0.20308000 0.00005000 0.20449000 0.00005000 20.71280000 0.14411900 39.96580000 0.14662600 -9.00000000 0 0 -0.02631500 0.03294800 -0.31561200 0.17920000 20.67220000 0.04372690 0.00009663 0.00000389 0.00080445 -0.00000020 -0.00000009 330.47000000 1.04500000 -9 -9 2.78800000 -30.06830000 250 0.04735790 10.49700000 0.10500000 54013.00000000 0.18600000 110 105.07900000 0.61474000 0.08080000 0.01170000 -0.05820000 0.00200000 1.00000000 0.00300000
15203 1 0.20329000 0.00101000 0.20314000 0.00007000 0.20444000 0.00007000 20.62920000 0.16464600 39.88220000 0.16684500 -9.00000000 0 0 0.00334600 0.03242600 1.12434000 0.27610000 20.48040000 0.04000640 0.00011531 0.00000425 0.00085745 -0.00000041 -0.00000010 15.73470000 0.18310000 -9 -9 0.32900000 -37.99010000 250 0.03045010 10.21900000 0.06900000 54027.10000000 0.27740000 47 45.68400000 0.52712000 0.08940000 0.01180000 -0.04570000 0.00200000 1.00000000 0.00500000
16032 1 0.20331000 0.00112000 0.20318000 0.00050000 0.20400000 0.00050000 20.67470000 0.17168900 39.92770000 0.17379900 -9.00000000 0 0 -0.10349600 0.03471700 -0.74061200 0.23563000 20.52780000 0.04765050 0.00011038 0.00000484 0.00169010 -0.00000040 -0.00000012 44.06920000 -0.41080000 -9 -9 -9.00000000 -31.25770000 250 0.05630100 7.00000000 -9.00000000 54046.40000000 0.17790000 42 25.80420000 0.97667000 0.08540000 0.01310000 0.01150000 0.00800000 1.00000000 0.00500000
7243 1 0.20334000 0.00100000 0.20323000 0.00001000 0.20462000 0.00001000 20.68050000 0.21443400 39.93350000 0.21612700 -9.00000000 0 0 -0.01609200 0.04161900 0.74462000 0.39134000 20.56910000 0.06525610 0.00010626 0.00000639 0.00320372 -0.00000088 -0.00000017 328.07900000 0.47190000 -9 -9 0.72400000 -28.34100000 250 0.08631380 9.22500000 0.11100000 53686.30000000 0.33170000 24 8.02935000 0.99906000 0.11510000 0.01170000 -0.00420000 0.00400000 1.00000000 0.00900000
15901 1 0.20382000 0.00102000 0.20368000 0.00018000 0.20474000 0.00018000 20.65110000 0.16934200 39.90410000 0.17148100 -9.00000000 0 0 -0.05544500 0.03414800 0.05976300 0.26159000 20.51960000 0.04160600 0.00011122 0.00000426 0.00201766 -0.00000049 -0.00000011 31.97630000 -0.53540000 -9 -9 0.15500000 -34.67080000 250 0.02747390 9.96900000 0.08500000 54045.50000000 0.20870000 29 31.65710000 0.33512000 0.08670000 0.01190000 -0.00370000 0.00400000 1.00000000 0.00600000
18965 1 0.20469000 0.00100000 0.20454000 0.00003000 0.20587000 0.00003000 20.62790000 0.15771700 39.88090000 0.16001200 -9.00000000 0 0 -0.10776600 0.03540500 -0.61249800 0.22995000 20.46300000 0.03960340 0.00011717 0.00000427 0.00092206 -0.00000040 -0.00000010 13.50910000 1.06900000 -9 -9 0.44800000 -38.88300000 250 0.02076770 10.63000000 0.11000000 54395.40000000 0.18840000 44 51.67820000 0.19895000 0.09600000 0.01160000 0.02550000 0.00200000 1.00000000 0.00200000
110033 15 0.20483000 0.00142000 0.20471000 0.00100000 0.20570000 0.00100000 20.58970000 0.20051300 39.84270000 0.20232200 -9.00000000 0 0 -0.03324000 0.05340200 1.31480000 0.39394000 20.33300000 0.08967870 0.00013207 0.00001091 0.00504428 -0.00000273 -0.00000050 34.90310000 -3.52920000 -999 -999 19.38690000 -30.19810000 250 0.01818810 10.06300000 0.23700000 55543.80000000 0.35800000 13 8.67734000 0.79685000 0.12380000 0.01650000 -0.01240000 0.00200000 1.00000000 0.00400000
17801 1 0.20523000 0.00112000 0.20515000 0.00050000 0.20640000 0.00050000 20.91310000 0.22610800 40.16610000 0.22771400 -9.00000000 0 0 -0.01386600 0.05641900 -0.65669300 0.50591000 20.94910000 0.08247410 0.00007488 0.00000569 0.01115860 -0.00000197 -0.00000023 316.09300000 -0.89800000 -9 -9 2.66800000 -20.57890000 250 0.05631880 11.40000000 0.08600000 54365.70000000 0.34450000 44 42.09760000 0.55346000 0.14490000 0.01300000 -0.07040000 0.00200000 1.00000000 0.00400000
15872 1 0.20562000 0.00101000 0.20549000 0.00002000 0.20646000 0.00002000 20.55960000 0.17284700 39.81260000 0.17494400 -9.00000000 0 0 -0.07077300 0.03623700 0.76107000 0.30875000 20.30190000 0.04567640 0.00013591 0.00000572 0.00364180 -0.00000101 -0.00000016 36.72250000 -0.32780000 -9 -9 0.41200000 -33.39210000 250 0.02726680 9.66000000 0.08900000 54047.80000000 0.20820000 26 19.05560000 0.83408000 0.09000000 0.01170000 0.02100000 0.00300000 1.00000000 0.00600000
1327978 10 0.20691000 0.00112000 0.20699000 0.00050000 0.20786000 0.00050000 20.66950000 0.27852500 39.92250000 0.27983100 -9.00000000 0 0 0.04541200 0.04756900 0.02184000 0.57854000 20.78950000 0.05063510 0.00008673 0.00000405 0.00363484 -0.00000117 -0.00000009 8.28000000 -44.14020000 -999 -999 0.77000000 19.87930000 250 0.00615783 11.31300000 0.41350000 57307.50000000 0.46410000 24 3.63489000 1.00000000 0.15930000 0.01290000 -0.06960000 0.00300000 1.00000000 0.01200000
15201 1 0.20748000 0.00101000 0.20736000 0.00004000 0.20881000 0.00004000 21.06300000 0.33257200 40.31600000 0.33366600 -9.00000000 0 0 0.15242000 0.05617800 -1.87784000 0.79719000 21.62210000 0.06985760 0.00004029 0.00000259 0.00454865 -0.00000068 -0.00000009 337.51900000 0.00360000 -9 -9 2.55300000 -31.11360000 250 0.06154820 11.31200000 0.09000000 54028.40000000 0.61250000 37 30.28870000 0.77464000 0.18600000 0.01160000 -0.24170000 0.01100000 1.00000000 0.01400000
1283373 10 0.20751000 0.00112000 0.20754000 0.00050000 0.20797000 0.00050000 20.81950000 0.14650500 40.07250000 0.14897200 -9.00000000 0 0 -0.05992800 0.03321300 -1.05273000 0.23744000 20.82760000 0.04426400 0.00008374 0.00000341 0.00109419 -0.00000030 -0.00000009 54.94670000 -26.73040000 -999 -999 1.41000000 6.11020000 250 0.01196250 10.23100000 0.01750000 57268.50000000 0.32240000 38 26.84830000 0.91193000 0.08020000 0.01280000 -0.01430000 0.00200000 1.00000000 0.00400000
20376 1 0.20840000 0.00129000 0.20831000 0.00081000 0.20961000 0.00081000 20.47690000 0.27083900 39.72990000 0.27218200 -9.00000000 0 0 0.16064000 0.03948100 -1.19101000 0.62939000 20.96880000 0.05139040 0.00007354 0.00000348 0.00570106 -0.00000069 -0.00000011 319.39600000 -0.52390000 -9 -9 0.07100000 -22.47330000 250 0.05102480 10.71700000 0.12000000 54415.20000000 0.53510000 23 46.55230000 0.00255196 0.12040000 0.01470000 -0.23300000 0.00900000 1.00000000 0.01500000
15467 1 0.20856000 0.00101000 0.20847000 0.00003000 0.20978000 0.00003000 20.62280000 0.14427300 39.87580000 0.14677800 -9.00000000 0 0 -0.06356500 0.03433300 0.82038000 0.26734000 20.35030000 0.04737060 0.00012998 0.00000567 0.00242037 -0.00000072 -0.00000014 320.02000000 -0.17740000 -9 -9 0.70200000 -23.19250000 250 0.04854950 10.43000000 0.04400000 54038.90000000 0.19880000 32 27.56290000 0.69080000 0.08540000 0.01150000 -0.00730000 0.00100000 1.00000000 0.00300000
200132 15 0.20868000 0.01005000 0.20856000 0.01000000 0.21000000 0.01000000 20.85040000 0.23798100 40.10340000 0.23950800 -9.00000000 0 0 -0.03429800 0.03251600 0.39874000 0.20429000 20.74620000 0.05319450 0.00009027 0.00000442 0.00146984 -0.00000031 -0.00000011 334.49400000 -0.69690000 -999 -999 -9.00000000 -29.04710000 250 0.07480880 9.05600000 0.74200000 55841.20000000 0.14840000 20 15.23480000 0.76282000 0.07570000 0.11450000 0.00820000 0.00200000 1.00000000 0.00900000
15259 1 0.20870000 0.00101000 0.20857000 0.00011000 0.21003000 0.00011000 20.61090000 0.19584300 39.86390000 0.19769600 -9.00000000 0 0 -0.00437400 0.03411700 0.48151000 0.27825000 20.56060000 0.04690050 0.00010710 0.00000463 0.00046430 -0.00000034 -0.00000011 337.54400000 -0.40780000 -9 -9 0.09700000 -30.45280000 250 0.05775340 9.78900000 0.25600000 54026.30000000 0.28380000 50 56.54490000 0.24385000 0.09410000 0.01150000 -0.01820000 0.00500000 1.00000000 0.01000000
140152 15 0.20879000 0.00142000 0.20864000 0.00100000 0.20800000 0.00100000 20.62680000 0.15735100 39.87980000 0.15965000 -9.00000000 0 0 -0.09786200 0.02635100 1.42408000 0.16457000 20.20700000 0.03199310 0.00014833 0.00000437 0.00028103 -0.00000029 -0.00000009 162.39300000 57.61570000 -999 -999 21.80870000 -38.68120000 250 0.00773850 9.69400000 0.74400000 55639.30000000 0.16350000 25 20.74920000 0.70651000 0.06790000 0.01620000 0.04050000 0.00400000 1.00000000 0.00600000
16482 1 0.20948000 0.00101000 0.20937000 0.00004000 0.21077000 0.00004000 20.58830000 0.26074400 39.84130000 0.26213800 -9.00000000 0 0 -0.02282600 0.04735800 -2.22105000 1.17739000 20.81430000 0.05609260 0.00008478 0.00000438 0.02533600 -0.00000235 -0.00000014 328.71000000 0.93370000 -9 -9 12.44100000 -28.44360000 250 0.05999060 11.50000000 0.10300000 54058.50000000 0.63040000 19 14.82290000 0.73378000 0.17230000 0.01150000 -0.08350000 0.00500000 1.00000000 0.00300000
550154 15 0.21015000 0.00142000 0.21003000 0.00100000 0.21100000 0.00100000 20.89490000 0.14640900 40.14790000 0.14887700 -9.00000000 0 0 -0.09957300 0.03094300 0.08789800 0.29478000 20.63680000 0.03763980 0.00009984 0.00000346 0.00065415 -0.00000029 -0.00000009 36.35560000 -3.59620000 -999 -999 19.35060000 -29.10860000 250 0.02225290 10.58200000 0.01300000 56571.30000000 0.35040000 18 10.69280000 0.90693000 0.08410000 0.01610000 0.01030000 0.00200000 1.00000000 0.00300000
19149 1 0.21037000 0.00101000 0.21023000 0.00001000 0.21131000 0.00001000 20.20130000 0.18406300 39.45430000 0.18603200 -9.00000000 0 0 0.00991200 0.03054400 1.04946000 0.19839000 20.13420000 0.03739260 0.00015860 0.00000546 0.00132622 -0.00000048 -0.00000013 31.46000000 -0.33190000 -9 -9 2.96600000 -34.09920000 250 0.02074880 9.61200000 0.08800000 54398.90000000 0.16980000 39 62.55870000 0.00971449 0.07410000 0.01140000 0.00470000 0.00600000 1.00000000 0.01100000
460105 15 0.21084000 0.01005000 0.21071000 0.01000000 0.21000000 0.01000000 20.71020000 0.22137600 39.96320000 0.22301700 -9.00000000 0 0 -0.09930800 0.03632800 -1.68923000 0.19099000 20.72130000 0.04541140 0.00009236 0.00000386 0.00072600 -0.00000029 -0.00000011 129.37000000 44.04530000 -999 -999 17.15340000 -33.24420000 250 0.02576030 11.50000000 0.03700000 56289.30000000 0.23340000 26 19.30620000 0.82324000 0.09000000 0.11340000 0.01660000 0.00200000 1.00000000 0.00300000
14157 1 0.21095000 0.00113000 0.21083000 0.00050000 0.21150000 0.00050000 20.55300000 0.15335900 39.80600000 0.15571800 -9.00000000 0 0 -0.05022100 0.03551400 1.16426000 0.27455000 20.27690000 0.06429750 0.00013908 0.00000824 0.00095653 -0.00000052 -0.00000020 51.13670000 1.02240000 -9 -9 1.39800000 -29.23940000 250 0.10115000 11.12700000 0.06200000 54013.90000000 0.25790000 62 75.20710000 0.12103000 0.09240000 0.01270000 -0.00150000 0.00200000 1.00000000 0.00300000
18940 1 0.21114000 0.00101000 0.21099000 0.00004000 0.21236000 0.00004000 20.70220000 0.16101600 39.95520000 0.16326400 -9.00000000 0 0 -0.03144600 0.03755400 -0.84137800 0.26141000 20.72360000 0.04285410 0.00009216 0.00000364 0.00203710 -0.00000047 -0.00000010 10.34900000 0.41200000 -9 -9 1.12800000 -37.21320000 250 0.01589710 10.22600000 0.07700000 54396.70000000 0.21220000 37 35.02310000 0.56202000 0.09850000 0.01140000 -0.05790000 0.00200000 1.00000000 0.00300000
1257366 10 0.21134000 0.00113000 0.21137000 0.00050000 0.21182000 0.00050000 20.88850000 0.26474600 40.14150000 0.26611900 -9.00000000 0 0 0.10390000 0.04078800 -0.16008800 0.44299000 21.19730000 0.05343250 0.00005958 0.00000293 0.00113193 -0.00000038 -0.00000009 53.89960000 -26.96930000 -999 -999 2.52000000 5.90620000 250 0.00984751 10.96500000 0.13400000 56612.00000000 0.48460000 19 6.77673000 0.99531000 0.11610000 0.01270000 -0.08850000 0.00500000 1.00000000 0.02000000
7847 1 0.21174000 0.00101000 0.21160000 0.00008000 0.21266000 0.00008000 20.71460000 0.22891100 39.96760000 0.23049800 -9.00000000 0 0 0.12339000 0.03585800 0.15361000 0.39907000 20.95370000 0.04206650 0.00007456 0.00000289 0.00340139 -0.00000044 -0.00000008 32.45990000 -0.06180000 -9 -9 0.95500000 -34.04220000 250 0.02276840 10.69600000 0.12400000 53682.00000000 0.37760000 36 33.27480000 0.59889000 0.09820000 0.01130000 -0.17220000 0.00500000 1.00000000 0.01200000
17811 1 0.21200000 0.00113000 0.21186000 0.00050000 0.21320000 0.00050000 20.66060000 0.19261400 39.91360000 0.19449800 -9.00000000 0 0 -0.13064900 0.03297600 1.08099000 0.30058000 20.23860000 0.04247260 0.00014407 0.00000564 -0.00002278 -0.00000070 -0.00000012 12.87870000 -0.94740000 -9 -9 -9.00000000 -35.48190000 250 0.03819210 7.00000000 -9.00000000 54355.40000000 0.28470000 38 29.93750000 0.82167000 0.10080000 0.01270000 0.08910000 0.00600000 1.00000000 0.00500000
18927 1 0.21225000 0.00113000 0.21214000 0.00050000 0.21290000 0.00050000 20.68440000 0.24222600 39.93740000 0.24372600 -9.00000000 0 0 0.11949000 0.04152100 -0.57862400 0.38977000 21.01290000 0.05706160 0.00007060 0.00000371 0.00185226 -0.00000049 -0.00000010 46.68250000 -0.75400000 -9 -9 0.46500000 -28.83680000 250 0.06131610 11.50000000 0.00500000 54386.80000000 0.40660000 42 39.68050000 0.57328000 0.11850000 0.01270000 -0.17870000 0.00600000 1.00000000 0.01200000
13305 1 0.21350000 0.00101000 0.21339000 0.00001000 0.21481000 0.00001000 20.76880000 0.16306000 40.02180000 0.16528000 -9.00000000 0 0 -0.00788600 0.03391800 1.02285000 0.30517000 20.60310000 0.04490170 0.00010298 0.00000426 0.00132473 -0.00000051 -0.00000010 331.10000000 0.69120000 -9 -9 1.93300000 -28.70850000 250 0.04521120 10.05500000 0.07300000 54003.90000000 0.26790000 49 40.12110000 0.81304000 0.09450000 0.01130000 -0.04280000 0.00200000 1.00000000 0.00400000
8495 1 0.21365000 0.00101000 0.21353000 0.00002000 0.21498000 0.00002000 20.75540000 0.18840500 40.00840000 0.19033000 -9.00000000 0 0 -0.02031300 0.04275100 0.76464000 0.47104000 20.58440000 0.06379530 0.00010477 0.00000616 0.00673051 -0.00000164 -0.00000018 335.26100000 -0.74820000 -9 -9 0.87200000 -28.68670000 250 0.06128950 11.03400000 0.06300000 53689.90000000 0.35140000 23 39.92350000 0.01567520 0.11800000 0.01130000 -0.04780000 0.00200000 1.00000000 0.00300000
6933 1 0.21398000 0.00510000 0.21383000 0.00500000 0.21520000 0.00500000 20.63440000 0.19563400 39.88740000 0.19748800 -9.00000000 0 0 -0.02231600 0.03265100 0.08451300 0.23882000 20.57390000 0.03621150 0.00010579 0.00000353 0.00102712 -0.00000025 -0.00000008 11.35170000 1.07560000 -9 -9 -9.00000000 -37.51180000 250 0.02028610 7.00000000 -9.00000000 53679.90000000 0.23840000 32 34.35790000 0.35541000 0.08640000 0.05680000 -0.03140000 0.00400000 1.00000000 0.00800000
110567 15 0.21440000 0.00142000 0.21442000 0.00100000 0.21490000 0.00100000 20.76490000 0.29768200 40.01790000 0.29890400 -9.00000000 0 0 0.14984000 0.05075400 -1.01331000 0.47263000 21.31610000 0.06031600 0.00005340 0.00000297 0.00152349 -0.00000038 -0.00000012 52.71310000 -26.46000000 -999 -999 17.21990000 4.76060000 250 0.00865755 11.40300000 0.00600000 55550.50000000 0.53280000 10 12.05740000 0.28124000 0.13890000 0.01580000 -0.11400000 0.00600000 1.00000000 0.02300000
1249851 10 0.21507000 0.00113000 0.21511000 0.00050000 0.21552000 0.00050000 20.62950000 0.47712300 39.88250000 0.47788700 -9.00000000 0 0 0.01138500 0.09375700 -2.07449000 0.72983000 20.96660000 0.12754000 0.00007368 0.00000866 -0.00405700 -0.00000023 -0.00000015 55.21800000 -29.40000000 -999 -999 3.16000000 9.27750000 250 0.01196940 11.30300000 0.01600000 56556.10000000 2.92800000 8 9.08177000 0.33544000 0.32160000 0.01250000 -0.05660000 0.00500000 1.00000000 0.00800000
14019 1 0.21521000 0.00113000 0.21513000 0.00050000 0.21640000 0.00050000 21.21110000 0.22783600 40.46410000 0.22943000 -9.00000000 0 0 -0.01531600 0.04836300 -0.30575700 0.41656000 21.21120000 0.06698580 0.00005882 0.00000363 0.00459028 -0.00000064 -0.00000012 316.64200000 -0.64800000 -9 -9 2.44800000 -20.35810000 250 0.07617030 9.93100000 0.09300000 54012.20000000 0.41670000 59 43.71820000 0.93161000 0.12930000 0.01250000 -0.05000000 0.00600000 1.00000000 0.00800000
1316 1 0.21578000 0.00101000 0.21566000 0.00002000 0.21711000 0.00002000 20.97230000 0.25730400 40.22530000 0.25871600 -9.00000000 0 0 -0.09872300 0.04619700 0.68739000 0.68654000 20.65890000 0.07500520 0.00009782 0.00000676 0.00337289 -0.00000090 -0.00000015 334.86400000 0.49450000 -9 -9 1.03800000 -29.71440000 250 0.05659630 9.83500000 0.10400000 53619.60000000 1.56110000 32 46.88190000 0.04345200 0.16140000 0.01120000 0.04090000 0.00400000 1.00000000 0.00500000
100206 15 0.21650000 0.00142000 0.21653000 0.00100000 0.21700000 0.00100000 20.57230000 0.13893600 39.82530000 0.14153500 -9.00000000 0 0 -0.07517100 0.02983900 0.25057000 0.28167000 20.34530000 0.03517030 0.00013058 0.00000423 0.00192713 -0.00000042 -0.00000010 52.51820000 -28.25670000 -999 -999 18.26840000 6.83200000 250 0.00697846 11.50000000 0.01300000 55517.90000000 0.26150000 18 20.71400000 0.29409000 0.07590000 0.01560000 -0.01000000 0.00100000 1.00000000 0.00300000
17435 1 0.21689000 0.00113000 0.21674000 0.00050000 0.21800000 0.00050000 20.81420000 0.18845900 40.06720000 0.19038400 -9.00000000 0 0 -0.10798500 0.03513600 0.91406000 0.25984000 20.45480000 0.04046130 0.00011806 0.00000440 0.00003737 -0.00000043 -0.00000010 20.34460000 -0.01480000 -9 -9 0.10600000 -35.43510000 250 0.02700650 8.81800000 0.18200000 54359.40000000 0.30420000 46 35.58020000 0.86656000 0.10280000 0.01240000 0.05690000 0.00400000 1.00000000 0.00500000
7473 1 0.21692000 0.00510000 0.21677000 0.00500000 0.21820000 0.00500000 20.84020000 0.18332300 40.09320000 0.18530100 -9.00000000 0 0 -0.09996500 0.03339400 -0.14829400 0.28692000 20.63050000 0.03688810 0.00010042 0.00000341 0.00257405 -0.00000040 -0.00000016 4.32640000 -0.25730000 -9 -9 0.04000000 -35.40470000 250 0.02125110 8.95400000 0.27500000 53679.60000000 0.25140000 29 24.56090000 0.70082000 0.08540000 0.05600000 0.02510000 0.00500000 1.00000000 0.00500000
20364 1 0.21742000 0.00102000 0.21729000 0.00002000 0.21846000 0.00002000 20.88650000 0.26825600 40.13950000 0.26961100 -9.00000000 0 0 0.02967600 0.04191000 0.54349000 0.88866000 20.85560000 0.04663380 0.00008162 0.00000351 0.00191133 -0.00000039 -0.00000008 25.75660000 -0.94550000 -9 -9 1.03000000 -33.60530000 250 0.02182230 10.38900000 0.07900000 54420.00000000 0.91010000 24 18.31620000 0.78740000 0.17130000 0.01120000 -0.09490000 0.00200000 1.00000000 0.00600000
13641 1 0.21794000 0.00113000 0.21781000 0.00050000 0.21930000 0.00050000 20.74120000 0.17274000 39.99420000 0.17483700 -9.00000000 0 0 -0.04564800 0.03296100 1.02300000 0.28669000 20.51950000 0.04192580 0.00011122 0.00000429 0.00081715 -0.00000039 -0.00000010 345.21900000 -0.98110000 -9 -9 -9.00000000 -31.13760000 250 0.04279390 7.00000000 -9.00000000 54004.90000000 0.29820000 47 37.44520000 0.83927000 0.09160000 0.01240000 0.01800000 0.00400000 1.00000000 0.00600000
1290816 10 0.21845000 0.00113000 0.21848000 0.00050000 0.21892000 0.00050000 20.96860000 0.20262600 40.22160000 0.20441700 -9.00000000 0 0 -0.00303300 0.02727200 1.26334000 0.22358000 20.84610000 0.03212300 0.00008233 0.00000244 -0.00014590 -0.00000011 -0.00000005 54.17250000 -27.84000000 -999 -999 1.39000000 6.88990000 250 0.01034620 8.85900000 0.00900000 56891.90000000 0.39170000 26 20.73310000 0.75560000 0.07420000 0.01230000 0.02090000 0.00400000 1.00000000 0.01400000
1304678 10 0.21881000 0.00113000 0.21884000 0.00050000 0.21927000 0.00050000 20.88860000 0.24612000 40.14160000 0.24759600 -9.00000000 0 0 -0.07301100 0.08710500 -1.54068000 0.60260000 20.93770000 0.12728000 0.00007567 0.00000887 0.03101130 -0.00000397 -0.00000068 54.87010000 -27.64390000 -999 -999 0.51000000 6.91990000 250 0.01009080 11.23000000 0.02650000 56963.60000000 0.58470000 27 3.36240000 1.00000000 0.15860000 0.01230000 -0.00480000 0.00300000 1.00000000 0.00400000
9467 1 0.21897000 0.00102000 0.21885000 0.00003000 0.22027000 0.00003000 20.93950000 0.23921000 40.19250000 0.24072900 -9.00000000 0 0 -0.13794900 0.05741900 -1.38838000 0.38099000 20.83260000 0.06700950 0.00008336 0.00000514 0.00589448 -0.00000106 -0.00000016 328.95100000 1.18080000 -9 -9 2.34200000 -27.80660000 250 0.04904280 10.93000000 0.07200000 53688.80000000 0.34410000 22 13.59610000 0.91519000 0.15780000 0.01110000 0.06250000 0.00400000 1.00000000 0.00200000
5533 1 0.21898000 0.00102000 0.21887000 0.00002000 0.22028000 0.00002000 20.87620000 0.21715000 40.12920000 0.21882200 -9.00000000 0 0 0.00667500 0.04196700 -0.50269700 0.40223000 20.95630000 0.05816630 0.00007438 0.00000399 0.00401537 -0.00000061 -0.00000011 328.67000000 0.41340000 -9 -9 2.31000000 -26.83680000 250 0.06304630 9.95900000 0.08000000 53667.50000000 0.51090000 38 29.45540000 0.83817000 0.11180000 0.01110000 -0.06710000 0.00900000 1.00000000 0.01000000
1342255 10 0.21899000 0.00113000 0.21886000 0.00050000 0.21976000 0.00050000 20.77660000 0.12799800 40.02960000 0.13081500 -9.00000000 0 0 -0.10430100 0.02699500 0.46830000 0.25592000 20.45890000 0.03377050 0.00011761 0.00000366 0.00145316 -0.00000026 -0.00000008 40.74350000 -0.26740000 -999 -999 2.83000000 -30.63720000 250 0.02411390 10.02400000 0.06650000 57390.70000000 0.18210000 12 6.12526000 0.90964000 0.06620000 0.01230000 0.02150000 0.00200000 1.00000000 0.00300000
1302187 10 0.21941000 0.00113000 0.21943000 0.00050000 0.21992000 0.00050000 20.75180000 0.20721000 40.00480000 0.20896200 -9.00000000 0 0 0.02859200 0.03857600 -0.86272000 0.33241000 20.95680000 0.05272420 0.00007435 0.00000361 0.00184614 -0.00000048 -0.00000011 52.16190000 -27.14210000 -999 -999 0.88000000 5.29450000 250 0.00974190 10.95000000 0.87300000 56953.00000000 0.29920000 28 13.06860000 0.99259000 0.10050000 0.01230000 -0.06310000 0.00300000 1.00000000 0.01000000
15433 1 0.21950000 0.00102000 0.21935000 0.00003000 0.22068000 0.00003000 20.85680000 0.15773700 40.10980000 0.16003100 -9.00000000 0 0 -0.06396100 0.03521400 -0.02829400 0.27070000 20.68860000 0.03937500 0.00009519 0.00000345 0.00123959 -0.00000035 -0.00000008 14.87960000 -0.25650000 -9 -9 1.14300000 -35.20830000 250 0.02255990 10.80600000 0.08800000 54037.40000000 0.25710000 41 38.04840000 0.60255000 0.09710000 0.01110000 -0.02700000 0.00200000 1.00000000 0.00200000
000220 15 0.21972000 0.00143000 0.21982000 0.00100000 0.21840000 0.00100000 20.80860000 0.12135200 40.06160000 0.12431900 -9.00000000 0 0 -0.12925300 0.02733600 -0.70088700 0.14475000 20.60600000 0.03409480 0.00010271 0.00000323 0.00096868 -0.00000020 -0.00000007 150.53700000 2.71860000 -999 -999 17.57740000 23.98570000 250 0.01740350 11.33500000 0.12200000 55227.50000000 0.11370000 32 35.19280000 0.31942000 0.06260000 0.01550000 0.04130000 0.00200000 1.00000000 0.00300000
18466 1 0.21978000 0.00113000 0.21967000 0.00050000 0.22040000 0.00050000 20.83520000 0.17126100 40.08820000 0.17337600 -9.00000000 0 0 0.02403500 0.03575600 -0.10495800 0.25146000 20.87480000 0.05614810 0.00008018 0.00000415 0.00054221 -0.00000022 -0.00000010 48.41850000 0.63000000 -9 -9 3.17700000 -28.87990000 250 0.07905770 10.91700000 0.06200000 54381.50000000 0.35330000 88 68.98710000 0.93325000 0.09290000 0.01230000 -0.10260000 0.00200000 1.00000000 0.00500000
14331 1 0.21990000 0.00102000 0.21976000 0.00002000 0.22116000 0.00002000 20.98570000 0.21853300 40.23870000 0.22019500 -9.00000000 0 0 0.00568100 0.03973900 0.18256000 0.30591000 20.99160000 0.04374170 0.00007200 0.00000290 0.00116772 -0.00000040 -0.00000007 7.88870000 -0.13580000 -9 -9 1.58800000 -35.30670000 250 0.01903870 9.69600000 0.09500000 54013.60000000 0.31010000 52 45.64920000 0.72038000 0.11490000 0.01110000 -0.03710000 0.00500000 1.00000000 0.00900000
19230 1 0.22017000 0.00113000 0.22005000 0.00050000 0.22150000 0.00050000 20.66980000 0.24144100 39.92280000 0.24294600 -9.00000000 0 0 0.08317400 0.04673300 -1.64141000 0.42746000 21.03950000 0.05435850 0.00006890 0.00000345 0.00382931 -0.00000073 -0.00000010 332.89100000 0.76480000 -9 -9 0.15900000 -28.75010000 250 0.04241090 10.51600000 0.10200000 54390.40000000 0.41860000 39 29.19270000 0.87345000 0.13400000 0.01230000 -0.18200000 0.00700000 1.00000000 0.00900000
7512 1 0.22066000 0.00510000 0.22055000 0.00500000 0.22120000 0.00500000 20.93460000 0.22365000 40.18760000 0.22527400 -9.00000000 0 0 -0.00100300 0.03974100 0.51150000 0.37729000 20.88190000 0.06196240 0.00007966 0.00000455 0.00226012 -0.00000051 -0.00000012 52.09030000 -0.32610000 -9 -9 -9.00000000 -26.27240000 250 0.08836780 7.00000000 -9.00000000 53682.50000000 0.36400000 40 37.16840000 0.59844000 0.10930000 0.05520000 -0.02660000 0.00500000 1.00000000 0.00900000
15354 1 0.22083000 0.00113000 0.22069000 0.00050000 0.22210000 0.00050000 20.82680000 0.26545200 40.07980000 0.26682100 -9.00000000 0 0 0.09100100 0.04910300 -2.15343000 0.50723000 21.26640000 0.05232450 0.00005590 0.00000269 0.00058214 -0.00000027 -0.00000008 6.77370000 -0.12600000 -9 -9 2.10100000 -35.13490000 250 0.01736870 10.78300000 0.08100000 54024.50000000 0.50670000 48 47.52880000 0.49205000 0.15180000 0.01220000 -0.21190000 0.01000000 1.00000000 0.00900000
370098 15 0.22132000 0.00143000 0.22141000 0.00100000 0.22000000 0.00100000 20.79110000 0.14068700 40.04410000 0.14325400 -9.00000000 0 0 -0.03412900 0.02801400 0.53447000 0.15184000 20.62030000 0.03325320 0.00010137 0.00000310 -0.00024471 -0.00000010 -0.00000007 150.00600000 2.43110000 -999 -999 19.59460000 23.95490000 250 0.01497070 10.49100000 0.13400000 56000.30000000 0.20720000 23 22.10350000 0.51401000 0.07310000 0.01540000 -0.03880000 0.00100000 1.00000000 0.00400000
480464 15 0.22132000 0.01005000 0.22141000 0.01000000 0.22000000 0.01000000 20.80580000 0.20296800 40.05880000 0.20475600 -9.00000000 0 0 -0.12167100 0.02821500 0.27380000 0.15994000 20.47360000 0.03524070 0.00011603 0.00000377 0.00038345 -0.00000023 -0.00000008 149.80000000 3.22160000 -999 -999 18.69520000 22.98130000 250 0.01954120 10.91700000 0.02800000 56342.10000000 0.13020000 31 48.18360000 0.02526940 0.07170000 0.10840000 0.03200000 0.00200000 1.00000000 0.00300000
1331123 10 0.22150000 0.00113000 0.22157000 0.00050000 0.22248000 0.00050000 20.94070000 0.16395400 40.19370000 0.16616200 -9.00000000 0 0 -0.00560100 0.03135600 -1.59703000 0.20042000 21.16510000 0.03682310 0.00006137 0.00000208 0.00079592 -0.00000014 -0.00000005 8.03630000 -42.55420000 -999 -999 4.27000000 16.84680000 250 0.00701012 11.23000000 0.00000000 57318.30000000 0.19060000 45 35.39160000 0.84703000 0.07770000 0.01220000 -0.04630000 0.00300000 1.00000000 0.00600000
13025 1 0.22299000 0.00102000 0.22287000 0.00001000 0.22436000 0.00001000 21.07270000 0.27993000 40.32570000 0.28122900 -9.00000000 0 0 0.04627400 0.05165400 0.86840000 0.84064000 21.04980000 0.08754810 0.00006825 0.00000550 -0.00380526 0.00000048 -0.00000019 341.56700000 0.41590000 -9 -9 1.97400000 -31.03530000 250 0.06735380 10.83600000 0.05200000 53989.30000000 2.28470000 32 20.34710000 0.94497000 0.17580000 0.01090000 -0.09030000 0.00300000 1.00000000 0.00600000
14846 1 0.22349000 0.00102000 0.22335000 0.00002000 0.22476000 0.00002000 20.89810000 0.16508400 40.15110000 0.16727800 -9.00000000 0 0 -0.04399300 0.03649200 0.65798000 0.29488000 20.68410000 0.04149690 0.00009557 0.00000365 0.00136203 -0.00000052 -0.00000009 7.66320000 0.14160000 -9 -9 2.74600000 -35.12160000 250 0.02083090 11.07500000 0.05900000 54025.00000000 0.28350000 40 19.57670000 0.99726000 0.10340000 0.01090000 -0.03330000 0.00200000 1.00000000 0.00200000
330083 15 0.22385000 0.00143000 0.22373000 0.00100000 0.22300000 0.00100000 20.76320000 0.17069600 40.01620000 0.17281800 -9.00000000 0 0 -0.08692700 0.02856600 0.00152300 0.34225000 20.57230000 0.03457350 0.00010594 0.00000337 0.00013927 -0.00000013 -0.00000008 129.49600000 43.29770000 -999 -999 22.82120000 -30.83660000 250 0.01927520 8.78000000 0.24100000 55888.20000000 0.33120000 12 24.53810000 0.01716990 0.08340000 0.01530000 0.02570000 0.00200000 1.00000000 0.00700000
1304442 10 0.22449000 0.00510000 0.22451000 0.00500000 0.22500000 0.00500000 20.87630000 0.19535300 40.12930000 0.19721000 -9.00000000 0 0 -0.10266000 0.03553700 0.20370000 0.29240000 20.62590000 0.05300270 0.00010084 0.00000492 0.00313875 -0.00000077 -0.00000012 52.16310000 -28.10830000 -999 -999 0.64000000 6.33210000 250 0.00710053 9.56800000 0.01350000 56965.10000000 0.26630000 5 3.74851000 0.58616000 0.09360000 0.05430000 0.04470000 0.00200000 1.00000000 0.00600000
550096 15 0.22449000 0.00143000 0.22451000 0.00100000 0.22500000 0.00100000 20.69190000 0.24428700 39.94490000 0.24577500 -9.00000000 0 0 0.01619800 0.06600800 1.20528000 0.52473000 20.57250000 0.09986360 0.00010592 0.00000974 0.01732050 -0.00000354 -0.00000051 52.77660000 -26.39790000 -999 -999 20.12920000 4.53480000 250 0.00890965 10.17500000 0.27800000 56575.00000000 0.48500000 10 11.98220000 0.28625000 0.14300000 0.01520000 -0.04400000 0.00300000 1.00000000 0.00800000
1292560 10 0.22493000 0.00114000 0.22482000 0.00050000 0.22582000 0.00050000 20.85960000 0.15833100 40.11260000 0.16061600 -9.00000000 0 0 -0.13051800 0.02832700 0.28942000 0.15570000 20.53520000 0.03535350 0.00010962 0.00000357 -0.00022958 -0.00000008 -0.00000008 35.05580000 -5.36110000 -999 -999 0.74000000 -25.80850000 250 0.02056230 8.64600000 0.10600000 56904.60000000 0.25710000 29 21.83380000 0.82700000 0.07160000 0.01210000 0.06950000 0.00300000 1.00000000 0.00600000
030066 15 0.22542000 0.00143000 0.22552000 0.00100000 0.22410000 0.00100000 20.89610000 0.17192800 40.14910000 0.17403500 -9.00000000 0 0 -0.13398400 0.03404000 1.38181000 0.37115000 20.41080000 0.04254800 0.00012294 0.00000482 0.00251996 -0.00000050 -0.00000014 150.18300000 3.40400000 -999 -999 23.45140000 22.57470000 250 0.02092110 9.13400000 0.24300000 55300.40000000 0.55830000 6 3.58191000 0.73304000 0.08710000 0.01520000 0.08040000 0.00500000 1.00000000 0.00600000
13727 1 0.22543000 0.00102000 0.22534000 0.00002000 0.22664000 0.00002000 20.87990000 0.18698400 40.13290000 0.18892300 -9.00000000 0 0 -0.04190800 0.03762800 1.32135000 0.34788000 20.64070000 0.05895940 0.00009948 0.00000540 0.00212672 -0.00000061 -0.00000014 317.58800000 0.93260000 -9 -9 2.65400000 -21.75160000 250 0.08600340 9.95300000 0.08400000 54004.90000000 0.34050000 46 46.77530000 0.44044000 0.10210000 0.01080000 0.03290000 0.00600000 1.00000000 0.00600000
15229 1 0.22551000 0.00114000 0.22536000 0.00050000 0.22680000 0.00050000 20.93260000 0.19559000 40.18560000 0.19744400 -9.00000000 0 0 -0.03441200 0.03776300 0.71495000 0.29292000 20.77120000 0.04017000 0.00008821 0.00000326 0.00101789 -0.00000036 -0.00000008 4.83200000 1.09070000 -9 -9 0.29800000 -35.73500000 250 0.02354010 9.16500000 0.10900000 54033.20000000 0.30680000 36 33.03630000 0.61031000 0.10890000 0.01210000 -0.00190000 0.00400000 1.00000000 0.00600000
020096 15 0.22578000 0.00143000 0.22563000 0.00100000 0.22500000 0.00100000 20.73350000 0.17388000 39.98650000 0.17596300 -9.00000000 0 0 -0.07647400 0.03315100 -0.69326000 0.21577000 20.66520000 0.03939250 0.00009725 0.00000353 0.00076608 -0.00000027 -0.00000009 161.31400000 58.19270000 -999 -999 22.02650000 -37.04860000 250 0.00900839 9.05900000 0.64200000 55281.40000000 0.25910000 19 21.07520000 0.33266000 0.08490000 0.01510000 0.01350000 0.00400000 1.00000000 0.00700000
19992 1 0.22645000 0.00114000 0.22632000 0.00050000 0.22780000 0.00050000 21.13820000 0.19925700 40.39120000 0.20107800 -9.00000000 0 0 -0.08199300 0.04731000 0.26487000 0.55787000 20.89410000 0.06140570 0.00007877 0.00000445 0.01045040 -0.00000159 -0.00000014 357.10400000 -1.18500000 -9 -9 0.83200000 -32.32180000 250 0.02919380 10.62800000 54.33000000 54404.60000000 0.48310000 19 13.87710000 0.79081000 0.12970000 0.01200000 -0.00380000 0.00200000 1.00000000 0.00200000
1315192 10 0.22726000 0.00510000 0.22714000 0.00500000 0.22800000 0.00500000 20.84400000 0.22688700 40.09700000 0.22848800 -9.00000000 0 0 0.06692900 0.03453900 1.05724000 0.29517000 20.87690000 0.05611110 0.00008003 0.00000414 0.00378108 -0.00000068 -0.00000012 42.98590000 -0.52310000 -999 -999 3.69000000 -28.72230000 250 0.04924430 10.65400000 0.02800000 57008.80000000 0.25880000 21 16.37790000 0.74805000 0.07740000 0.05370000 -0.07050000 0.00400000 1.00000000 0.01500000
1315259 10 0.22818000 0.00114000 0.22806000 0.00050000 0.22896000 0.00050000 20.97060000 0.18139700 40.22360000 0.18339500 -9.00000000 0 0 0.02855900 0.02930900 -0.49111600 0.17411000 21.11880000 0.03620280 0.00006404 0.00000214 0.00028054 -0.00000007 -0.00000005 40.86410000 -1.60360000 -999 -999 4.90000000 -28.09380000 250 0.02530170 11.50000000 0.04400000 57004.30000000 0.21850000 27 17.24300000 0.92496000 0.07260000 0.01200000 -0.06500000 0.00300000 1.00000000 0.01000000
180561 15 0.22865000 0.00143000 0.22853000 0.00100000 0.23000000 0.00100000 20.90740000 0.30705700 40.16040000 0.30824100 -9.00000000 0 0 0.13764000 0.03170500 0.01110000 0.21475000 21.43350000 0.04401800 0.00004793 0.00000194 0.00106397 -0.00000016 -0.00000005 334.46200000 1.46840000 -999 -999 22.54990000 -29.19110000 250 0.04213410 8.44400000 0.72400000 55784.10000000 0.18590000 44 51.84660000 0.19449000 0.07900000 0.01500000 0.04970000 0.00800000 1.00000000 0.03500000
13072 1 0.22928000 0.00103000 0.22917000 0.00001000 0.23063000 0.00001000 20.96990000 0.20059600 40.22290000 0.20240500 -9.00000000 0 0 -0.00818100 0.04513700 0.40235000 0.40484000 20.86330000 0.06606440 0.00008103 0.00000493 0.00377138 -0.00000107 -0.00000015 334.96000000 0.02440000 -9 -9 4.82700000 -27.77020000 250 0.06611270 10.87400000 54.96000000 53988.90000000 0.48960000 37 20.16620000 0.98899000 0.12670000 0.01080000 -0.07430000 0.00200000 1.00000000 0.00300000
3452 1 0.22978000 0.00103000 0.22967000 0.00002000 0.23114000 0.00002000 20.88210000 0.18611800 40.13510000 0.18806600 -9.00000000 0 0 -0.09030500 0.03689800 0.90942000 0.27319000 20.56560000 0.04817040 0.00010660 0.00000473 0.00124977 -0.00000056 -0.00000011 334.67200000 0.63920000 -9 -9 1.36100000 -28.27340000 250 0.05075520 9.23000000 0.08200000 53648.50000000 0.27610000 44 37.61000000 0.74061000 0.10290000 0.01070000 0.04450000 0.00400000 1.00000000 0.00500000
21033 1 0.23020000 0.00510000 0.23006000 0.00500000 0.23120000 0.00500000 20.87530000 0.22583600 40.12830000 0.22744400 -9.00000000 0 0 -0.08633500 0.04130500 -0.72968300 0.55506000 20.75240000 0.04231500 0.00008975 0.00000350 0.00530031 -0.00000037 -0.00000008 28.81370000 0.64310000 -9 -9 -9.00000000 -33.19610000 250 0.02948370 7.00000000 -9.00000000 54421.10000000 0.58490000 19 23.90570000 0.19980000 0.12430000 0.05310000 -0.01600000 0.00800000 1.00000000 0.00500000
000006 15 0.23041000 0.00143000 0.23044000 0.00100000 0.23090000 0.00100000 21.05320000 0.25870400 40.30620000 0.26010900 -9.00000000 0 0 0.12905000 0.03706100 -0.00910500 0.43902000 21.39970000 0.04523830 0.00004945 0.00000206 0.00116184 -0.00000025 -0.00000006 53.36650000 -28.37150000 -999 -999 19.70670000 6.92440000 250 0.00714443 10.79300000 0.05500000 55204.10000000 0.50790000 9 12.15220000 0.20487000 0.10790000 0.01490000 -0.10630000 0.00400000 1.00000000 0.01900000
040780 15 0.23082000 0.00143000 0.23066000 0.00100000 0.23060000 0.00100000 20.81870000 0.29561700 40.07170000 0.29684700 -9.00000000 0 0 0.27933000 0.03906100 -0.91084100 0.47222000 21.66690000 0.04489490 0.00003866 0.00000160 0.00493910 -0.00000041 -0.00000005 243.62000000 54.72580000 -999 -999 18.74010000 -37.98230000 250 0.00967993 10.96300000 0.02100000 55358.80000000 0.31460000 22 23.85750000 0.35475000 0.10880000 0.01480000 -0.20240000 0.01800000 1.00000000 0.02400000
19008 1 0.23086000 0.00114000 0.23075000 0.00050000 0.23220000 0.00050000 20.85190000 0.20291900 40.10490000 0.20470700 -9.00000000 0 0 0.06689000 0.04220300 1.08198000 0.39794000 20.86390000 0.06356320 0.00008099 0.00000474 0.00480729 -0.00000092 -0.00000014 331.96300000 -1.06990000 -9 -9 0.38900000 -25.35510000 250 0.07688900 10.40100000 0.07100000 54392.70000000 0.35770000 38 41.82760000 0.30816000 0.10990000 0.01180000 -0.08760000 0.00400000 1.00000000 0.00700000
360140 15 0.23092000 0.01005000 0.23083000 0.01000000 0.23000000 0.01000000 21.04280000 0.22467300 40.29580000 0.22628900 -9.00000000 0 0 -0.05006400 0.02863100 0.01721100 0.23320000 20.94750000 0.03373260 0.00007499 0.00000233 0.00043146 -0.00000015 -0.00000005 185.61800000 47.71620000 -999 -999 24.20710000 -22.39940000 250 0.01130560 8.83400000 1.37700000 55975.10000000 0.23230000 24 34.19950000 0.08118470 0.07530000 0.10430000 0.00960000 0.00200000 1.00000000 0.00800000
17875 1 0.23125000 0.00103000 0.23111000 0.00003000 0.23237000 0.00003000 21.06390000 0.18782300 40.31690000 0.18975300 -9.00000000 0 0 -0.05748800 0.03927700 1.16427000 0.31837000 20.77480000 0.04254240 0.00008792 0.00000344 -0.00029847 -0.00000042 -0.00000008 20.98340000 1.25500000 -9 -9 1.29400000 -34.83660000 250 0.02488210 10.70200000 0.11000000 54362.60000000 0.40680000 48 36.88150000 0.87840000 0.12150000 0.01070000 0.00800000 0.00200000 1.00000000 0.00200000
430004 15 0.23162000 0.00143000 0.23150000 0.00100000 0.23300000 0.00100000 20.94800000 0.22529400 40.20100000 0.22690600 -9.00000000 0 0 0.03407800 0.04865400 1.32251000 0.42593000 20.87060000 0.08237570 0.00008049 0.00000611 0.00804762 -0.00000185 -0.00000023 351.11300000 -0.75420000 -999 -999 18.94940000 -31.20390000 250 0.03538980 10.51000000 0.01200000 56187.10000000 0.48420000 25 36.66690000 0.06207240 0.12080000 0.01480000 -0.04000000 0.00400000 1.00000000 0.00900000
1302648 10 0.23164000 0.00114000 0.23171000 0.00050000 0.23259000 0.00050000 20.83450000 0.23572400 40.08750000 0.23726500 -9.00000000 0 0 0.10124000 0.03078700 -0.68745100 0.21993000 21.21130000 0.03723110 0.00005882 0.00000202 0.00056011 -0.00000014 -0.00000005 10.00260000 -44.05410000 -999 -999 0.09000000 17.95120000 250 0.00571639 10.13100000 0.01300000 56948.30000000 0.25730000 35 14.20550000 0.99930000 0.07990000 0.01180000 -0.09010000 0.00500000 1.00000000 0.01900000
1275946 10 0.23205000 0.00114000 0.23212000 0.00050000 0.23300000 0.00050000 20.95150000 0.15720500 40.20450000 0.15950700 -9.00000000 0 0 -0.07868800 0.02650200 1.51449000 0.15704000 20.58280000 0.03230700 0.00010493 0.00000312 0.00029852 -0.00000017 -0.00000007 10.40400000 -43.63780000 -999 -999 0.31000000 17.42590000 250 0.00833601 8.45800000 0.43450000 57261.60000000 0.14000000 47 54.10600000 0.22156000 0.06630000 0.01180000 0.04560000 0.00400000 1.00000000 0.00700000
15369 1 0.23282000 0.00510000 0.23269000 0.00500000 0.23420000 0.00500000 20.58110000 0.17888000 39.83410000 0.18090600 -9.00000000 0 0 -0.04288100 0.03170500 0.69214000 0.24295000 20.39880000 0.03841410 0.00012430 0.00000440 0.00091036 -0.00000032 -0.00000010 348.83300000 -0.56260000 -9 -9 0.44500000 -30.74990000 250 0.03474170 9.07800000 0.26700000 54032.10000000 0.27660000 34 50.85800000 0.03160880 0.08420000 0.05250000 0.00000000 0.00400000 1.00000000 0.00500000
1292336 10 0.23367000 0.00114000 0.23356000 0.00050000 0.23446000 0.00050000 20.93270000 0.25362600 40.18570000 0.25505900 -9.00000000 0 0 0.03115500 0.03364100 -0.18040200 0.23479000 21.12760000 0.04360630 0.00006353 0.00000255 0.00019482 -0.00000024 -0.00000006 40.99880000 -0.90610000 -999 -999 0.18000000 -28.27120000 250 0.02593000 9.09900000 0.01500000 56901.80000000 0.23610000 31 18.02180000 0.96929000 0.09360000 0.01170000 0.01950000 0.00300000 1.00000000 0.02000000
350047 15 0.23378000 0.00143000 0.23364000 0.00100000 0.23300000 0.00100000 21.16180000 0.19450400 40.41480000 0.19637000 -9.00000000 0 0 -0.13468500 0.05633000 -2.41623000 0.41587000 21.20330000 0.07330450 0.00005925 0.00000400 0.01100430 -0.00000129 -0.00000019 163.26200000 58.13630000 -999 -999 19.03050000 -35.65750000 250 0.00652775 10.49100000 0.02000000 55935.70000000 0.36860000 25 28.31860000 0.29340000 0.12320000 0.01470000 0.04910000 0.00600000 1.00000000 0.00300000
1336687 10 0.23391000 0.00114000 0.23381000 0.00050000 0.23480000 0.00050000 20.92580000 0.29088900 40.17880000 0.29213900 -9.00000000 0 0 0.07952400 0.02841200 0.39192000 0.16280000 21.21700000 0.03691470 0.00005850 0.00000199 0.00053658 -0.00000010 -0.00000005 35.60580000 -6.14990000 -999 -999 0.51000000 -23.98210000 250 0.02428700 8.58000000 0.01600000 57351.20000000 0.18160000 24 17.02250000 0.84770000 0.06610000 0.01170000 0.05080000 0.00500000 1.00000000 0.03200000
12971 1 0.23395000 0.00103000 0.23381000 0.00004000 0.23524000 0.00004000 20.88590000 0.21239000 40.13890000 0.21409900 -9.00000000 0 0 -0.09109100 0.03630600 1.14243000 0.59192000 20.53200000 0.04021430 0.00010995 0.00000407 -0.00298220 -0.00000024 -0.00000010 6.64850000 -0.30210000 -9 -9 5.42000000 -33.29410000 250 0.01842540 11.50000000 0.09900000 53976.70000000 1.21990000 32 18.36360000 0.97421000 0.13990000 0.01060000 0.04390000 0.00200000 1.00000000 0.00100000
110536 15 0.23472000 0.00144000 0.23475000 0.00100000 0.23520000 0.00100000 20.93820000 0.32687700 40.19120000 0.32799000 -9.00000000 0 0 0.17614000 0.05109100 0.55137000 0.51316000 21.32880000 0.06377880 0.00005278 0.00000310 -0.00230127 -0.00000053 -0.00000011 54.33250000 -26.90170000 -999 -999 18.85590000 5.48790000 250 0.00913184 10.57700000 0.19800000 55555.90000000 0.56950000 10 12.75660000 0.23760000 0.16290000 0.01470000 -0.12510000 0.00600000 1.00000000 0.02200000
1279500 10 0.23481000 0.00114000 0.23471000 0.00050000 0.23568000 0.00050000 21.02540000 0.16551500 40.27840000 0.16770300 -9.00000000 0 0 -0.03526600 0.02562600 0.64663000 0.15794000 20.88380000 0.03153240 0.00007952 0.00000231 -0.00017199 -0.00000001 -0.00000005 36.92570000 -4.31490000 -999 -999 1.30000000 -25.57260000 250 0.02201660 9.69900000 0.06950000 57252.00000000 0.31290000 31 24.75100000 0.77874000 0.06350000 0.01170000 0.01040000 0.00200000 1.00000000 0.00900000
1319366 10 0.23494000 0.00114000 0.23483000 0.00050000 0.23572000 0.00050000 20.90500000 0.18124200 40.15800000 0.18324200 -9.00000000 0 0 -0.02921700 0.02810800 1.38593000 0.20107000 20.68350000 0.03499230 0.00009563 0.00000308 -0.00033859 -0.00000009 -0.00000007 41.49550000 -1.08810000 -999 -999 1.12000000 -27.77290000 250 0.02697440 9.61100000 0.02000000 57304.40000000 0.27560000 38 24.68120000 0.95312000 0.07520000 0.01160000 0.02090000 0.00300000 1.00000000 0.01000000
1298281 10 0.23520000 0.00510000 0.23508000 0.00500000 0.23600000 0.00500000 20.90990000 0.27382600 40.16290000 0.27515400 -9.00000000 0 0 0.04188700 0.03162500 -1.56651000 0.22185000 21.34210000 0.03996440 0.00005214 0.00000192 0.00050438 -0.00000011 -0.00000005 40.26790000 -0.95530000 -999 -999 1.02000000 -28.27280000 250 0.02924710 9.29700000 0.07850000 56930.60000000 0.26910000 38 20.87390000 0.98913000 0.08080000 0.05200000 0.01920000 0.02900000 1.00000000 0.02300000
19341 1 0.23556000 0.00103000 0.23543000 0.00005000 0.23676000 0.00005000 20.98060000 0.21249400 40.23360000 0.21420200 -9.00000000 0 0 0.02400600 0.04414500 -1.52600000 0.37860000 21.19230000 0.05081540 0.00005985 0.00000280 0.00172095 -0.00000048 -0.00000007 15.86030000 0.33140000 -9 -9 2.16200000 -33.74500000 250 0.02975320 11.01500000 0.08300000 54393.30000000 0.32030000 37 18.80410000 0.99438000 0.13200000 0.01050000 -0.14010000 0.00500000 1.00000000 0.00400000
15287 1 0.23639000 0.00103000 0.23630000 0.00008000 0.23768000 0.00008000 21.12750000 0.15337600 40.38050000 0.15573500 -9.00000000 0 0 -0.04434200 0.03385800 1.11100000 0.30460000 20.87540000 0.03980020 0.00008014 0.00000294 0.00071068 -0.00000026 -0.00000007 323.96000000 -1.05740000 -9 -9 6.52500000 -21.67130000 250 0.03961430 10.62100000 0.15200000 54029.80000000 0.32200000 67 64.05240000 0.57950000 0.09730000 0.01050000 -0.00340000 0.00200000 1.00000000 0.00100000
310574 15 0.23662000 0.00144000 0.23649000 0.00100000 0.23800000 0.00100000 21.01060000 0.15438300 40.26360000 0.15672700 -9.00000000 0 0 -0.02343600 0.03199200 -0.38298100 0.16303000 21.00140000 0.04030740 0.00007136 0.00000265 0.00060210 -0.00000016 -0.00000006 352.98600000 0.53630000 -999 -999 -9.00000000 -32.32800000 250 0.03321810 10.23400000 0.14300000 55841.00000000 0.15040000 38 54.20070000 0.04277620 0.08100000 0.01460000 -0.04570000 0.00100000 1.00000000 0.00400000
13511 1 0.23664000 0.00103000 0.23653000 0.00003000 0.23744000 0.00003000 21.21440000 0.19123400 40.46740000 0.19313100 -9.00000000 0 0 -0.09238700 0.04107000 -1.55732000 0.46524000 21.20800000 0.04782360 0.00005899 0.00000260 0.00363048 -0.00000062 -0.00000007 40.61240000 -0.79410000 -9 -9 3.82300000 -28.18620000 250 0.02913530 11.41100000 0.12200000 54002.60000000 0.32950000 53 53.82400000 0.44261000 0.12520000 0.01050000 -0.00290000 0.00400000 1.00000000 0.00100000
12881 1 0.23685000 0.00103000 0.23671000 0.00003000 0.23811000 0.00003000 20.86600000 0.23510600 40.11900000 0.23665100 -9.00000000 0 0 0.02920300 0.03933600 0.86995000 0.54007000 20.84780000 0.04931180 0.00008220 0.00000373 0.00431138 -0.00000128 -0.00000009 10.16230000 -0.07360000 -9 -9 0.35400000 -33.31620000 250 0.02025050 9.67900000 0.11300000 53980.30000000 0.58820000 32 32.32070000 0.45092000 0.13180000 0.01040000 -0.03260000 0.00700000 1.00000000 0.00900000
16350 1 0.23693000 0.00103000 0.23684000 0.00003000 0.23822000 0.00003000 20.97490000 0.20849600 40.22790000 0.21023700 -9.00000000 0 0 -0.08605200 0.04434800 -0.95647900 0.59643000 20.89490000 0.04725880 0.00007871 0.00000343 0.00544178 -0.00000071 -0.00000009 323.63900000 -0.88580000 -9 -9 3.96400000 -21.67650000 250 0.04073240 10.79000000 0.08800000 54054.00000000 0.47960000 23 13.84370000 0.93126000 0.13780000 0.01040000 -0.00740000 0.00300000 1.00000000 0.00100000
1317277 10 0.23721000 0.00115000 0.23711000 0.00050000 0.23810000 0.00050000 20.97150000 0.20215300 40.22450000 0.20394800 -9.00000000 0 0 0.02650400 0.03518700 -1.40015000 0.31760000 21.24970000 0.04075030 0.00005677 0.00000213 0.00099251 -0.00000019 -0.00000006 35.90310000 -5.48150000 -999 -999 0.21000000 -24.37260000 250 0.01990320 10.05000000 0.01150000 57007.40000000 0.32720000 28 27.36020000 0.49870000 0.09670000 0.01160000 -0.06270000 0.00400000 1.00000000 0.01000000
20768 1 0.23746000 0.00104000 0.23735000 0.00010000 0.23826000 0.00010000 21.48350000 0.30452200 40.73650000 0.30571600 -9.00000000 0 0 0.07643900 0.06023000 -0.75465400 1.13096000 21.70220000 0.06446690 0.00003742 0.00000222 0.03068640 -0.00000159 -0.00000008 40.62590000 -0.97120000 -9 -9 2.74500000 -27.89160000 250 0.02881790 11.02400000 0.09200000 54416.90000000 0.82290000 19 15.89150000 0.66450000 0.19330000 0.01050000 -0.18140000 0.00500000 1.00000000 0.00600000
17884 1 0.23789000 0.00103000 0.23776000 0.00002000 0.23893000 0.00002000 20.97870000 0.17014300 40.23170000 0.17227200 -9.00000000 0 0 -0.12360700 0.03695200 0.70090000 0.28536000 20.60000000 0.04200540 0.00010328 0.00000400 0.00104276 -0.00000059 -0.00000009 27.59980000 1.17210000 -9 -9 2.09100000 -33.09140000 250 0.01933140 10.45300000 0.08300000 54369.00000000 0.27500000 46 30.23060000 0.96484000 0.10890000 0.01040000 0.05450000 0.00300000 1.00000000 0.00100000
470008 15 0.23950000 0.01005000 0.23954000 0.01000000 0.24000000 0.01000000 20.65290000 0.20665300 39.90590000 0.20840900 -9.00000000 0 0 -0.03649100 0.03819800 0.82356000 0.36460000 20.43700000 0.04782500 0.00012000 0.00000529 0.00572935 -0.00000099 -0.00000018 53.08280000 -29.01380000 -999 -999 19.99630000 7.31280000 250 0.00745733 10.38690000 0.10000000 56298.60000000 0.34810000 6 4.62306000 0.59298000 0.08010000 0.10090000 -0.03390000 0.00100000 1.00000000 0.00400000
18486 1 0.23981000 0.00120000 0.23971000 0.00060000 0.24030000 0.00060000 20.87700000 0.17875800 40.13000000 0.18078600 -9.00000000 0 0 -0.10126500 0.03584100 1.07573000 0.26743000 20.52270000 0.05440120 0.00011090 0.00000556 0.00061353 -0.00000036 -0.00000013 55.18000000 1.00310000 -9 -9 -9.00000000 -24.69910000 250 0.08222710 7.00000000 -9.00000000 54390.00000000 0.28890000 43 29.83550000 0.93619000 0.09840000 0.01200000 0.06510000 0.00600000 1.00000000 0.00400000
510251 15 0.24020000 0.01005000 0.24004000 0.01000000 0.24000000 0.01000000 21.13170000 0.26284300 40.38470000 0.26422600 -9.00000000 0 0 0.08474300 0.03095400 0.02894000 0.30470000 21.35240000 0.03657840 0.00005165 0.00000174 0.00026420 -0.00000015 -0.00000004 244.49400000 55.74280000 -999 -999 17.42110000 -37.84450000 250 0.00666885 11.50000000 0.13300000 56424.50000000 0.31350000 49 31.64270000 0.97429000 0.09000000 0.10060000 -0.08950000 0.00300000 1.00000000 0.01400000
580300 15 0.24085000 0.00144000 0.24072000 0.00100000 0.24000000 0.00100000 21.14860000 0.16453500 40.40160000 0.16673600 -9.00000000 0 0 -0.06721100 0.04031600 -0.58943900 0.31640000 21.08690000 0.05831270 0.00006595 0.00000354 0.00616565 -0.00000063 -0.00000013 130.33400000 44.78770000 -999 -999 21.07650000 -30.11830000 250 0.01874550 9.47700000 0.58500000 56653.60000000 0.34090000 25 25.16140000 0.45336000 0.07430000 0.01440000 0.00680000 0.00200000 1.00000000 0.00700000
510550 15 0.24122000 0.00144000 0.24106000 0.00100000 0.24100000 0.00100000 21.07610000 0.12783400 40.32910000 0.13065400 -9.00000000 0 0 -0.08049500 0.02702800 0.47987000 0.16139000 20.80400000 0.03692720 0.00008558 0.00000291 0.00062397 -0.00000021 -0.00000006 243.27500000 55.61170000 -999 -999 19.06370000 -37.27840000 250 0.00625958 10.65660000 0.10000000 56438.20000000 0.15260000 54 38.57970000 0.94394000 0.06550000 0.01440000 -0.00480000 0.00100000 1.00000000 0.00300000
460064 15 0.24151000 0.00144000 0.24153000 0.00100000 0.24200000 0.00100000 20.86840000 0.18214600 40.12140000 0.18413600 -9.00000000 0 0 -0.07170200 0.02810500 0.82937000 0.27910000 20.59630000 0.03237070 0.00010362 0.00000309 -0.00144821 -0.00000022 -0.00000006 53.77420000 -26.76490000 -999 -999 21.40550000 5.02100000 250 0.00906252 9.38100000 0.55000000 56272.30000000 0.43280000 18 16.34390000 0.56856000 0.09270000 0.01430000 0.01960000 0.00200000 1.00000000 0.00700000
17223 1 0.24164000 0.00115000 0.24151000 0.00050000 0.24270000 0.00050000 20.91900000 0.26027800 40.17200000 0.26167500 -9.00000000 0 0 -0.08066400 0.04317200 1.05435000 0.69431000 20.61400000 0.05174720 0.00010196 0.00000486 -0.00145703 -0.00000043 -0.00000010 26.36140000 -0.01940000 -9 -9 -9.00000000 -31.64530000 250 0.02544440 7.00000000 -9.00000000 54347.10000000 0.03500000 30 26.50690000 0.64903000 0.16600000 0.01140000 0.04750000 0.00500000 1.00000000 0.00400000
14481 1 0.24220000 0.00104000 0.24207000 0.00002000 0.24354000 0.00002000 21.31100000 0.21970300 40.56400000 0.22135600 -9.00000000 0 0 -0.15368400 0.05087600 -1.04131000 0.39678000 21.12080000 0.06232830 0.00006392 0.00000367 0.00549552 -0.00000098 -0.00000010 2.68170000 0.20130000 -9 -9 2.15400000 -32.65340000 250 0.02838990 11.21500000 0.11200000 54020.00000000 0.31980000 55 49.51410000 0.68345000 0.14590000 0.01030000 0.07900000 0.00500000 1.00000000 0.00100000
20111 1 0.24280000 0.00104000 0.24267000 0.00006000 0.24419000 0.00006000 21.16870000 0.21819400 40.42170000 0.21985800 -9.00000000 0 0 0.01558200 0.04507600 -0.02506600 0.61626000 21.16280000 0.04965850 0.00006150 0.00000281 0.00688782 -0.00000082 -0.00000008 354.39400000 0.24810000 -9 -9 2.61900000 -31.56670000 250 0.03335580 10.93400000 0.11900000 54410.00000000 0.50930000 24 22.32910000 0.55963000 0.14120000 0.01030000 -0.11020000 0.00300000 1.00000000 0.00300000
480064 15 0.24284000 0.00144000 0.24271000 0.00100000 0.24200000 0.00100000 21.32040000 0.25770900 40.57340000 0.25911900 -9.00000000 0 0 0.07357100 0.02919600 0.48439000 0.24562000 21.56680000 0.04115600 0.00004239 0.00000161 0.00125046 -0.00000013 -0.00000004 128.79600000 44.44820000 -999 -999 22.22290000 -30.13470000 250 0.02500720 8.86700000 0.46200000 56325.30000000 0.24400000 40 42.02660000 0.38316000 0.07020000 0.01430000 0.03790000 0.00400000 1.00000000 0.02500000
20088 1 0.24329000 0.00104000 0.24316000 0.00003000 0.24453000 0.00003000 20.99860000 0.14054400 40.25160000 0.14311400 -9.00000000 0 0 -0.15933100 0.03177700 -0.21051800 0.21212000 20.67250000 0.03308450 0.00009660 0.00000294 0.00048690 -0.00000012 -0.00000007 13.20520000 0.63150000 -9 -9 0.47900000 -33.22580000 250 0.02117890 11.38300000 0.09800000 54407.80000000 0.22710000 60 77.85340000 0.06045360 0.08490000 0.01030000 0.08310000 0.00400000 1.00000000 0.00100000
13506 1 0.24354000 0.00104000 0.24341000 0.00002000 0.24462000 0.00002000 21.28500000 0.30512600 40.53800000 0.30631800 -9.00000000 0 0 0.14006000 0.04701700 -0.15206600 0.65956000 21.55180000 0.05887210 0.00004298 0.00000233 0.00322972 -0.00000079 -0.00000003 25.24330000 -0.72780000 -9 -9 2.46200000 -30.85250000 250 0.02726010 10.19000000 0.08100000 54000.60000000 0.55170000 50 56.58220000 0.24278000 0.17840000 0.01030000 -0.24110000 0.00700000 1.00000000 0.00700000
19023 1 0.24410000 0.00511000 0.24405000 0.00500000 0.24520000 0.00500000 21.04260000 0.24130800 40.29560000 0.24281400 -9.00000000 0 0 -0.12542000 0.04178100 1.61576000 0.50206000 20.60650000 0.07497910 0.00010266 0.00000709 0.00178760 -0.00000085 -0.00000019 307.11700000 0.00620000 -9 -9 -9.00000000 -14.36200000 250 0.12503000 7.00000000 -9.00000000 54389.20000000 0.56910000 35 19.98870000 0.98033000 0.12930000 0.05040000 0.13770000 0.01100000 1.00000000 0.00300000
15466 1 0.24444000 0.00104000 0.24436000 0.00005000 0.24567000 0.00005000 20.95340000 0.22005300 40.20640000 0.22170400 -9.00000000 0 0 0.03602700 0.04971000 -1.06261000 0.41476000 21.11760000 0.07343160 0.00006412 0.00000434 0.00348337 -0.00000064 -0.00000013 317.64500000 -0.12320000 -9 -9 2.39700000 -19.29180000 250 0.10123000 10.62200000 0.07300000 54036.60000000 0.36700000 38 25.64210000 0.93703000 0.13920000 0.01020000 -0.15640000 0.00400000 1.00000000 0.00300000
3377 1 0.24459000 0.00115000 0.24449000 0.00050000 0.24510000 0.00050000 20.87330000 0.18417500 40.12630000 0.18614400 -9.00000000 0 0 -0.07683200 0.03739400 1.04470000 0.31262000 20.57870000 0.05823520 0.00010532 0.00000565 0.00061568 -0.00000051 -0.00000013 54.15620000 1.07920000 -9 -9 1.22300000 -24.77390000 250 0.08801900 9.66600000 0.19400000 53645.90000000 0.33530000 50 31.25980000 0.98253000 0.10710000 0.01130000 0.04470000 0.00500000 1.00000000 0.00400000
000174 15 0.24511000 0.00144000 0.24497000 0.00100000 0.24430000 0.00100000 21.08060000 0.20779600 40.33360000 0.20954300 -9.00000000 0 0 0.08696000 0.03085100 -0.73150800 0.21605000 21.41450000 0.03600110 0.00004878 0.00000162 0.00130749 -0.00000012 -0.00000004 162.02900000 56.85020000 -999 -999 19.67410000 -33.17730000 250 0.00653612 10.53200000 0.10000000 55216.80000000 0.21140000 51 52.33470000 0.42194000 0.07690000 0.01410000 -0.09540000 0.00300000 1.00000000 0.01400000
420407 15 0.24523000 0.00144000 0.24512000 0.00100000 0.24660000 0.00100000 21.24270000 0.17962500 40.49570000 0.18164300 -9.00000000 0 0 -0.03666100 0.03939700 -0.29518600 0.25719000 21.18840000 0.06404820 0.00006007 0.00000354 -0.00086211 -0.00000030 -0.00000010 333.94900000 -0.31550000 -999 -999 19.62500000 -25.58140000 250 0.07308750 10.50400000 0.15800000 56174.40000000 0.30180000 31 24.23360000 0.80090000 0.10720000 0.01410000 -0.03690000 0.00100000 1.00000000 0.00400000
20039 1 0.24553000 0.00104000 0.24539000 0.00006000 0.24681000 0.00006000 21.10520000 0.21780100 40.35820000 0.21946800 -9.00000000 0 0 0.06307200 0.04356500 0.79173000 0.49675000 21.12100000 0.04664700 0.00006392 0.00000275 0.00320061 -0.00000039 -0.00000007 9.87860000 1.02430000 -9 -9 3.70700000 -33.40010000 250 0.01732960 11.42800000 0.13300000 54408.10000000 0.51670000 23 20.92300000 0.58579000 0.13370000 0.01020000 -0.11490000 0.00400000 1.00000000 0.00400000
000010 15 0.24585000 0.00144000 0.24594000 0.00100000 0.24450000 0.00100000 21.17880000 0.16516700 40.43180000 0.16735900 -9.00000000 0 0 0.01328700 0.02931600 0.29723000 0.28779000 21.16280000 0.03648860 0.00006150 0.00000207 0.00243256 -0.00000023 -0.00000005 149.74900000 3.15750000 -999 -999 18.42020000 21.08600000 250 0.01927820 10.78600000 0.22500000 55215.30000000 0.29930000 33 26.45950000 0.78284000 0.07390000 0.01410000 -0.06560000 0.00200000 1.00000000 0.00700000
13835 1 0.24617000 0.00104000 0.24604000 0.00001000 0.24749000 0.00001000 21.09430000 0.14695600 40.34730000 0.14941600 -9.00000000 0 0 -0.07760800 0.03506700 0.63307000 0.25333000 20.81560000 0.03737720 0.00008468 0.00000292 0.00121800 -0.00000026 -0.00000007 6.05960000 -0.24830000 -9 -9 3.75600000 -31.94540000 250 0.02160600 10.50700000 0.06000000 54011.40000000 0.27330000 51 37.49260000 0.92078000 0.09540000 0.01020000 0.00230000 0.00200000 1.00000000 0.00100000
15219 1 0.24650000 0.00104000 0.24637000 0.00002000 0.24742000 0.00002000 21.12500000 0.16921000 40.37800000 0.17135000 -9.00000000 0 0 -0.15285000 0.03613400 -0.14457400 0.38619000 20.80270000 0.03957110 0.00008568 0.00000312 0.00176936 -0.00000041 -0.00000007 34.61110000 0.22670000 -9 -9 2.41800000 -29.77310000 250 0.03141900 11.08100000 0.07800000 54030.90000000 0.34090000 34 27.01670000 0.79688000 0.10890000 0.01020000 0.07670000 0.00400000 1.00000000 0.00100000
12977 1 0.24656000 0.00104000 0.24643000 0.00001000 0.24780000 0.00001000 21.02990000 0.21303500 40.28290000 0.21473900 -9.00000000 0 0 -0.04910600 0.03888000 0.05232300 0.50515000 20.89260000 0.03976640 0.00007888 0.00000289 -0.00098633 -0.00000023 -0.00000007 13.69560000 -0.25090000 -9 -9 0.54300000 -31.96650000 250 0.02137120 9.61400000 0.09500000 53994.90000000 0.82550000 41 22.78660000 0.99051000 0.13210000 0.01020000 -0.03020000 0.00500000 1.00000000 0.00400000
05D3mq 4 0.24660000 0.00144000 0.24649000 0.00100000 0.24600000 0.00100000 21.13770000 0.15278200 40.39070000 0.15515000 -9.00000000 0 0 -0.00967200 0.02557600 -0.70326300 0.16543000 21.23250000 0.02888410 0.00005768 0.00000153 0.00057322 -0.00000008 -0.00000003 214.75200000 52.38510000 -999 -999 -9.00000000 -27.81540000 250 0.00861141 10.72300000 0.07650000 53575.80000000 0.15150000 8 6.47969000 0.59366000 0.06320000 0.01410000 -0.03150000 0.01300000 1.00000000 0.00700000
1334645 10 0.24711000 0.00115000 0.24701000 0.00050000 0.24800000 0.00050000 20.94530000 0.13475500 40.19830000 0.13743400 -9.00000000 0 0 -0.07693000 0.02852600 -0.86326800 0.17486000 20.89060000 0.03529190 0.00007903 0.00000257 0.00042416 -0.00000012 -0.00000006 36.37960000 -5.87900000 -999 -999 2.30000000 -23.01080000 250 0.02430960 10.45300000 0.13200000 57335.60000000 0.16520000 33 15.58710000 0.99564000 0.07130000 0.01120000 0.00340000 0.00200000 1.00000000 0.00300000
3451 1 0.24846000 0.00104000 0.24835000 0.00004000 0.24984000 0.00004000 20.95000000 0.17510100 40.20300000 0.17717000 -9.00000000 0 0 -0.05270000 0.03874000 0.69046000 0.32834000 20.71260000 0.04781760 0.00009311 0.00000410 0.00075858 -0.00000056 -0.00000009 334.06900000 0.70810000 -9 -9 2.66100000 -26.37380000 250 0.04828420 10.83900000 0.11500000 53645.10000000 0.32240000 43 32.13190000 0.88778000 0.11660000 0.01010000 -0.02500000 0.00200000 1.00000000 0.00100000
420087 15 0.24860000 0.01005000 0.24848000 0.01000000 0.25000000 0.01000000 21.23820000 0.21423400 40.49120000 0.21592900 -9.00000000 0 0 -0.18462300 0.04331400 0.54441000 0.41186000 20.74060000 0.06855310 0.00009073 0.00000573 0.00801823 -0.00000077 -0.00000023 352.76700000 0.10620000 -999 -999 -9.00000000 -30.53510000 250 0.04082500 7.00000000 99.00000000 56135.20000000 0.77650000 22 21.62930000 0.54271000 0.07240000 0.09750000 0.10120000 0.00600000 1.00000000 0.00500000
450082 15 0.24861000 0.01005000 0.24848000 0.01000000 0.25000000 0.01000000 21.17460000 0.19376200 40.42760000 0.19563400 -9.00000000 0 0 -0.07035700 0.02838900 -0.06948200 0.32012000 21.00200000 0.03941320 0.00007132 0.00000259 0.00226105 -0.00000018 -0.00000005 353.35600000 0.31050000 -999 -999 20.31950000 -30.84060000 250 0.02957800 10.29200000 0.08200000 56246.90000000 0.32310000 24 39.26550000 0.02560730 0.07230000 0.09750000 -0.01770000 0.00100000 1.00000000 0.00300000
560152 15 0.24862000 0.01005000 0.24851000 0.01000000 0.25000000 0.01000000 21.11270000 0.26016600 40.36570000 0.26156400 -9.00000000 0 0 -0.09118900 0.03583400 -0.10983600 0.81356000 20.90320000 0.05099960 0.00007811 0.00000367 0.00424725 -0.00000049 -0.00000009 334.80000000 1.16020000 -999 -999 -9.00000000 -27.02030000 250 0.06939620 11.41600000 0.05600000 56598.30000000 0.68270000 17 7.41942000 0.97744000 0.14140000 0.09750000 0.00390000 0.00100000 1.00000000 0.00300000
15161 1 0.24865000 0.00104000 0.24853000 0.00004000 0.24956000 0.00004000 21.07260000 0.17626900 40.32560000 0.17832500 -9.00000000 0 0 -0.05098000 0.04188100 -0.24265300 0.32146000 20.95110000 0.04684400 0.00007474 0.00000322 0.00178674 -0.00000027 -0.00000008 35.84290000 0.81900000 -9 -9 1.15700000 -29.86940000 250 0.02991760 11.06500000 0.06800000 54025.30000000 0.37220000 41 44.33440000 0.33290000 0.11710000 0.01010000 -0.05210000 0.00200000 1.00000000 0.00100000
19990 1 0.24896000 0.00104000 0.24883000 0.00006000 0.24988000 0.00006000 21.17400000 0.17858900 40.42700000 0.18061900 -9.00000000 0 0 -0.09096500 0.04554500 -1.31072000 0.33362000 21.12760000 0.05084050 0.00006353 0.00000297 0.00500858 -0.00000060 -0.00000009 34.80640000 -0.38480000 -9 -9 1.63300000 -28.90420000 250 0.03009860 10.62800000 0.15400000 54403.30000000 0.31150000 41 24.69150000 0.97937000 0.11760000 0.01010000 -0.01090000 0.00300000 1.00000000 0.00100000
120585 15 0.24909000 0.00144000 0.24899000 0.00100000 0.25000000 0.00100000 21.06370000 0.16516600 40.31670000 0.16735800 -9.00000000 0 0 -0.15537900 0.02861800 0.22308000 0.30908000 20.67490000 0.03978630 0.00009640 0.00000353 0.00145350 -0.00000035 -0.00000008 35.77350000 -3.61030000 -999 -999 23.75590000 -25.34740000 250 0.02378770 9.36300000 0.27400000 55583.60000000 0.37760000 11 13.31850000 0.27302000 0.07860000 0.01390000 0.07210000 0.00300000 1.00000000 0.00500000
3199 1 0.24972000 0.00116000 0.24961000 0.00050000 0.25110000 0.00050000 21.42030000 0.21894800 40.67330000 0.22060600 -9.00000000 0 0 0.01185300 0.04012400 1.65143000 0.38018000 21.29610000 0.04895710 0.00005439 0.00000245 0.00201029 -0.00000053 -0.00000006 333.29300000 1.05050000 -9 -9 -9.00000000 -26.31180000 250 0.03014660 7.00000000 -9.00000000 53647.30000000 0.38410000 85 66.09930000 0.93592000 0.12210000 0.01120000 0.03040000 0.01100000 1.00000000 0.00600000
16106 1 0.24983000 0.00116000 0.24973000 0.00050000 0.25120000 0.00050000 21.04310000 0.20502600 40.29610000 0.20679600 -9.00000000 0 0 -0.14087900 0.05047200 -0.55748700 0.39614000 20.80440000 0.06714440 0.00008555 0.00000529 0.00590634 -0.00000103 -0.00000016 332.08900000 -1.14880000 -9 -9 2.67500000 -23.69970000 250 0.08103260 11.03500000 0.10800000 54045.50000000 0.32380000 37 48.89750000 0.09121310 0.13690000 0.01120000 0.06230000 0.00400000 1.00000000 0.00100000
15868 1 0.24986000 0.00104000 0.24974000 0.00002000 0.25072000 0.00002000 21.13850000 0.16147300 40.39150000 0.16371400 -9.00000000 0 0 -0.15065200 0.03753200 0.32497000 0.26818000 20.75680000 0.04156290 0.00008939 0.00000342 0.00190418 -0.00000044 -0.00000008 38.09980000 -0.71360000 -9 -9 2.72100000 -27.68080000 250 0.02442640 10.38700000 0.09400000 54044.30000000 0.22280000 38 24.91270000 0.94954000 0.10340000 0.01000000 0.07970000 0.00300000 1.00000000 0.00100000
520077 15 0.25019000 0.01005000 0.25004000 0.01000000 0.25000000 0.01000000 21.34350000 0.22286500 40.59650000 0.22449500 -9.00000000 0 0 -0.11908700 0.04014600 -1.63203000 0.38807000 21.29790000 0.04729970 0.00005430 0.00000237 0.00349655 -0.00000037 -0.00000007 244.66300000 55.68420000 -999 -999 18.01480000 -36.56380000 250 0.00642561 11.39310000 0.10000000 56448.60000000 0.47940000 32 20.81680000 0.93560000 0.10770000 0.09690000 0.02950000 0.00200000 1.00000000 0.00300000
390449 15 0.25022000 0.01005000 0.25008000 0.01000000 0.25000000 0.01000000 21.12340000 0.21654200 40.37640000 0.21821800 -9.00000000 0 0 -0.02834900 0.02645300 -0.08503500 0.21539000 21.10050000 0.03508230 0.00006513 0.00000210 0.00201033 -0.00000021 -0.00000005 242.95100000 54.45580000 -999 -999 -9.00000000 -35.08990000 250 0.00571723 7.00000000 -9.00000000 56069.90000000 0.18850000 27 23.88900000 0.63646000 0.05830000 0.09690000 -0.00010000 0.00200000 1.00000000 0.00900000
13689 1 0.25043000 0.00104000 0.25030000 0.00001000 0.25177000 0.00001000 21.16150000 0.17757500 40.41450000 0.17961600 -9.00000000 0 0 -0.14885600 0.03792600 1.16931000 0.38939000 20.70890000 0.04325490 0.00009342 0.00000372 0.00180003 -0.00000060 -0.00000009 4.01610000 0.80760000 -9 -9 4.29000000 -32.42720000 250 0.02216900 10.45000000 0.07000000 54000.10000000 0.49080000 42 26.43350000 0.97093000 0.11460000 0.01000000 0.12780000 0.00500000 1.00000000 0.00000000
5717 1 0.25051000 0.00116000 0.25037000 0.00050000 0.25170000 0.00050000 21.31620000 0.18678300 40.56920000 0.18872500 -9.00000000 0 0 -0.04345700 0.03939800 1.28131000 0.43529000 21.08080000 0.04600380 0.00006633 0.00000281 0.00482060 -0.00000068 -0.00000008 17.89600000 -0.00590000 -9 -9 0.25200000 -31.61710000 250 0.02373370 9.43100000 0.11600000 53664.10000000 0.40800000 34 17.16250000 0.99278000 0.11120000 0.01120000 0.03560000 0.00600000 1.00000000 0.00300000
500004 15 0.25063000 0.00144000 0.25052000 0.00100000 0.25000000 0.00100000 21.04790000 0.18633100 40.30090000 0.18827700 -9.00000000 0 0 -0.10435400 0.04210100 0.60718000 0.35895000 20.72480000 0.06712620 0.00009206 0.00000569 0.00543818 -0.00000128 -0.00000019 213.02300000 51.67390000 -999 -999 21.64600000 -26.51640000 250 0.01431160 9.15500000 0.29600000 56374.00000000 0.48460000 26 26.50830000 0.43546000 0.10040000 0.01390000 0.03680000 0.00200000 1.00000000 0.00600000
16213 1 0.25090000 0.00511000 0.25077000 0.00500000 0.25220000 0.00500000 21.13430000 0.20079700 40.38730000 0.20260400 -9.00000000 0 0 -0.09928300 0.03878200 0.28207000 0.44257000 20.87040000 0.04060230 0.00008051 0.00000301 0.00408749 -0.00000060 -0.00000008 8.97110000 0.25840000 -9 -9 -9.00000000 -32.03880000 250 0.02146050 7.00000000 -9.00000000 54053.60000000 0.42570000 26 13.59670000 0.97794000 0.11310000 0.04920000 0.03230000 0.00500000 1.00000000 0.00300000
17552 1 0.25199000 0.00104000 0.25191000 0.00004000 0.25329000 0.00004000 21.21680000 0.20558200 40.46980000 0.20734700 -9.00000000 0 0 0.00090500 0.04325200 1.31187000 0.42257000 21.06320000 0.04934910 0.00006741 0.00000306 0.00045470 -0.00000047 -0.00000008 322.32100000 -1.00320000 -9 -9 2.86000000 -19.94760000 250 0.04557670 10.69300000 0.10400000 54357.40000000 0.51700000 44 40.12140000 0.63855000 0.13630000 0.01000000 -0.01520000 0.00300000 1.00000000 0.00100000
310161 15 0.25260000 0.00145000 0.25247000 0.00100000 0.25400000 0.00100000 21.20920000 0.16429300 40.46220000 0.16649700 -9.00000000 0 0 -0.03772500 0.02729900 0.13554000 0.17708000 21.13000000 0.03784420 0.00006339 0.00000221 0.00071919 -0.00000013 -0.00000005 352.96600000 -0.66040000 -999 -999 20.72000000 -29.43200000 250 0.02758230 9.57700000 0.34800000 55839.20000000 0.16400000 49 55.27410000 0.24974000 0.06540000 0.01390000 0.00510000 0.00200000 1.00000000 0.00800000
9032 1 0.25260000 0.00116000 0.25249000 0.00050000 0.25400000 0.00050000 21.15360000 0.25773900 40.40660000 0.25914900 -9.00000000 0 0 0.02319300 0.05296200 0.87784000 0.62191000 21.11180000 0.07320550 0.00006446 0.00000435 0.01004740 -0.00000169 -0.00000014 337.88500000 -0.49360000 -9 -9 0.77100000 -26.02100000 250 0.05328710 9.25200000 0.14900000 53688.90000000 0.51170000 20 8.68391000 0.98629000 0.15960000 0.01110000 -0.03650000 0.00800000 1.00000000 0.00600000
000034 15 0.25330000 0.00145000 0.25319000 0.00100000 0.25420000 0.00100000 21.11580000 0.15471100 40.36880000 0.15705000 -9.00000000 0 0 -0.11966600 0.02581300 1.00288000 0.37069000 20.70790000 0.03320410 0.00009350 0.00000286 0.00264972 -0.00000034 -0.00000006 36.06640000 -3.18650000 -999 -999 22.78050000 -25.39840000 250 0.02389550 8.93800000 0.66900000 55208.10000000 0.29750000 12 21.28390000 0.04637520 0.07150000 0.01380000 0.05770000 0.00200000 1.00000000 0.00600000
17464 1 0.25358000 0.00116000 0.25345000 0.00050000 0.25490000 0.00050000 20.77730000 0.26143200 40.03030000 0.26282200 -9.00000000 0 0 0.04659100 0.04166500 0.20597000 0.62314000 20.83850000 0.04261540 0.00008291 0.00000325 -0.00444290 -0.00000006 -0.00000009 6.64080000 0.04200000 -9 -9 0.26700000 -31.47430000 250 0.02023250 9.28500000 0.14200000 54358.60000000 1.30280000 31 16.44000000 0.98500000 0.15630000 0.01110000 -0.10490000 0.00900000 1.00000000 0.00700000
5736 1 0.25407000 0.00511000 0.25394000 0.00500000 0.25520000 0.00500000 21.20160000 0.16557500 40.45460000 0.16776200 -9.00000000 0 0 -0.00958000 0.03625900 -0.18853000 0.31690000 21.15520000 0.04317450 0.00006193 0.00000246 0.00230249 -0.00000030 -0.00000006 22.86270000 -0.63160000 -9 -9 4.38300000 -30.16400000 250 0.03251150 10.47400000 0.17900000 53665.80000000 0.29010000 73 54.04750000 0.95283000 0.09750000 0.04860000 -0.09700000 0.00200000 1.00000000 0.00100000
1336480 10 0.25616000 0.00116000 0.25605000 0.00050000 0.25695000 0.00050000 21.39280000 0.19228900 40.64580000 0.19417600 -9.00000000 0 0 -0.00979800 0.03723900 -0.14204100 0.30306000 21.38640000 0.04517120 0.00005006 0.00000208 0.00057325 -0.00000026 -0.00000005 41.72460000 -1.16460000 -999 -999 1.20000000 -25.70230000 250 0.02996530 10.47600000 0.51750000 57350.60000000 0.31420000 19 14.70750000 0.74100000 0.10770000 0.01090000 -0.04950000 0.00200000 1.00000000 0.00600000
1112 1 0.25620000 0.00105000 0.25609000 0.00003000 0.25761000 0.00003000 21.30630000 0.27033000 40.55930000 0.27167500 -9.00000000 0 0 -0.01790600 0.05341900 -0.60814500 0.72044000 21.29460000 0.06627660 0.00005447 0.00000333 0.00613664 -0.00000131 -0.00000009 339.01800000 -0.37520000 -9 -9 2.90400000 -26.15270000 250 0.04477540 11.35100000 0.05900000 53630.10000000 0.70070000 43 26.78040000 0.97504000 0.18490000 0.00990000 -0.09850000 0.00300000 1.00000000 0.00100000
17340 1 0.25637000 0.00105000 0.25625000 0.00003000 0.25717000 0.00003000 21.11990000 0.20554600 40.37290000 0.20731200 -9.00000000 0 0 -0.00345900 0.04343500 -0.04538300 0.44798000 21.06650000 0.05228090 0.00006720 0.00000324 0.00217175 -0.00000082 -0.00000008 41.21210000 0.36480000 -9 -9 4.96200000 -27.34530000 250 0.02689170 11.44300000 0.10500000 54356.40000000 0.40430000 38 15.89370000 0.99940000 0.13830000 0.00990000 -0.10180000 0.00300000 1.00000000 0.00100000
9457 1 0.25683000 0.00105000 0.25672000 0.00004000 0.25823000 0.00004000 21.24930000 0.25028700 40.50230000 0.25173900 -9.00000000 0 0 -0.01689600 0.06100500 -0.33417800 0.60312000 21.20490000 0.08182760 0.00005916 0.00000446 0.01038710 -0.00000132 -0.00000017 335.81400000 0.25300000 -9 -9 2.57500000 -25.75860000 250 0.07018090 11.12900000 0.13400000 53688.80000000 0.53870000 25 9.06489000 0.99851000 0.17080000 0.00990000 -0.09390000 0.00300000 1.00000000 0.00100000
19207 1 0.25731000 0.00116000 0.25721000 0.00050000 0.25870000 0.00050000 21.32460000 0.24849900 40.57760000 0.24996200 -9.00000000 0 0 0.01369500 0.05323400 0.49449000 0.59402000 21.24810000 0.06994730 0.00005685 0.00000366 0.00148129 -0.00000061 -0.00000011 333.46400000 -0.92030000 -9 -9 2.92800000 -23.81020000 250 0.08416500 10.62600000 0.06600000 54382.80000000 0.82690000 44 40.10730000 0.63915000 0.16850000 0.01090000 -0.09830000 0.00300000 1.00000000 0.00100000
18325 1 0.25736000 0.00105000 0.25723000 0.00003000 0.25866000 0.00003000 21.24110000 0.19171400 40.49410000 0.19360600 -9.00000000 0 0 -0.05833900 0.04463100 0.40554000 0.38149000 21.02160000 0.05391520 0.00007004 0.00000348 0.00332940 -0.00000081 -0.00000009 8.90570000 0.37000000 -9 -9 4.48900000 -31.47940000 250 0.02134930 11.50000000 0.13800000 54378.70000000 0.43830000 38 34.61580000 0.62673000 0.13200000 0.00990000 -0.03170000 0.00200000 0.98800000 0.00000000
8046 1 0.25772000 0.00105000 0.25760000 0.00003000 0.25857000 0.00003000 21.35580000 0.22368700 40.60880000 0.22531000 -9.00000000 0 0 0.04248800 0.04749600 0.26195000 0.49235000 21.36580000 0.05212210 0.00005101 0.00000245 0.00398901 -0.00000056 -0.00000006 39.11680000 0.51130000 -9 -9 3.88300000 -27.90040000 250 0.02508330 11.33500000 0.08200000 53683.30000000 0.47830000 34 13.31380000 0.99944000 0.14830000 0.00990000 -0.13510000 0.00300000 1.00000000 0.00200000
6108 1 0.25813000 0.00116000 0.25800000 0.00050000 0.25950000 0.00050000 21.27500000 0.22963200 40.52800000 0.23121400 -9.00000000 0 0 0.03809400 0.04455600 0.45804000 0.65144000 21.29500000 0.05471900 0.00005445 0.00000274 0.00781766 -0.00000066 -0.00000008 1.80660000 0.34900000 -9 -9 0.48300000 -31.03020000 250 0.06627220 9.32300000 0.11900000 53675.10000000 0.62860000 30 16.44870000 0.97862000 0.13690000 0.01090000 -0.08260000 0.00800000 1.00000000 0.00600000
550041 15 0.25859000 0.01005000 0.25847000 0.01000000 0.26000000 0.01000000 21.21330000 0.20753200 40.46630000 0.20928100 -9.00000000 0 0 -0.19232900 0.04268900 0.79943000 0.25127000 20.67080000 0.06600230 0.00009676 0.00000588 0.00522694 -0.00000085 -0.00000025 352.54000000 -0.86640000 -999 -999 25.03400000 -28.59960000 250 0.03059000 7.40000000 0.10000000 56558.90000000 0.29950000 29 26.73520000 0.58599000 0.07120000 0.09410000 0.11770000 0.00600000 1.00000000 0.00400000
1297026 10 0.25865000 0.00116000 0.25855000 0.00050000 0.25956000 0.00050000 21.25700000 0.14733100 40.51000000 0.14978500 -9.00000000 0 0 -0.04787200 0.03120300 -0.71792100 0.20545000 21.24550000 0.03581130 0.00005699 0.00000188 0.00063230 -0.00000009 -0.00000004 35.82100000 -5.18210000 -999 -999 0.21000000 -23.01120000 250 0.02098000 10.60700000 0.16300000 56928.80000000 0.27040000 34 7.48554000 1.00000000 0.08050000 0.01090000 -0.02170000 0.00200000 1.00000000 0.00400000
1303883 10 0.25904000 0.00511000 0.25911000 0.00500000 0.26000000 0.00500000 21.28880000 0.16145700 40.54180000 0.16369900 -9.00000000 0 0 -0.05313800 0.03113200 0.60890000 0.21484000 21.06610000 0.03691370 0.00006723 0.00000229 0.00100908 -0.00000022 -0.00000005 8.86330000 -44.91710000 -999 -999 2.12000000 17.27890000 250 0.01001050 10.89400000 0.01400000 57286.30000000 0.20030000 44 30.17890000 0.94417000 0.08090000 0.04770000 -0.02090000 0.00100000 1.00000000 0.00400000
1289664 10 0.25919000 0.00511000 0.25908000 0.00500000 0.26000000 0.00500000 21.03490000 0.17655100 40.28790000 0.17860300 -9.00000000 0 0 -0.06094100 0.02833500 -1.03114000 0.17928000 21.06190000 0.03527160 0.00006749 0.00000219 0.00011213 -0.00000006 -0.00000005 40.89680000 -1.12990000 -999 -999 -9.00000000 -25.74090000 250 0.02813680 7.00000000 2.00000000 57278.90000000 0.26490000 38 43.53760000 0.24749000 0.07150000 0.04770000 0.01090000 0.00500000 1.00000000 0.00700000
1335694 10 0.25923000 0.00511000 0.25912000 0.00500000 0.26000000 0.00500000 21.17250000 0.16069000 40.42550000 0.16294300 -9.00000000 0 0 -0.03452100 0.03166700 0.99679000 0.22520000 20.94470000 0.04255400 0.00007518 0.00000295 0.00110485 -0.00000023 -0.00000007 42.84500000 -0.64850000 -999 -999 -9.00000000 -25.62580000 250 0.04520410 10.96900000 1.11100000 57347.80000000 0.20040000 21 17.37770000 0.68797000 0.07860000 0.04770000 -0.02640000 0.00100000 1.00000000 0.00400000
12972 1 0.25948000 0.00116000 0.25935000 0.00050000 0.26080000 0.00050000 21.27080000 0.23227700 40.52380000 0.23384100 -9.00000000 0 0 -0.08103700 0.04935100 0.17528000 0.70250000 21.05180000 0.06470720 0.00006812 0.00000406 0.01458710 -0.00000213 -0.00000013 7.95860000 -0.38300000 -9 -9 0.35400000 -30.51180000 250 0.01758270 9.17700000 0.11400000 53981.00000000 0.69590000 38 14.50620000 0.99980000 0.15010000 0.01080000 0.00500000 0.00500000 1.00000000 0.00200000
1330426 10 0.25952000 0.00511000 0.25954000 0.00500000 0.26000000 0.00500000 21.18900000 0.16781900 40.44200000 0.16997700 -9.00000000 0 0 -0.10394600 0.02612500 1.27608000 0.11907000 20.78370000 0.03007590 0.00008720 0.00000242 -0.00009646 -0.00000005 -0.00000005 53.97040000 -28.69240000 -999 -999 -9.00000000 6.79710000 250 0.00852790 7.00000000 2.00000000 57315.80000000 0.16300000 41 29.98130000 0.89821000 0.06610000 0.04770000 0.05190000 0.00300000 1.00000000 0.00600000
020176 15 0.26062000 0.00145000 0.26051000 0.00100000 0.26000000 0.00100000 21.25030000 0.16914700 40.50330000 0.17128800 -9.00000000 0 0 -0.08882100 0.02703400 0.89957000 0.32218000 20.92830000 0.03101970 0.00007633 0.00000218 0.00021004 -0.00000021 -0.00000005 211.86200000 53.34290000 -999 -999 23.17920000 -27.15610000 250 0.00782704 8.70220000 0.10000000 55270.00000000 0.30730000 29 40.90060000 0.07025360 0.08420000 0.01350000 0.03300000 0.00200000 1.00000000 0.00600000
370498 15 0.26094000 0.01006000 0.26086000 0.01000000 0.26000000 0.01000000 21.35980000 0.18396100 40.61280000 0.18593200 -9.00000000 0 0 -0.06984400 0.02525900 0.77423000 0.20276000 21.06880000 0.03212270 0.00006706 0.00000198 0.00016114 -0.00000009 -0.00000004 186.26600000 46.80620000 -999 -999 18.55020000 -19.24090000 250 0.01026120 11.50000000 0.10000000 56004.20000000 0.33200000 43 30.21490000 0.92941000 0.06630000 0.09340000 -0.01320000 0.00100000 1.00000000 0.00300000
15440 1 0.26141000 0.00105000 0.26130000 0.00004000 0.26226000 0.00004000 21.19400000 0.20576200 40.44700000 0.20752600 -9.00000000 0 0 0.06254500 0.04374700 -0.54593400 0.53452000 21.33110000 0.04843910 0.00005267 0.00000235 0.00533494 -0.00000063 -0.00000007 39.72070000 0.09010000 -9 -9 0.24600000 -27.00820000 250 0.02455290 10.85200000 0.12000000 54031.10000000 0.43770000 47 42.32760000 0.66621000 0.13300000 0.00970000 -0.18920000 0.00500000 1.00000000 0.00100000
1337649 10 0.26162000 0.00116000 0.26151000 0.00050000 0.26238000 0.00050000 21.16520000 0.22392000 40.41820000 0.22554200 -9.00000000 0 0 0.01690200 0.03048800 1.04854000 0.18798000 21.13430000 0.04987780 0.00006314 0.00000290 -0.00008433 -0.00000005 -0.00000007 43.40440000 0.51020000 -999 -999 0.50000000 -26.40560000 250 0.07615140 8.68200000 0.03150000 57363.20000000 0.26070000 20 19.52730000 0.48782000 0.07370000 0.01070000 0.01910000 0.00300000 1.00000000 0.01700000
2017 1 0.26172000 0.00105000 0.26162000 0.00002000 0.26309000 0.00002000 21.43440000 0.25753000 40.68740000 0.25894100 -9.00000000 0 0 -0.10240100 0.04960800 1.41850000 0.57152000 21.06530000 0.06376320 0.00006728 0.00000395 -0.00023372 -0.00000116 -0.00000009 328.94300000 0.59350000 -9 -9 2.06900000 -23.39330000 250 0.05762050 10.54700000 0.07600000 53636.00000000 0.58520000 43 29.95420000 0.93412000 0.17900000 0.00970000 0.10440000 0.00400000 0.96400000 0.00000000
19702 1 0.26173000 0.00116000 0.26162000 0.00050000 0.26240000 0.00050000 21.42800000 0.23172500 40.68100000 0.23329300 -9.00000000 0 0 -0.05678400 0.05160600 -1.08884000 0.47749000 21.37610000 0.07050510 0.00005053 0.00000328 0.00564288 -0.00000069 -0.00000010 47.75480000 0.35680000 -9 -9 1.60700000 -24.93310000 250 0.08942460 9.89600000 0.12400000 54397.10000000 0.40550000 36 20.19630000 0.98443000 0.14870000 0.01070000 -0.08930000 0.01200000 1.00000000 0.00200000
1253 1 0.26175000 0.00105000 0.26166000 0.00004000 0.26307000 0.00004000 21.13900000 0.22440800 40.39200000 0.22602700 -9.00000000 0 0 -0.11692000 0.05010100 -0.92716300 0.47517000 20.98130000 0.05819220 0.00007269 0.00000390 0.00319746 -0.00000079 -0.00000010 323.79900000 0.16310000 -9 -9 1.86800000 -21.04530000 250 0.05274650 11.15300000 0.09300000 53634.30000000 0.44050000 39 20.94320000 0.99201000 0.15510000 0.00970000 0.01460000 0.00400000 0.96500000 0.00000000
13655 1 0.26184000 0.00105000 0.26173000 0.00006000 0.26270000 0.00006000 21.44050000 0.24765800 40.69350000 0.24912600 -9.00000000 0 0 0.07546700 0.04866500 -1.28381000 0.63336000 21.68300000 0.05302300 0.00003809 0.00000186 0.00409215 -0.00000056 -0.00000005 39.02020000 -0.99420000 -9 -9 2.31300000 -26.14010000 250 0.02789920 11.23800000 0.13200000 54000.00000000 0.57910000 52 37.73280000 0.93127000 0.16140000 0.00970000 -0.23270000 0.00700000 1.00000000 0.00200000
18945 1 0.26200000 0.00117000 0.26187000 0.00050000 0.26330000 0.00050000 21.46860000 0.21520600 40.72160000 0.21689300 -9.00000000 0 0 -0.03681400 0.04249200 0.18686000 0.50529000 21.33990000 0.04658930 0.00005224 0.00000224 0.00344273 -0.00000061 -0.00000005 10.07840000 -1.03740000 -9 -9 -9.00000000 -29.65580000 250 0.01918410 7.00000000 -9.00000000 54390.30000000 0.45370000 36 24.41800000 0.92867000 0.13790000 0.01080000 -0.03970000 0.00500000 1.00000000 0.00300000
13956 1 0.26303000 0.00511000 0.26290000 0.00500000 0.26420000 0.00500000 22.01110000 0.51392500 41.26410000 0.51463400 -9.00000000 0 0 0.08999600 0.08273300 -1.19961000 1.29038000 22.27130000 0.09322980 0.00002216 0.00000190 0.00298610 -0.00000110 -0.00000001 20.94180000 0.81670000 -9 -9 2.11600000 -30.87140000 250 0.02734100 10.75700000 0.17500000 54002.50000000 1.00160000 49 39.64720000 0.82743000 0.34900000 0.04710000 -0.24750000 0.00800000 1.00000000 0.00200000
520019 15 0.26323000 0.00145000 0.26309000 0.00100000 0.26300000 0.00100000 21.38580000 0.16793600 40.63880000 0.17009200 -9.00000000 0 0 -0.02447900 0.03850000 -0.49157300 0.27464000 21.38620000 0.05400440 0.00005006 0.00000249 0.00249454 -0.00000035 -0.00000007 241.86100000 54.45780000 -999 -999 17.93570000 -33.39570000 250 0.00701891 11.26600000 0.10800000 56440.00000000 0.30090000 48 48.80590000 0.44046000 0.09470000 0.01340000 -0.04880000 0.00100000 1.00000000 0.00400000
04D3ez 4 0.26360000 0.00117000 0.26348000 0.00050000 0.26300000 0.00050000 21.14670000 0.17527800 40.39970000 0.17734500 -9.00000000 0 0 0.02715200 0.02445000 -1.08753000 0.08242300 21.40060000 0.02703900 0.00004940 0.00000123 0.00003336 -0.00000001 -0.00000003 214.78300000 53.07200000 -999 -999 -9.00000000 -26.97220000 250 0.00888274 10.29000000 0.01200000 53115.50000000 0.13090000 27 43.32410000 0.02425400 0.05840000 0.01080000 -0.04290000 0.00900000 1.00000000 0.01100000
350235 15 0.26393000 0.00145000 0.26384000 0.00100000 0.26300000 0.00100000 21.30580000 0.16551600 40.55880000 0.16770400 -9.00000000 0 0 0.00994500 0.05405300 0.06111100 0.34488000 21.31270000 0.11036000 0.00005357 0.00000545 0.00312902 -0.00000012 -0.00000027 184.35000000 48.34620000 -999 -999 19.73910000 -20.73960000 250 0.01219980 10.12700000 0.40600000 55932.50000000 1.37770000 38 28.76010000 0.88544000 0.08010000 0.01330000 -0.06720000 0.00100000 1.00000000 0.00600000
330022 15 0.26397000 0.00145000 0.26386000 0.00100000 0.26490000 0.00100000 21.05050000 0.20406400 40.30350000 0.20584300 -9.00000000 0 0 0.00829800 0.04673200 -1.23140000 0.30299000 21.24450000 0.06397400 0.00005704 0.00000336 0.00388555 -0.00000053 -0.00000011 35.32410000 -2.94910000 -999 -999 19.12370000 -24.93410000 250 0.02292120 10.97900000 0.08500000 55870.20000000 0.30960000 38 64.38170000 0.00476945 0.11530000 0.01330000 -0.06570000 0.00200000 1.00000000 0.00600000
12983 1 0.26408000 0.00105000 0.26395000 0.00001000 0.26531000 0.00001000 21.38120000 0.38008800 40.63420000 0.38104600 -9.00000000 0 0 -0.01476200 0.06182800 -0.04330800 1.02815000 21.29990000 0.07000350 0.00005420 0.00000349 -0.03616440 0.00000166 -0.00000013 16.45880000 0.14480000 -9 -9 2.62900000 -30.45160000 250 0.02503100 10.41800000 0.08900000 53975.40000000 2.32110000 29 17.92980000 0.94569000 0.26890000 0.00960000 -0.09440000 0.00300000 0.96100000 0.00000000
2943 1 0.26419000 0.00117000 0.26405000 0.00050000 0.26540000 0.00050000 21.25440000 0.23692100 40.50740000 0.23845500 -9.00000000 0 0 -0.02419000 0.04712700 0.56901000 0.43619000 21.11960000 0.04765300 0.00006400 0.00000281 -0.00021583 -0.00000045 -0.00000006 17.70490000 1.00790000 -9 -9 -9.00000000 -31.19860000 250 0.02949410 7.00000000 -9.00000000 53640.50000000 0.54310000 38 32.46290000 0.72287000 0.15410000 0.01070000 -0.02850000 0.00600000 1.00000000 0.00300000
110478 15 0.26460000 0.00145000 0.26462000 0.00100000 0.26510000 0.00100000 21.26230000 0.19611500 40.51530000 0.19796500 -9.00000000 0 0 -0.04266000 0.03270500 0.92592000 0.32135000 21.05970000 0.04080030 0.00006763 0.00000254 -0.00095284 -0.00000028 -0.00000006 53.58030000 -27.56890000 -999 -999 21.30040000 5.40900000 250 0.00678374 9.46800000 0.39400000 55555.20000000 0.39310000 16 13.06960000 0.66766000 0.10420000 0.01330000 0.01350000 0.00200000 1.00000000 0.00700000
13099 1 0.26463000 0.00105000 0.26451000 0.00002000 0.26602000 0.00002000 21.41890000 0.25504900 40.67190000 0.25647400 -9.00000000 0 0 -0.01842000 0.04753300 0.29704000 0.82434000 21.28780000 0.05389350 0.00005481 0.00000272 -0.00142330 -0.00000004 -0.00000007 359.81900000 -1.25040000 -9 -9 1.22100000 -28.63350000 250 0.03797610 10.86000000 0.08000000 53995.30000000 1.42590000 44 51.58610000 0.20142000 0.18010000 0.00960000 -0.08270000 0.00200000 0.95300000 0.00000000
2422 1 0.26582000 0.00511000 0.26570000 0.00500000 0.26720000 0.00500000 21.35570000 0.21806300 40.60870000 0.21972800 -9.00000000 0 0 -0.17028200 0.04063700 1.03624000 0.32827000 20.90250000 0.04361790 0.00007816 0.00000314 0.00061233 -0.00000042 -0.00000007 1.99450000 0.63820000 -9 -9 0.77100000 -30.53410000 250 0.03764250 9.37100000 0.18900000 53639.60000000 0.35590000 47 41.32270000 0.70589000 0.12530000 0.04660000 0.17390000 0.01300000 1.00000000 0.00200000
6315 1 0.26583000 0.00117000 0.26576000 0.00050000 0.26700000 0.00050000 21.07140000 0.20433300 40.32440000 0.20610900 -9.00000000 0 0 -0.19079300 0.03877500 -0.09804400 0.37082000 20.69730000 0.05053880 0.00009442 0.00000440 0.00161131 -0.00000040 -0.00000010 310.48300000 1.09200000 -9 -9 0.89400000 -15.96980000 250 0.07407500 9.72000000 0.22900000 53676.70000000 0.33460000 35 28.45610000 0.77515000 0.11510000 0.01070000 0.14900000 0.01300000 1.00000000 0.00200000
1334087 10 0.26640000 0.00117000 0.26629000 0.00050000 0.26722000 0.00050000 21.03710000 0.26359900 40.29010000 0.26497800 -9.00000000 0 0 -0.01084500 0.04794900 0.68288000 0.36944000 20.90720000 0.05224760 0.00007783 0.00000375 -0.00166233 -0.00000042 -0.00000004 41.00840000 -0.46740000 -999 -999 2.25000000 -25.73660000 250 0.03083740 10.95100000 0.05650000 57337.40000000 0.57780000 11 5.42039000 0.90911000 0.16570000 0.01070000 -0.04810000 0.00200000 1.00000000 0.00600000
18463 1 0.26700000 0.00106000 0.26687000 0.00002000 0.26822000 0.00002000 21.29330000 0.20311600 40.54630000 0.20490200 -9.00000000 0 0 -0.04171600 0.04669900 0.94365000 0.41767000 21.06460000 0.05396640 0.00006732 0.00000335 0.00295645 -0.00000086 -0.00000008 17.56600000 0.47200000 -9 -9 1.51100000 -30.44190000 250 0.02276610 10.24400000 0.09600000 54376.50000000 0.44510000 45 27.44440000 0.98188000 0.14470000 0.00960000 -0.01290000 0.00200000 0.92500000 0.00000000
1309288 10 0.26791000 0.00117000 0.26794000 0.00050000 0.26838000 0.00050000 21.25730000 0.20025300 40.51030000 0.20206500 -9.00000000 0 0 -0.11105600 0.04577500 0.51536000 0.44170000 20.91870000 0.06342910 0.00007701 0.00000450 0.00635435 -0.00000111 -0.00000013 54.64490000 -29.19440000 -999 -999 0.38000000 7.33460000 250 0.01120460 10.96100000 0.02650000 56989.80000000 0.50500000 18 4.00039000 0.99976000 0.12730000 0.01060000 0.02840000 0.00200000 1.00000000 0.00300000
520023 15 0.26818000 0.00146000 0.26804000 0.00100000 0.26800000 0.00100000 21.20930000 0.23046700 40.46230000 0.23204300 -9.00000000 0 0 -0.04035800 0.06213800 -0.61215000 0.47709000 21.19110000 0.08749370 0.00005992 0.00000483 0.00958116 -0.00000123 -0.00000023 245.23900000 55.15480000 -999 -999 18.65190000 -34.26500000 250 0.00783733 11.32400000 0.01300000 56441.50000000 0.55000000 42 52.47720000 0.12896000 0.14810000 0.01320000 -0.03620000 0.00100000 1.00000000 0.00300000
530037 15 0.26859000 0.01006000 0.26850000 0.01000000 0.27000000 0.01000000 21.32600000 0.18922500 40.57900000 0.19114200 -9.00000000 0 0 -0.11427000 0.03445900 0.33674000 0.28744000 20.99610000 0.06726370 0.00007171 0.00000444 -0.00055370 0.00000014 -0.00000012 333.67100000 -1.05040000 -999 -999 18.59310000 -22.91700000 250 0.10514000 10.97920000 0.10000000 56473.90000000 0.73840000 38 29.62730000 0.83238000 0.07900000 0.09100000 0.02070000 0.00100000 1.00000000 0.00300000
06D3fp 4 0.26860000 0.00146000 0.26848000 0.00100000 0.26800000 0.00100000 21.20230000 0.23888300 40.45530000 0.24040400 -9.00000000 0 0 0.04140900 0.02193500 -0.07145900 0.05344200 21.44090000 0.02653180 0.00004760 0.00000116 0.00001472 -0.00000001 -0.00000002 215.07700000 52.89720000 -999 -999 -9.00000000 -26.43850000 250 0.00696994 9.55000000 0.25950000 53905.30000000 0.07980000 26 51.45880000 0.00209672 0.05060000 0.01320000 0.04760000 0.00800000 1.00000000 0.02300000
14298 1 0.26887000 0.00117000 0.26879000 0.00050000 0.27010000 0.00050000 21.35090000 0.21547100 40.60390000 0.21715600 -9.00000000 0 0 -0.08362700 0.04364900 1.39048000 0.40865000 21.03250000 0.05447450 0.00006934 0.00000348 0.00144748 -0.00000064 -0.00000008 314.89500000 1.22330000 -9 -9 -9.00000000 -17.89620000 250 0.06451770 7.00000000 -9.00000000 54012.70000000 0.35260000 51 27.57100000 0.99701000 0.13880000 0.01060000 0.09290000 0.00800000 1.00000000 0.00200000
510638 15 0.27020000 0.01006000 0.27006000 0.01000000 0.27000000 0.01000000 21.38330000 0.19514300 40.63630000 0.19700200 -9.00000000 0 0 -0.08870600 0.02806900 0.21729000 0.14370000 21.15620000 0.03898760 0.00006188 0.00000222 0.00098458 -0.00000016 -0.00000005 243.46900000 56.08420000 -999 -999 24.10060000 -34.34810000 250 0.00665785 8.65460000 0.10000000 56439.70000000 0.15430000 55 59.02730000 0.33061000 0.06350000 0.09050000 0.02680000 0.00100000 1.00000000 0.00600000
19002 1 0.27021000 0.00106000 0.27010000 0.00005000 0.27100000 0.00005000 21.25590000 0.16264000 40.50890000 0.16486600 -9.00000000 0 0 -0.09781700 0.03856100 0.34724000 0.32256000 20.96880000 0.04793350 0.00007353 0.00000325 0.00136886 -0.00000043 -0.00000007 42.61540000 -0.55120000 -9 -9 3.07700000 -24.92790000 250 0.05304610 10.71600000 0.08000000 54393.20000000 0.29180000 39 23.61370000 0.97538000 0.11470000 0.00950000 0.01420000 0.00200000 0.91300000 0.00000000
310051 15 0.27057000 0.00146000 0.27045000 0.00100000 0.27200000 0.00100000 21.26090000 0.20756100 40.51390000 0.20931000 -9.00000000 0 0 0.10180000 0.03233300 -0.35296200 0.27833000 21.56070000 0.04483680 0.00004263 0.00000176 0.00249829 -0.00000024 -0.00000004 353.41200000 -0.55250000 -999 -999 19.68840000 -27.94270000 250 0.03570810 10.43500000 0.10300000 55820.00000000 0.24200000 50 48.72810000 0.52448000 0.08040000 0.01310000 -0.11950000 0.00300000 1.00000000 0.01300000
160039 15 0.27094000 0.00146000 0.27085000 0.00100000 0.27000000 0.00100000 21.23570000 0.16391600 40.48870000 0.16612400 -9.00000000 0 0 -0.07450800 0.02905400 -1.16728000 0.25745000 21.23180000 0.03494280 0.00005772 0.00000186 0.00075042 -0.00000015 -0.00000004 184.97500000 48.14030000 -999 -999 20.15170000 -20.06050000 250 0.01008600 7.00000000 1.00000000 55700.30000000 0.26410000 25 19.27660000 0.78367000 0.07930000 0.01310000 0.00190000 0.00600000 1.00000000 0.00600000
380378 15 0.27141000 0.00146000 0.27129000 0.00100000 0.27080000 0.00100000 21.31470000 0.12041400 40.56770000 0.12340400 -9.00000000 0 0 -0.13958800 0.02573000 0.51938000 0.17632000 20.90560000 0.03451560 0.00007794 0.00000248 0.00082161 -0.00000020 -0.00000005 213.52500000 53.46480000 -999 -999 19.29780000 -26.56180000 250 0.00916565 10.36400000 0.51400000 56052.70000000 0.15500000 40 39.12680000 0.50941000 0.06370000 0.01310000 0.04670000 0.00200000 1.00000000 0.00300000
1292332 10 0.27276000 0.00117000 0.27265000 0.00050000 0.27358000 0.00050000 21.28850000 0.17108500 40.54150000 0.17320300 -9.00000000 0 0 -0.11624100 0.03578100 0.33299000 0.24326000 20.96560000 0.04118640 0.00007375 0.00000280 0.00018188 -0.00000029 -0.00000006 41.14350000 -1.28510000 -999 -999 0.31000000 -24.42770000 250 0.02516150 10.26900000 0.18850000 56901.20000000 0.21570000 31 11.94360000 0.99919000 0.10520000 0.01040000 0.03320000 0.00200000 1.00000000 0.00300000
15356 1 0.27351000 0.00107000 0.27340000 0.00010000 0.27493000 0.00010000 21.21910000 0.20693200 40.47210000 0.20868600 -9.00000000 0 0 -0.01730900 0.04781700 -0.66282200 0.50693000 21.20400000 0.05372940 0.00005921 0.00000293 0.00320459 -0.00000056 -0.00000007 335.05300000 0.40990000 -9 -9 0.04100000 -24.35970000 250 0.05551200 10.74300000 0.16600000 54029.10000000 0.48610000 38 41.22410000 0.33145000 0.14920000 0.00950000 -0.11180000 0.00300000 0.89000000 0.00000000
420258 15 0.27456000 0.00146000 0.27444000 0.00100000 0.27600000 0.00100000 21.48690000 0.29182100 40.73990000 0.29306800 -9.00000000 0 0 0.24526000 0.04263600 0.89614000 0.32366000 21.96320000 0.05747290 0.00002943 0.00000156 -0.00044300 -0.00000017 -0.00000005 352.42800000 0.70540000 -999 -999 17.86500000 -28.62590000 250 0.03386760 11.46300000 0.01300000 56167.90000000 0.36100000 39 40.25520000 0.41449000 0.12070000 0.01290000 -0.20230000 0.01000000 1.00000000 0.01900000
100213 15 0.27509000 0.00146000 0.27511000 0.00100000 0.27560000 0.00100000 21.52390000 0.23789400 40.77690000 0.23942100 -9.00000000 0 0 0.01530800 0.04238000 0.84021000 0.42495000 21.50590000 0.05775800 0.00004484 0.00000239 0.00298968 -0.00000040 -0.00000008 53.06710000 -27.19430000 -999 -999 21.02760000 4.71060000 250 0.00634982 9.41400000 0.36000000 55521.40000000 0.01660000 22 16.35040000 0.79812000 0.11530000 0.01290000 0.00620000 0.00200000 1.00000000 0.01300000
150254 15 0.27516000 0.00146000 0.27508000 0.00100000 0.27420000 0.00100000 21.27560000 0.24035400 40.52860000 0.24186500 -9.00000000 0 0 0.06982100 0.02746300 -0.04866600 0.17131000 21.54760000 0.03454520 0.00004315 0.00000137 0.00064906 -0.00000007 -0.00000003 183.21100000 47.14580000 -999 -999 21.75040000 -18.87760000 250 0.01676710 9.35500000 0.43900000 55678.30000000 0.23910000 41 49.02120000 0.18236000 0.06630000 0.01290000 -0.00340000 0.00400000 1.00000000 0.02200000
20227 1 0.27585000 0.00107000 0.27574000 0.00006000 0.27730000 0.00006000 21.41010000 0.21186200 40.66310000 0.21357600 -9.00000000 0 0 -0.13618900 0.04702000 -1.22544000 0.55655000 21.26570000 0.04707180 0.00005594 0.00000243 0.00429013 -0.00000050 -0.00000005 349.12000000 -0.09850000 -9 -9 1.55500000 -27.16410000 250 0.03629450 11.04600000 0.14900000 54408.40000000 0.54590000 32 20.42080000 0.94357000 0.15130000 0.00940000 0.04360000 0.00600000 0.88500000 0.00000000
19051 1 0.27631000 0.00106000 0.27619000 0.00003000 0.27775000 0.00003000 21.42190000 0.17802500 40.67490000 0.18006100 -9.00000000 0 0 -0.08377500 0.04138200 0.73313000 0.45036000 21.12350000 0.04645790 0.00006377 0.00000273 0.00350310 -0.00000064 -0.00000006 351.37500000 0.42310000 -9 -9 1.08400000 -28.05190000 250 0.03237980 11.29200000 0.08800000 54391.30000000 0.40040000 47 55.27920000 0.19044000 0.12930000 0.00930000 0.01640000 0.00200000 0.87500000 0.00000000
4000 1 0.27668000 0.00107000 0.27656000 0.00012000 0.27770000 0.00012000 21.59740000 0.27089300 40.85040000 0.27223500 -9.00000000 0 0 -0.00716700 0.06247900 -1.09129000 0.61037000 21.64000000 0.06946260 0.00003963 0.00000254 0.00586730 -0.00000081 -0.00000007 31.01600000 -0.36580000 -9 -9 3.08100000 -27.19520000 250 0.02165000 10.91900000 0.07200000 53643.00000000 0.81180000 60 47.81910000 0.87194000 0.19800000 0.00940000 -0.14870000 0.00400000 0.86900000 0.00000000
4046 1 0.27776000 0.00511000 0.27764000 0.00500000 0.27920000 0.00500000 21.36560000 0.24324600 40.61860000 0.24474000 -9.00000000 0 0 -0.00019700 0.04448200 0.80612000 0.52843000 21.26660000 0.05155920 0.00005589 0.00000265 0.00129581 -0.00000078 -0.00000006 354.49800000 0.64210000 -9 -9 0.33200000 -28.60650000 250 0.03009720 9.35900000 0.30200000 53645.80000000 0.52640000 59 43.12700000 0.94000000 0.15580000 0.04480000 -0.03180000 0.00800000 1.00000000 0.00200000
1297465 10 0.27782000 0.00118000 0.27784000 0.00050000 0.27836000 0.00050000 21.66570000 0.17597100 40.91870000 0.17803000 -9.00000000 0 0 0.03211700 0.02713900 1.14771000 0.13315000 21.59160000 0.03163520 0.00004143 0.00000121 -0.00006431 -0.00000004 -0.00000003 51.79530000 -27.82210000 -999 -999 2.48000000 4.91130000 250 0.00816480 10.06800000 0.00100000 56938.90000000 0.15780000 43 17.94390000 0.99973000 0.06840000 0.01030000 -0.05650000 0.00300000 1.00000000 0.01000000
5957 1 0.27935000 0.00107000 0.27924000 0.00002000 0.28031000 0.00002000 21.45070000 0.16210200 40.70370000 0.16433500 -9.00000000 0 0 -0.12103200 0.04191200 -0.16792700 0.44075000 21.19380000 0.04818330 0.00005977 0.00000265 0.00540612 -0.00000063 -0.00000007 34.76060000 -0.27280000 -9 -9 2.87400000 -26.35130000 250 0.03105170 10.46300000 0.07800000 53666.70000000 0.39330000 56 42.39710000 0.91033000 0.11820000 0.00930000 0.04020000 0.00400000 0.86400000 0.00000000
6196 1 0.27990000 0.00107000 0.27980000 0.00006000 0.28134000 0.00006000 21.25260000 0.19748300 40.50560000 0.19932000 -9.00000000 0 0 -0.01101100 0.04708300 -1.44873000 0.59260000 21.31880000 0.05657480 0.00005327 0.00000278 0.00729910 -0.00000075 -0.00000008 337.63100000 -0.50270000 -9 -9 0.94100000 -23.80010000 250 0.05571780 11.40600000 0.14000000 53669.40000000 0.54250000 49 30.30520000 0.98351000 0.14050000 0.00930000 -0.16590000 0.00500000 0.84100000 0.00000000
040201 15 0.27995000 0.00146000 0.27987000 0.00100000 0.27900000 0.00100000 21.31340000 0.15093500 40.56640000 0.15333100 -9.00000000 0 0 -0.08678000 0.02815300 0.39500000 0.21215000 21.06560000 0.03889570 0.00006726 0.00000241 0.00084619 -0.00000013 -0.00000005 184.46000000 47.44680000 -999 -999 24.47500000 -18.84690000 250 0.01672950 9.27730000 0.10000000 55323.30000000 0.43690000 32 36.65190000 0.26175000 0.06890000 0.01270000 0.02640000 0.00100000 1.00000000 0.00600000
520188 15 0.28060000 0.00146000 0.28049000 0.00100000 0.28000000 0.00100000 21.41330000 0.15069700 40.66630000 0.15309600 -9.00000000 0 0 -0.08019900 0.02581700 1.40212000 0.27047000 21.05490000 0.03277450 0.00006793 0.00000205 0.00193464 -0.00000022 -0.00000004 215.52400000 52.54460000 -999 -999 21.36030000 -25.23450000 250 0.00775158 8.40600000 0.19900000 56482.60000000 0.25390000 27 18.02080000 0.90288000 0.06540000 0.01270000 0.04400000 0.00300000 1.00000000 0.00600000
18485 1 0.28132000 0.00118000 0.28122000 0.00050000 0.28200000 0.00050000 21.36940000 0.17266500 40.62240000 0.17476300 -9.00000000 0 0 -0.08841100 0.04040900 1.35117000 0.42088000 21.03960000 0.05178950 0.00006889 0.00000329 0.00247148 -0.00000063 -0.00000008 47.95910000 -0.69240000 -9 -9 0.89100000 -22.43930000 250 0.05836460 10.90800000 0.08400000 54389.00000000 0.46040000 60 58.84930000 0.51783000 0.12530000 0.01020000 0.09050000 0.00400000 0.84300000 0.00000000
1317286 10 0.28207000 0.00511000 0.28198000 0.00500000 0.28300000 0.00500000 21.34560000 0.16442700 40.59860000 0.16662900 -9.00000000 0 0 -0.10020500 0.02659000 0.72832000 0.15847000 21.02240000 0.03172600 0.00006999 0.00000205 0.00016980 -0.00000006 -0.00000004 36.00790000 -6.81060000 -999 -999 -9.00000000 -19.80770000 250 0.02453910 7.00000000 2.00000000 57015.40000000 0.16530000 32 21.98470000 0.90780000 0.06750000 0.04420000 0.04170000 0.00200000 1.00000000 0.00600000
06D3dt 4 0.28266000 0.00107000 0.28256000 0.00001000 0.28205000 0.00001000 21.49100000 0.29612700 40.74400000 0.29735500 -9.00000000 0 0 0.08418300 0.02202500 0.06988200 0.09255100 21.88210000 0.02653690 0.00003171 0.00000077 0.00000586 -0.00000000 -0.00000001 214.34000000 52.45280000 -999 -999 -9.00000000 -24.84160000 250 0.00676896 9.58900000 0.06900000 53849.10000000 0.01070000 34 78.19250000 0.00002463 0.05290000 0.00920000 0.08870000 0.00700000 1.00000000 0.03500000
15584 1 0.28344000 0.00107000 0.28333000 0.00003000 0.28422000 0.00003000 21.40660000 0.18239000 40.65960000 0.18437800 -9.00000000 0 0 -0.04344000 0.04606700 0.38221000 0.42287000 21.21410000 0.05702200 0.00005866 0.00000308 0.00348056 -0.00000050 -0.00000007 43.49550000 0.98700000 -9 -9 5.31100000 -25.07950000 250 0.07410450 10.90000000 0.12400000 54038.20000000 0.40610000 65 46.05570000 0.96387000 0.13700000 0.00920000 -0.05420000 0.00300000 0.81100000 0.00000000
310238 15 0.28405000 0.00147000 0.28395000 0.00100000 0.28500000 0.00100000 21.32050000 0.15175100 40.57350000 0.15413400 -9.00000000 0 0 -0.08327500 0.02710200 -0.28685200 0.16581000 21.17490000 0.03447720 0.00006082 0.00000193 0.00032708 -0.00000012 -0.00000004 35.52680000 -3.23330000 -999 -999 20.54720000 -23.12050000 250 0.02280260 9.90600000 0.16700000 55838.90000000 0.15870000 47 59.68410000 0.10140000 0.07050000 0.01260000 0.01720000 0.00200000 1.00000000 0.00600000
14261 1 0.28446000 0.00107000 0.28436000 0.00002000 0.28585000 0.00002000 21.29010000 0.18459800 40.54310000 0.18656200 -9.00000000 0 0 -0.03323200 0.04469600 0.67229000 0.48056000 21.11940000 0.06732440 0.00006401 0.00000397 0.00639423 -0.00000112 -0.00000012 328.24000000 0.25380000 -9 -9 0.41500000 -21.28630000 250 0.08049350 9.13500000 0.07600000 54018.90000000 0.38250000 68 45.81030000 0.98223000 0.12870000 0.00920000 -0.02120000 0.00600000 0.92000000 0.00000000
16072 1 0.28446000 0.00107000 0.28434000 0.00005000 0.28586000 0.00005000 21.43890000 0.20532200 40.69190000 0.20709000 -9.00000000 0 0 -0.02876900 0.05484400 0.25329000 0.65465000 21.28500000 0.07110940 0.00005496 0.00000360 0.01484060 -0.00000172 -0.00000013 3.12440000 -0.97730000 -9 -9 1.94500000 -27.51000000 250 0.04976330 10.94300000 0.10600000 54046.90000000 0.51110000 40 31.67600000 0.82340000 0.15620000 0.00920000 -0.08000000 0.00300000 0.79900000 0.00000000
17791 1 0.28478000 0.00118000 0.28468000 0.00050000 0.28620000 0.00050000 21.86050000 0.35028600 41.11350000 0.35132500 -9.00000000 0 0 -0.18995900 0.06265700 0.23323000 0.72548000 21.48670000 0.08656180 0.00004564 0.00000364 0.00192480 -0.00000166 -0.00000001 332.37300000 0.73790000 -9 -9 0.44800000 -23.02850000 250 0.04052040 9.38500000 0.16800000 54366.80000000 0.57930000 55 41.39070000 0.91282000 0.25440000 0.01010000 0.19560000 0.01700000 0.88400000 0.00000000
440050 15 0.28557000 0.00147000 0.28547000 0.00100000 0.28700000 0.00100000 21.45160000 0.18401800 40.70460000 0.18598900 -9.00000000 0 0 -0.04501000 0.04147000 -0.18997100 0.71564000 21.35710000 0.05157470 0.00005142 0.00000244 0.01377100 -0.00000073 -0.00000007 333.86700000 1.54950000 -999 -999 19.18380000 -24.12930000 250 0.03579150 11.03000000 0.03500000 56217.10000000 0.62430000 21 17.41660000 0.68556000 0.11370000 0.01260000 -0.03570000 0.00100000 1.00000000 0.00300000
350080 15 0.28588000 0.00147000 0.28577000 0.00100000 0.28500000 0.00100000 21.41800000 0.17108800 40.67100000 0.17320600 -9.00000000 0 0 -0.08565000 0.03272900 -0.33933500 0.42482000 21.25560000 0.03781040 0.00005646 0.00000197 0.00067015 -0.00000020 -0.00000004 130.63500000 43.99890000 -999 -999 18.04710000 -25.37260000 250 0.02457040 11.22900000 0.14200000 55949.10000000 0.50520000 40 37.09600000 0.60172000 0.10500000 0.01260000 -0.00010000 0.00100000 1.00000000 0.00300000
20040 1 0.28665000 0.00108000 0.28655000 0.00010000 0.28805000 0.00010000 21.38590000 0.21582600 40.63890000 0.21750900 -9.00000000 0 0 -0.10552200 0.04555000 1.11566000 0.73541000 21.02410000 0.05592450 0.00006988 0.00000360 0.00815147 -0.00000140 -0.00000008 328.87900000 0.81510000 -9 -9 0.11200000 -21.82960000 250 0.05970750 10.25700000 0.13800000 54410.90000000 0.56860000 38 20.05520000 0.99262000 0.16110000 0.00920000 0.07670000 0.00400000 0.81300000 0.00000000
20245 1 0.28734000 0.00107000 0.28723000 0.00003000 0.28880000 0.00003000 21.31610000 0.24893700 40.56910000 0.25039700 -9.00000000 0 0 0.07778300 0.05653100 -0.69477200 0.92588000 21.45790000 0.07165210 0.00004686 0.00000309 0.01626150 -0.00000162 -0.00000010 341.70600000 0.75630000 -9 -9 2.12500000 -25.43860000 250 0.07087010 11.50000000 0.08400000 54411.70000000 0.59050000 35 17.88190000 0.99273000 0.19190000 0.00910000 -0.25360000 0.00800000 0.76000000 0.00000000
17809 1 0.28758000 0.00107000 0.28746000 0.00003000 0.28896000 0.00003000 21.28490000 0.23735500 40.53790000 0.23888600 -9.00000000 0 0 0.02619200 0.04818900 1.73520000 0.57792000 21.19630000 0.06651150 0.00005963 0.00000365 0.00639920 -0.00000160 -0.00000009 6.36460000 -0.83960000 -9 -9 1.57500000 -27.54700000 250 0.01866910 9.84000000 0.11700000 54370.10000000 0.47160000 56 48.93350000 0.73707000 0.16270000 0.00910000 0.03410000 0.01500000 0.93500000 0.00000000
19128 1 0.28775000 0.00511000 0.28763000 0.00500000 0.28920000 0.00500000 21.62230000 0.22561400 40.87530000 0.22722400 -9.00000000 0 0 -0.06608600 0.04417500 1.34109000 0.61004000 21.33940000 0.04985330 0.00005227 0.00000240 0.00431978 -0.00000081 -0.00000005 354.20400000 -0.78220000 -9 -9 -9.00000000 -26.44380000 250 0.02923320 7.00000000 -9.00000000 54387.10000000 0.64540000 40 21.62310000 0.99219000 0.15390000 0.04340000 0.06690000 0.00900000 0.88000000 0.00000000
1334644 10 0.28814000 0.00118000 0.28806000 0.00050000 0.28910000 0.00050000 21.45450000 0.18606200 40.70750000 0.18801100 -9.00000000 0 0 -0.05984000 0.03636400 -1.76264000 0.36792000 21.56440000 0.03845410 0.00004249 0.00000150 -0.00049836 -0.00000010 -0.00000003 35.10720000 -5.77250000 -999 -999 3.63000000 -20.61530000 250 0.02030000 11.21700000 0.05600000 57332.30000000 0.32410000 38 16.63190000 0.99899000 0.11400000 0.01000000 -0.01760000 0.00300000 1.00000000 0.00300000
1313594 10 0.28844000 0.00118000 0.28835000 0.00050000 0.28940000 0.00050000 21.49600000 0.13517800 40.74900000 0.13784800 -9.00000000 0 0 -0.10551800 0.02895300 0.51640000 0.15939000 21.16860000 0.03312440 0.00006117 0.00000187 0.00013540 -0.00000006 -0.00000004 34.83290000 -5.78940000 -999 -999 1.31000000 -20.62210000 250 0.02225590 10.37900000 0.18850000 57002.30000000 0.20630000 33 21.44320000 0.93931000 0.07510000 0.01000000 0.02270000 0.00200000 1.00000000 0.00300000
091869 15 0.28854000 0.00147000 0.28843000 0.00100000 0.29000000 0.00100000 21.49280000 0.16320000 40.74580000 0.16541900 -9.00000000 0 0 -0.00842600 0.03279200 1.33870000 0.32952000 21.30200000 0.04976550 0.00005410 0.00000248 0.00196285 -0.00000034 -0.00000006 351.90800000 -1.76250000 -999 -999 19.49830000 -25.17560000 250 0.04743160 10.34700000 0.44400000 55495.60000000 0.30240000 28 34.65080000 0.18026000 0.08740000 0.01250000 -0.01970000 0.00200000 1.00000000 0.00500000
2165 1 0.28894000 0.00511000 0.28882000 0.00500000 0.29020000 0.00500000 21.69030000 0.22442000 40.94330000 0.22603800 -9.00000000 0 0 -0.12279300 0.04369900 0.48479000 0.57862000 21.35110000 0.05201660 0.00005171 0.00000248 0.00559717 -0.00000087 -0.00000006 17.09170000 -0.09620000 -9 -9 0.72200000 -28.00520000 250 0.03082030 9.48500000 0.18600000 53634.40000000 0.47960000 64 34.01050000 0.99925000 0.14580000 0.04330000 0.05960000 0.00800000 0.87400000 0.00000000
2789 1 0.28901000 0.00108000 0.28890000 0.00006000 0.29048000 0.00006000 21.48980000 0.22689700 40.74280000 0.22849700 -9.00000000 0 0 -0.10511400 0.05482600 -0.79131400 0.55060000 21.31870000 0.06429430 0.00005327 0.00000315 0.00619451 -0.00000101 -0.00000009 344.20200000 0.40110000 -9 -9 2.82800000 -25.58390000 250 0.04689640 11.22400000 0.16000000 53636.20000000 0.51230000 60 58.18500000 0.54234000 0.17040000 0.00910000 -0.01520000 0.00400000 0.80500000 0.00000000
1334597 10 0.28905000 0.00511000 0.28896000 0.00500000 0.29000000 0.00500000 21.42330000 0.16586900 40.67630000 0.16805200 -9.00000000 0 0 -0.05755800 0.02595700 0.55025000 0.10004000 21.23150000 0.03104500 0.00005773 0.00000165 0.00005686 -0.00000003 -0.00000003 35.83130000 -4.06780000 -999 -999 0.13000000 -21.97050000 250 0.02098770 8.88000000 0.17350000 57343.60000000 0.11180000 28 20.23590000 0.85571000 0.06350000 0.04320000 0.01500000 0.00100000 1.00000000 0.00700000
1310395 10 0.28907000 0.00511000 0.28899000 0.00500000 0.29000000 0.00500000 21.44900000 0.27590600 40.70200000 0.27722400 -9.00000000 0 0 0.05670200 0.03179900 -0.88325100 0.26999000 21.79950000 0.03852560 0.00003421 0.00000121 0.00068206 -0.00000010 -0.00000003 36.53430000 -6.76000000 -999 -999 -9.00000000 -19.34000000 250 0.02968340 7.00000000 2.00000000 56980.60000000 0.26220000 46 40.53780000 0.69966000 0.08690000 0.04320000 -0.00750000 0.01000000 1.00000000 0.02500000
350180 15 0.28949000 0.01006000 0.28952000 0.01000000 0.29000000 0.01000000 21.72350000 0.25468700 40.97650000 0.25611400 -9.00000000 0 0 -0.03290200 0.03630900 0.45250000 0.73362000 21.60860000 0.04328260 0.00004079 0.00000163 0.00642325 -0.00000038 -0.00000005 53.46270000 -28.13760000 -999 -999 -9.00000000 5.52440000 250 0.00727655 8.88500000 0.55800000 55950.20000000 0.75640000 11 14.55770000 0.20365000 0.12670000 0.08500000 0.00120000 0.00100000 1.00000000 0.00800000
1289288 10 0.28995000 0.00119000 0.29001000 0.00050000 0.29093000 0.00050000 21.48630000 0.27009100 40.73930000 0.27143700 -9.00000000 0 0 0.08957000 0.04579400 -0.97302700 0.49839000 21.86120000 0.05111950 0.00003232 0.00000152 0.00475358 -0.00000033 -0.00000004 10.17890000 -43.94830000 -999 -999 0.25000000 14.78160000 250 0.00549742 10.64500000 0.02350000 57273.70000000 0.70940000 50 21.25040000 0.99988000 0.13460000 0.01000000 -0.09800000 0.00500000 1.00000000 0.01700000
570056 15 0.29008000 0.00147000 0.28998000 0.00100000 0.29100000 0.00100000 21.47680000 0.23293300 40.72980000 0.23449300 -9.00000000 0 0 0.08087700 0.06465100 0.41943000 0.50451000 21.61080000 0.10386000 0.00004071 0.00000389 0.02203400 -0.00000158 -0.00000021 37.00670000 -3.49500000 -999 -999 -9.00000000 -22.17440000 250 0.02604430 10.81900000 0.19000000 56605.90000000 0.34130000 44 44.15420000 0.46512000 0.12070000 0.01240000 -0.10660000 0.00200000 1.00000000 0.01100000
19596 1 0.29045000 0.00119000 0.29036000 0.00050000 0.29100000 0.00050000 21.53310000 0.22926500 40.78610000 0.23085000 -9.00000000 0 0 -0.03747200 0.04923200 0.87616000 0.62098000 21.33430000 0.07082700 0.00005251 0.00000343 0.00656105 -0.00000118 -0.00000009 53.88430000 0.70340000 -9 -9 1.83000000 -21.20440000 250 0.08616790 9.95900000 0.16100000 54396.40000000 0.49600000 46 26.86370000 0.98914000 0.16450000 0.01000000 -0.00600000 0.00700000 0.87600000 0.00000000
19027 1 0.29123000 0.00108000 0.29114000 0.00001000 0.29263000 0.00001000 21.23100000 0.21747600 40.48400000 0.21914500 -9.00000000 0 0 0.00605800 0.04816800 0.54240000 0.56497000 21.14310000 0.06710500 0.00006262 0.00000387 0.00402984 -0.00000096 -0.00000010 328.88400000 -0.37200000 -9 -9 0.98700000 -20.51700000 250 0.09050460 9.59200000 0.12700000 54386.60000000 0.65160000 50 53.50560000 0.34126000 0.15490000 0.00910000 -0.07900000 0.00900000 0.88700000 0.00000000
1291090 10 0.29193000 0.00119000 0.29199000 0.00050000 0.29292000 0.00050000 21.50760000 0.17564400 40.76060000 0.17770700 -9.00000000 0 0 -0.09328000 0.03226800 1.17465000 0.22563000 21.14120000 0.04019120 0.00006274 0.00000232 0.00075452 -0.00000029 -0.00000005 9.46310000 -43.72150000 -999 -999 0.78000000 14.47440000 250 0.00726312 9.71100000 0.04450000 56905.10000000 0.22260000 36 26.27730000 0.88268000 0.08970000 0.01000000 0.04300000 0.00200000 1.00000000 0.00600000
1263715 10 0.29196000 0.00119000 0.29186000 0.00050000 0.29279000 0.00050000 21.51230000 0.17006900 40.76530000 0.17219900 -9.00000000 0 0 -0.07251600 0.03228500 0.40336000 0.27922000 21.30080000 0.04162480 0.00005416 0.00000208 0.00217917 -0.00000028 -0.00000005 41.60990000 -1.57990000 -999 -999 0.43000000 -22.71760000 250 0.03246400 8.97700000 0.10600000 56667.20000000 0.22360000 22 15.56230000 0.83700000 0.08320000 0.01000000 0.01990000 0.00100000 1.00000000 0.00700000
12841 1 0.29215000 0.00108000 0.29208000 0.00004000 0.29349000 0.00004000 21.49750000 0.48297400 40.75050000 0.48372800 -9.00000000 0 0 -0.10990300 0.12227000 -0.72796800 1.12843000 21.30790000 0.19263000 0.00005381 0.00000955 0.02598380 -0.00000357 -0.00000052 321.34700000 -1.03370000 -9 -9 1.61600000 -17.23150000 250 0.03999030 10.12000000 0.13300000 53979.10000000 1.91340000 37 19.96340000 0.98999000 0.37440000 0.00910000 -0.00950000 0.00400000 0.79500000 0.00000000
390264 15 0.29221000 0.00147000 0.29208000 0.00100000 0.29200000 0.00100000 21.16990000 0.29122200 40.42290000 0.29247100 -9.00000000 0 0 0.22214000 0.03329500 0.15621000 0.31477000 21.80470000 0.05157920 0.00003405 0.00000162 0.00196824 -0.00000012 -0.00000005 243.37300000 53.99090000 -999 -999 21.70920000 -30.57340000 250 0.00668081 9.61900000 0.51500000 56055.80000000 0.63620000 28 41.86570000 0.04463800 0.07470000 0.01230000 -0.08140000 0.01700000 1.00000000 0.03200000
21006 1 0.29251000 0.00511000 0.29241000 0.00500000 0.29320000 0.00500000 21.38480000 0.22722700 40.63780000 0.22882500 -9.00000000 0 0 -0.12551500 0.04073300 -0.12481400 0.80076000 21.10500000 0.05103790 0.00006487 0.00000305 0.00736975 -0.00000106 -0.00000007 47.94180000 0.09190000 -9 -9 -9.00000000 -22.43490000 250 0.06441210 7.00000000 -9.00000000 54415.20000000 0.54770000 36 31.76050000 0.67048000 0.15500000 0.04280000 0.03750000 0.00800000 0.86000000 0.00000000
420414 15 0.29256000 0.00147000 0.29246000 0.00100000 0.29400000 0.00100000 21.44220000 0.22320900 40.69520000 0.22483600 -9.00000000 0 0 -0.03711100 0.04798300 -0.99197700 0.31606000 21.48290000 0.06007020 0.00004580 0.00000253 -0.00168929 -0.00000023 -0.00000007 334.27600000 0.02870000 -999 -999 19.75100000 -22.47460000 250 0.05992360 11.00400000 0.03200000 56176.90000000 0.42580000 29 32.60930000 0.29377000 0.14270000 0.01230000 -0.04320000 0.00100000 1.00000000 0.00300000
150509 15 0.29293000 0.00147000 0.29280000 0.00100000 0.29270000 0.00100000 21.49280000 0.17219800 40.74580000 0.17430200 -9.00000000 0 0 -0.15484500 0.02967900 0.20797000 0.36413000 21.09710000 0.04364880 0.00006534 0.00000263 0.00019131 -0.00000060 -0.00000004 241.23400000 54.87810000 -999 -999 19.81010000 -30.72330000 250 0.00864525 10.78000000 0.00400000 55681.90000000 0.35840000 24 14.01900000 0.94622000 0.10770000 0.01230000 0.06140000 0.00200000 1.00000000 0.00200000
130755 15 0.29298000 0.00147000 0.29291000 0.00100000 0.29200000 0.00100000 21.57380000 0.20175700 40.82680000 0.20355600 -9.00000000 0 0 -0.10321300 0.03594500 -0.03960600 0.41737000 21.34540000 0.04179680 0.00005198 0.00000200 -0.00516815 0.00000020 -0.00000006 183.73200000 46.57590000 -999 -999 21.62280000 -17.34500000 250 0.01192710 8.95200000 0.82100000 55595.80000000 1.14610000 22 13.63770000 0.91384000 0.11810000 0.01230000 0.03250000 0.00200000 1.00000000 0.00500000
6249 1 0.29365000 0.00108000 0.29354000 0.00001000 0.29506000 0.00001000 21.60400000 0.20304700 40.85700000 0.20483400 -9.00000000 0 0 0.03218900 0.04756200 0.60496000 0.70178000 21.53480000 0.05148230 0.00004366 0.00000207 0.00788014 -0.00000077 -0.00000005 3.26560000 -0.62010000 -9 -9 0.58100000 -27.10830000 250 0.03387210 10.04700000 0.10700000 53675.40000000 0.68520000 43 31.44960000 0.90404000 0.16010000 0.00900000 -0.13190000 0.00500000 0.73800000 0.00000000
1303004 10 0.29504000 0.00512000 0.29496000 0.00500000 0.29600000 0.00500000 21.50900000 0.17166800 40.76200000 0.17377800 -9.00000000 0 0 -0.06905800 0.02779000 0.81245000 0.15999000 21.24750000 0.03218680 0.00005689 0.00000169 -0.00003023 -0.00000006 -0.00000004 35.29460000 -6.46310000 -999 -999 -9.00000000 -19.53480000 250 0.02078800 9.36900000 0.29450000 56960.60000000 0.18160000 45 37.22950000 0.78821000 0.07330000 0.04250000 0.01950000 0.00100000 1.00000000 0.00700000
19794 1 0.29580000 0.00108000 0.29568000 0.00005000 0.29724000 0.00005000 21.76790000 0.30672700 41.02090000 0.30791300 -9.00000000 0 0 0.05440100 0.07266500 -2.38106000 0.89829000 21.99440000 0.08091920 0.00002859 0.00000213 0.00843755 -0.00000084 -0.00000007 359.31900000 0.24940000 -9 -9 3.17100000 -27.37630000 250 0.03029410 11.36700000 0.10800000 54396.10000000 0.62840000 48 33.96930000 0.93719000 0.24470000 0.00890000 -0.34540000 0.01700000 0.71500000 0.00000000
580270 15 0.29587000 0.00147000 0.29576000 0.00100000 0.29500000 0.00100000 21.74590000 0.16356600 40.99890000 0.16577900 -9.00000000 0 0 -0.07123000 0.03589700 -0.00705000 0.30407000 21.58860000 0.05407990 0.00004155 0.00000207 0.00344028 -0.00000035 -0.00000006 130.20000000 44.59060000 -999 -999 -9.00000000 -25.26560000 250 0.02019680 9.85100000 0.18650000 56639.50000000 0.29800000 34 32.89550000 0.52163000 0.08290000 0.01220000 0.00960000 0.00100000 1.00000000 0.00600000
1119 1 0.29647000 0.00108000 0.29639000 0.00001000 0.29780000 0.00001000 21.74080000 0.36505700 40.99380000 0.36605400 -9.00000000 0 0 -0.13152500 0.05944400 0.80340000 1.41400000 21.36130000 0.07757060 0.00005122 0.00000366 -0.01051430 0.00000021 -0.00000009 320.41400000 0.89470000 -9 -9 3.14300000 -18.34410000 250 0.05736970 10.80400000 0.06600000 53623.70000000 2.76190000 48 26.31030000 0.99543000 0.28180000 0.00890000 0.09330000 0.00400000 0.78800000 0.00000000
13610 1 0.29692000 0.00108000 0.29683000 0.00001000 0.29831000 0.00001000 21.40650000 0.20081400 40.65950000 0.20262100 -9.00000000 0 0 -0.09145300 0.04320800 0.13994000 0.56351000 21.14580000 0.05207290 0.00006247 0.00000300 0.00122505 -0.00000071 -0.00000006 326.01500000 0.72630000 -9 -9 3.42000000 -20.19700000 250 0.05694880 10.47100000 0.09400000 53997.00000000 0.60130000 65 33.81330000 0.99952000 0.15320000 0.00890000 -0.00970000 0.00300000 0.77300000 0.00000000
1293319 10 0.29695000 0.00119000 0.29687000 0.00050000 0.29790000 0.00050000 21.49750000 0.20876200 40.75050000 0.21050100 -9.00000000 0 0 -0.01193700 0.03156700 1.83152000 0.27047000 21.30100000 0.03962530 0.00005415 0.00000198 0.00098264 -0.00000021 -0.00000005 36.00240000 -6.49770000 -999 -999 1.54000000 -19.27150000 250 0.02642470 9.22900000 0.01600000 56913.10000000 0.32860000 39 26.83600000 0.93006000 0.08720000 0.00980000 0.05820000 0.00900000 1.00000000 0.01200000
420196 15 0.29853000 0.01006000 0.29842000 0.01000000 0.30000000 0.01000000 22.01750000 0.23116000 41.27050000 0.23273100 -9.00000000 0 0 0.02487800 0.03817300 0.80539000 0.34157000 21.95730000 0.05440540 0.00002959 0.00000148 0.00102961 -0.00000018 -0.00000004 351.76100000 -1.02840000 -999 -999 23.18020000 -25.09950000 250 0.04371380 10.31500000 0.86700000 56165.80000000 0.42880000 40 51.52770000 0.10467000 0.11000000 0.08270000 -0.07070000 0.00200000 1.00000000 0.00600000
570025 15 0.29855000 0.01006000 0.29845000 0.01000000 0.30000000 0.01000000 21.40090000 0.27154400 40.65390000 0.27288300 -9.00000000 0 0 -0.07885200 0.06094900 -0.22356800 0.78076000 21.25530000 0.10342000 0.00005648 0.00000538 0.01240610 -0.00000149 -0.00000029 335.06000000 0.37760000 -999 -999 -9.00000000 -22.61900000 250 0.05528160 9.97300000 0.40350000 56610.20000000 0.92280000 12 12.55860000 0.40192000 0.15150000 0.08270000 0.01280000 0.00100000 1.00000000 0.00600000
6137 1 0.29893000 0.00119000 0.29888000 0.00050000 0.30010000 0.00050000 21.66650000 0.25361600 40.91950000 0.25505000 -9.00000000 0 0 -0.13912600 0.05409100 0.46651000 0.77581000 21.31230000 0.07558230 0.00005359 0.00000373 0.00570944 -0.00000087 -0.00000011 307.93600000 0.24480000 -9 -9 -9.00000000 -12.67960000 250 0.09648770 7.00000000 -9.00000000 53669.60000000 1.15270000 47 37.22480000 0.84565000 0.18230000 0.00980000 0.09250000 0.01000000 0.83500000 0.00000000
10550 1 0.29933000 0.00108000 0.29923000 0.00002000 0.30081000 0.00002000 21.75830000 0.34061200 41.01130000 0.34168100 -9.00000000 0 0 0.07810700 0.07576000 1.64631000 1.37807000 21.77020000 0.12808000 0.00003515 0.00000415 0.04527930 -0.00000474 -0.00000019 349.67500000 -1.20490000 -9 -9 1.67200000 -24.52490000 250 0.03239260 10.28900000 0.09600000 53691.10000000 0.94580000 31 17.30510000 0.97746000 0.28170000 0.00890000 -0.03910000 0.01100000 0.68600000 0.00000000
120444 15 0.29945000 0.00147000 0.29947000 0.00100000 0.30000000 0.00100000 21.76830000 0.19411200 41.02130000 0.19598100 -9.00000000 0 0 -0.18589700 0.11937000 0.27740000 0.83788000 21.31500000 0.18324000 0.00005346 0.00000902 0.12240000 -0.00000940 -0.00000150 51.68200000 -27.93620000 -999 -999 23.02780000 4.68630000 250 0.00946230 9.38900000 0.10000000 55576.60000000 0.56230000 9 12.53400000 0.18485000 0.10600000 0.01200000 0.11000000 0.00500000 1.00000000 0.00400000
14735 1 0.29947000 0.00108000 0.29936000 0.00002000 0.30044000 0.00002000 21.48050000 0.18449900 40.73350000 0.18646400 -9.00000000 0 0 0.03533300 0.04519900 0.00850900 0.43378000 21.46040000 0.05059040 0.00004676 0.00000218 0.00208327 -0.00000048 -0.00000005 35.15800000 0.34840000 -9 -9 1.89600000 -25.31920000 250 0.03145350 10.32600000 0.10900000 54013.80000000 0.49320000 66 59.72890000 0.69343000 0.14470000 0.00890000 -0.18050000 0.00500000 0.70600000 0.00000000
170428 15 0.30020000 0.00147000 0.30007000 0.00100000 0.30000000 0.00100000 21.73070000 0.19630900 40.98370000 0.19815800 -9.00000000 0 0 -0.02004000 0.03035000 -0.98564400 0.23041000 21.81860000 0.04328670 0.00003362 0.00000134 0.00045351 -0.00000006 -0.00000002 243.61900000 54.00300000 -999 -999 22.72970000 -29.98520000 250 0.00745847 9.10730000 0.10000000 55738.00000000 0.48370000 58 47.01580000 0.84837000 0.09580000 0.01200000 -0.04800000 0.00400000 1.00000000 0.00900000
5391 1 0.30030000 0.00119000 0.30022000 0.00050000 0.30090000 0.00050000 21.62650000 0.24570900 40.87950000 0.24718800 -9.00000000 0 0 -0.02194400 0.05833900 0.31208000 0.59078000 21.48250000 0.08127480 0.00004581 0.00000343 0.00682233 -0.00000122 -0.00000011 52.34200000 -1.09470000 -9 -9 2.36700000 -19.57580000 250 0.08770500 9.29900000 0.08900000 53658.80000000 0.60100000 77 64.35800000 0.84755000 0.18210000 0.00970000 -0.08250000 0.00800000 0.80800000 0.00000000
350078 15 0.30089000 0.00148000 0.30078000 0.00100000 0.30000000 0.00100000 21.91990000 0.29348600 41.17290000 0.29472600 -9.00000000 0 0 0.11893000 0.07934100 0.30461000 0.49376000 22.26360000 0.13619000 0.00002231 0.00000280 0.00677535 -0.00000016 -0.00000022 130.66300000 43.78410000 -999 -999 22.32960000 -24.11810000 250 0.02372690 9.34100000 1.21400000 55932.20000000 1.48820000 35 24.98950000 0.89482000 0.12250000 0.01210000 -0.03150000 0.00600000 1.00000000 0.02400000
350192 15 0.30142000 0.01006000 0.30150000 0.01000000 0.30000000 0.01000000 21.60550000 0.18979100 40.85850000 0.19170200 -9.00000000 0 0 -0.05285100 0.02656900 0.13433000 0.22628000 21.47540000 0.03381070 0.00004611 0.00000144 0.00108410 -0.00000010 -0.00000003 148.71600000 1.96170000 -999 -999 22.98710000 18.50410000 250 0.02177600 8.55300000 7.88000000 55952.50000000 0.26570000 42 41.62040000 0.48750000 0.06760000 0.08200000 0.00080000 0.00100000 1.00000000 0.00600000
570022 15 0.30152000 0.00148000 0.30141000 0.00100000 0.30300000 0.00100000 21.85560000 0.20427000 41.10860000 0.20604600 -9.00000000 0 0 -0.10447200 0.03464300 1.76431000 0.64396000 21.41760000 0.04228980 0.00004864 0.00000189 0.00651338 -0.00000054 -0.00000004 351.12400000 -0.48430000 -999 -999 21.21920000 -25.23750000 250 0.03780890 9.49900000 0.14500000 56597.10000000 0.76390000 16 15.95180000 0.45633000 0.11850000 0.01210000 0.09290000 0.00700000 1.00000000 0.00500000
460037 15 0.30251000 0.00148000 0.30254000 0.00100000 0.30300000 0.00100000 21.63640000 0.22312200 40.88940000 0.22475000 -9.00000000 0 0 -0.06649200 0.05381100 0.80778000 0.67564000 21.38010000 0.07615960 0.00005034 0.00000353 0.01602880 -0.00000158 -0.00000016 54.72700000 -27.54110000 -999 -999 21.10540000 5.14140000 250 0.01015740 9.65500000 0.30900000 56279.30000000 0.66620000 16 22.35150000 0.13220000 0.13410000 0.01200000 0.01610000 0.00100000 1.00000000 0.00600000
1339002 10 0.30304000 0.00120000 0.30296000 0.00050000 0.30400000 0.00050000 21.56740000 0.27337200 40.82040000 0.27470300 -9.00000000 0 0 0.09618400 0.04576300 -1.23765000 0.38786000 21.99360000 0.04746170 0.00002861 0.00000125 0.00178063 -0.00000019 -0.00000003 35.83050000 -6.52630000 -999 -999 0.61000000 -18.93110000 250 0.02317670 10.87100000 0.01700000 57369.80000000 0.47550000 19 14.23010000 0.77012000 0.13700000 0.00970000 -0.10620000 0.00600000 1.00000000 0.01700000
150457 15 0.30352000 0.00148000 0.30339000 0.00100000 0.30270000 0.00100000 21.66740000 0.13994100 40.92040000 0.14252100 -9.00000000 0 0 -0.09249100 0.02914700 0.54176000 0.28736000 21.35810000 0.03753290 0.00005138 0.00000178 0.00169916 -0.00000025 -0.00000004 161.35300000 57.21790000 -999 -999 18.33160000 -28.15060000 250 0.00693740 11.45400000 0.01000000 55686.20000000 0.26340000 26 33.94160000 0.13650000 0.08170000 0.01200000 0.00420000 0.00100000 1.00000000 0.00200000
7143 1 0.30365000 0.00109000 0.30354000 0.00003000 0.30514000 0.00003000 21.82480000 0.19567200 41.07780000 0.19752600 -9.00000000 0 0 0.01625200 0.04532000 -0.46085400 0.64910000 21.81090000 0.05262430 0.00003386 0.00000164 0.00495784 -0.00000044 -0.00000004 345.26200000 -0.20740000 -9 -9 1.71000000 -24.24960000 250 0.04618310 10.28000000 0.10800000 53677.80000000 0.61360000 88 53.24620000 0.99875000 0.15520000 0.00880000 -0.18450000 0.00500000 0.69500000 0.00000000
1287626 10 0.30404000 0.00512000 0.30396000 0.00500000 0.30500000 0.00500000 21.46600000 0.22044200 40.71900000 0.22209000 -9.00000000 0 0 -0.01782400 0.03137400 0.15425000 0.42960000 21.44270000 0.03616080 0.00004753 0.00000158 0.00108537 -0.00000017 -0.00000004 35.93180000 -5.96120000 -999 -999 1.26000000 -19.38550000 250 0.02280240 8.20300000 0.22600000 56682.80000000 0.40490000 11 12.80060000 0.30656000 0.09910000 0.04140000 0.00220000 0.00200000 1.00000000 0.01100000
19818 1 0.30406000 0.00109000 0.30395000 0.00001000 0.30503000 0.00001000 21.45220000 0.18050800 40.70520000 0.18251700 -9.00000000 0 0 -0.02914400 0.04579700 1.13593000 0.56459000 21.24150000 0.06099620 0.00005720 0.00000321 0.00860651 -0.00000137 -0.00000009 35.26670000 0.49640000 -9 -9 0.70600000 -25.11840000 250 0.02997250 10.15400000 0.10300000 54402.30000000 0.42300000 55 51.06180000 0.62584000 0.14390000 0.00880000 -0.00540000 0.00400000 0.71400000 0.00000000
1335717 10 0.30476000 0.00120000 0.30478000 0.00050000 0.30528000 0.00050000 21.78810000 0.24129600 41.04110000 0.24280200 -9.00000000 0 0 0.03978500 0.02733700 -0.07360700 0.12240000 21.97750000 0.03003320 0.00002904 0.00000080 -0.00006520 -0.00000002 -0.00000002 52.85990000 -28.35310000 -999 -999 1.55000000 5.31990000 250 0.00810654 9.77300000 0.00250000 57346.70000000 0.13710000 34 18.51320000 0.98580000 0.06970000 0.00970000 0.00310000 0.00300000 1.00000000 0.02100000
1259412 10 0.30486000 0.00120000 0.30477000 0.00050000 0.30581000 0.00050000 21.64880000 0.13748900 40.90180000 0.14011500 -9.00000000 0 0 -0.04835500 0.02754700 0.87031000 0.14364000 21.40250000 0.03094820 0.00004932 0.00000141 -0.00020857 -0.00000003 -0.00000003 36.34540000 -5.32410000 -999 -999 2.32000000 -19.80760000 250 0.02160980 10.51400000 0.00550000 56624.30000000 0.19830000 31 19.37690000 0.94824000 0.07300000 0.00970000 -0.02080000 0.00100000 1.00000000 0.00300000
12883 1 0.30526000 0.00120000 0.30519000 0.00050000 0.30650000 0.00050000 21.33940000 0.30552000 40.59240000 0.30671100 -9.00000000 0 0 -0.05435000 0.07544300 -2.03834000 0.89323000 21.36150000 0.10635000 0.00005122 0.00000502 0.02277140 -0.00000318 -0.00000019 312.62600000 0.39870000 -9 -9 0.53300000 -14.50580000 250 0.08087130 11.09900000 0.10500000 53980.20000000 0.83090000 48 31.37800000 0.96957000 0.24040000 0.00970000 -0.16300000 0.00900000 0.72800000 0.00000000
350630 15 0.30538000 0.00148000 0.30525000 0.00100000 0.30460000 0.00100000 21.65240000 0.13108700 40.90540000 0.13383900 -9.00000000 0 0 -0.02988200 0.02854300 0.71190000 0.23401000 21.46390000 0.03759610 0.00004661 0.00000161 0.00199150 -0.00000017 -0.00000004 162.40400000 58.95330000 -999 -999 18.54750000 -29.23570000 250 0.00631268 11.14900000 0.01000000 55963.20000000 0.23510000 47 40.28750000 0.74495000 0.06730000 0.01190000 -0.04350000 0.00100000 1.00000000 0.00300000
440005 15 0.30548000 0.00148000 0.30551000 0.00100000 0.30600000 0.00100000 21.75110000 0.22460800 41.00410000 0.22622500 -9.00000000 0 0 0.12966000 0.04008100 0.19459000 0.44287000 22.01410000 0.05300150 0.00002808 0.00000137 0.00618107 -0.00000028 -0.00000005 52.98930000 -28.88360000 -999 -999 19.03600000 5.82990000 250 0.00790840 11.38800000 0.02500000 56219.40000000 0.45000000 39 21.62340000 0.98907000 0.09680000 0.01190000 -0.16160000 0.00400000 1.00000000 0.01300000
350027 15 0.30581000 0.00148000 0.30568000 0.00100000 0.30500000 0.00100000 21.69210000 0.16327500 40.94510000 0.16549300 -9.00000000 0 0 0.03350300 0.03953900 -0.43136700 0.30677000 21.81360000 0.05653200 0.00003377 0.00000176 0.00689960 -0.00000037 -0.00000006 163.11900000 57.80720000 -999 -999 19.21640000 -28.19750000 250 0.00645307 11.05900000 0.02500000 55941.30000000 0.28640000 42 51.49290000 0.14959000 0.07350000 0.01190000 -0.09810000 0.00200000 1.00000000 0.00700000
560087 15 0.30652000 0.00148000 0.30641000 0.00100000 0.30800000 0.00100000 21.64290000 0.19974900 40.89590000 0.20156500 -9.00000000 0 0 -0.13041900 0.04927500 -1.46628000 0.44652000 21.54830000 0.06167330 0.00004312 0.00000245 0.00718996 -0.00000021 -0.00000006 352.67600000 -1.55600000 -999 -999 18.98230000 -24.22480000 250 0.03288460 11.27000000 0.01500000 56605.50000000 0.57100000 15 13.34400000 0.57575000 0.12870000 0.01190000 0.04000000 0.00300000 1.00000000 0.00200000
340334 15 0.30681000 0.00148000 0.30668000 0.00100000 0.30600000 0.00100000 21.90700000 0.23756600 41.16000000 0.23909500 -9.00000000 0 0 -0.10636200 0.04601600 -0.29310700 0.53544000 21.69950000 0.05765570 0.00003751 0.00000199 -0.00032835 -0.00000014 -0.00000005 163.26300000 57.80640000 -999 -999 -9.00000000 -28.13790000 250 0.00590469 7.00000000 -9.00000000 55913.30000000 1.32890000 30 29.32690000 0.50048000 0.14800000 0.01190000 0.02580000 0.00200000 1.00000000 0.00500000
1281668 10 0.30691000 0.00120000 0.30697000 0.00050000 0.30791000 0.00050000 21.70430000 0.14760900 40.95730000 0.15005800 -9.00000000 0 0 -0.12532100 0.03135300 0.19720000 0.27810000 21.38310000 0.03645700 0.00005021 0.00000169 0.00135364 -0.00000017 -0.00000004 9.41050000 -43.92030000 -999 -999 1.55000000 14.07640000 250 0.00697683 10.25100000 0.01850000 57271.20000000 0.31150000 54 33.99470000 0.98485000 0.08600000 0.00960000 0.04300000 0.00200000 1.00000000 0.00300000
520062 15 0.30818000 0.00148000 0.30805000 0.00100000 0.30800000 0.00100000 21.94880000 0.13701600 41.20180000 0.13965100 -9.00000000 0 0 -0.05076600 0.03416000 0.31474000 0.28254000 21.76240000 0.04559260 0.00003540 0.00000149 0.00352674 -0.00000023 -0.00000004 244.45100000 54.63340000 -999 -999 19.86690000 -29.94910000 250 0.00881981 10.63570000 0.10000000 56456.50000000 0.35340000 59 42.72130000 0.94531000 0.07750000 0.01180000 -0.03540000 0.00100000 1.00000000 0.00300000
5966 1 0.30834000 0.00109000 0.30822000 0.00002000 0.30963000 0.00002000 21.70030000 0.25262600 40.95330000 0.25406500 -9.00000000 0 0 0.00164800 0.05941600 0.49123000 0.88818000 21.57310000 0.07820200 0.00004215 0.00000304 0.01234600 -0.00000158 -0.00000009 16.19040000 0.51390000 -9 -9 2.38000000 -27.09750000 250 0.02312080 11.01100000 0.15400000 53660.00000000 1.02610000 48 42.49860000 0.69697000 0.20790000 0.00870000 -0.11230000 0.00400000 0.68100000 0.00000000
1319821 10 0.30878000 0.00120000 0.30881000 0.00050000 0.30929000 0.00050000 21.74240000 0.15000600 40.99540000 0.15241700 -9.00000000 0 0 -0.09795600 0.03222800 -0.49591100 0.22340000 21.58230000 0.03783620 0.00004179 0.00000146 0.00096279 -0.00000014 -0.00000003 53.35790000 -29.47190000 -999 -999 3.04000000 6.40800000 250 0.00919024 10.41700000 0.00950000 57020.50000000 0.21770000 29 24.57580000 0.70006000 0.08710000 0.00960000 0.01720000 0.00200000 1.00000000 0.00300000
6699 1 0.30922000 0.00120000 0.30915000 0.00050000 0.31060000 0.00050000 21.79300000 0.24918000 41.04600000 0.25063900 -9.00000000 0 0 -0.13186700 0.04983800 -0.64651000 0.88804000 21.55400000 0.05952060 0.00004290 0.00000235 0.01145820 -0.00000135 -0.00000004 322.81500000 -1.05700000 -9 -9 1.32700000 -16.93410000 250 0.04700200 10.65500000 0.14000000 53675.40000000 0.61050000 48 33.49200000 0.94447000 0.19320000 0.00960000 0.02100000 0.00600000 0.74600000 0.00000000
5844 1 0.30938000 0.00120000 0.30930000 0.00050000 0.31080000 0.00050000 21.72270000 0.26902800 40.97570000 0.27037900 -9.00000000 0 0 -0.13841400 0.06148900 0.14730000 0.88019000 21.39120000 0.09201120 0.00004983 0.00000422 0.02047890 -0.00000219 -0.00000013 327.78600000 -0.84290000 -9 -9 -9.00000000 -18.77030000 250 0.09165730 7.00000000 -9.00000000 53664.40000000 0.81900000 52 35.38340000 0.96226000 0.19890000 0.00960000 0.06590000 0.01000000 0.79700000 0.00000000
16211 1 0.30949000 0.00109000 0.30939000 0.00005000 0.31099000 0.00005000 21.76470000 0.29921300 41.01770000 0.30042900 -9.00000000 0 0 0.01710800 0.07365000 -1.95275000 0.79923000 21.88230000 0.09796250 0.00003170 0.00000286 0.01003700 -0.00000105 -0.00000008 348.16400000 0.26690000 -9 -9 5.45500000 -24.83950000 250 0.03952610 11.50000000 0.09300000 54041.50000000 0.60960000 43 22.45630000 0.99589000 0.24420000 0.00870000 -0.27580000 0.01200000 0.66600000 0.00000000
21042 1 0.30962000 0.00120000 0.30955000 0.00050000 0.31090000 0.00050000 21.46700000 0.25575600 40.72000000 0.25717700 -9.00000000 0 0 -0.08955100 0.05262600 1.25663000 0.77099000 21.14590000 0.06844300 0.00006247 0.00000394 0.00829441 -0.00000140 -0.00000008 315.01200000 0.82760000 -9 -9 1.63900000 -15.62260000 250 0.06655900 9.37400000 0.06200000 54423.40000000 0.78500000 25 40.86140000 0.02373960 0.18880000 0.00950000 0.08880000 0.01000000 0.78500000 0.00000000
1300516 10 0.31052000 0.00120000 0.31043000 0.00050000 0.31151000 0.00050000 21.36670000 0.33533600 40.61970000 0.33642100 -9.00000000 0 0 0.14708000 0.03394100 0.89671000 0.28608000 21.78030000 0.03868140 0.00003482 0.00000124 0.00080507 -0.00000014 -0.00000003 34.54640000 -5.01010000 -999 -999 0.25000000 -20.13230000 250 0.01846440 9.55700000 0.09750000 56949.30000000 0.30250000 46 26.75800000 0.98959000 0.09690000 0.00950000 0.03870000 0.00900000 1.00000000 0.04100000
15213 1 0.31061000 0.00120000 0.31053000 0.00050000 0.31120000 0.00050000 21.74320000 0.21973900 40.99620000 0.22139100 -9.00000000 0 0 -0.08628800 0.05892700 -0.07239800 0.62448000 21.50970000 0.07751350 0.00004468 0.00000319 0.01300470 -0.00000125 -0.00000010 53.01910000 -0.10010000 -9 -9 0.50000000 -19.67780000 250 0.08720150 10.72100000 0.08900000 54026.40000000 0.69940000 63 38.03820000 0.99462000 0.17300000 0.00950000 -0.02970000 0.00400000 0.72200000 0.00000000
500100 15 0.31088000 0.01006000 0.31077000 0.01000000 0.31000000 0.01000000 21.79300000 0.18063100 41.04600000 0.18263800 -9.00000000 0 0 -0.10601300 0.03030800 -0.71181500 0.41215000 21.63450000 0.03645290 0.00003983 0.00000134 0.00398237 -0.00000020 -0.00000003 131.63900000 45.35620000 -999 -999 22.61040000 -24.38720000 250 0.02414780 10.89800000 0.06900000 56391.80000000 0.41110000 23 22.64360000 0.48174000 0.08260000 0.07970000 0.01190000 0.00100000 1.00000000 0.00200000
000420 15 0.31144000 0.00148000 0.31152000 0.00100000 0.31000000 0.00100000 21.75930000 0.13914800 41.01230000 0.14174400 -9.00000000 0 0 -0.08177800 0.02632300 -0.74902100 0.17802000 21.66390000 0.03405290 0.00003876 0.00000122 0.00119379 -0.00000009 -0.00000003 149.82000000 1.61350000 -999 -999 22.37170000 18.64560000 250 0.01877680 9.74200000 0.70800000 55223.40000000 0.16160000 50 48.11830000 0.54920000 0.06300000 0.01170000 -0.00540000 0.00300000 1.00000000 0.00500000
1338128 10 0.31179000 0.00120000 0.31185000 0.00050000 0.31280000 0.00050000 21.78470000 0.20918900 41.03770000 0.21092500 -9.00000000 0 0 -0.01551800 0.03377900 -0.71059400 0.33205000 21.87980000 0.04433460 0.00003178 0.00000130 0.00251906 -0.00000016 -0.00000004 8.08370000 -43.74080000 -999 -999 0.12000000 13.74190000 250 0.00574561 9.26500000 0.02550000 57366.60000000 0.36160000 31 21.07430000 0.90994000 0.08540000 0.00950000 -0.01420000 0.00400000 1.00000000 0.01100000
1337838 10 0.31203000 0.00120000 0.31195000 0.00050000 0.31300000 0.00050000 21.69730000 0.15815800 40.95030000 0.16044600 -9.00000000 0 0 -0.04409800 0.02623700 0.99511000 0.20136000 21.48090000 0.03317790 0.00004588 0.00000140 0.00097174 -0.00000009 -0.00000003 35.49600000 -6.49820000 -999 -999 0.33000000 -18.57360000 250 0.02315910 8.42400000 0.44350000 57364.70000000 0.20340000 32 28.75090000 0.63178000 0.06570000 0.00950000 0.01440000 0.00200000 1.00000000 0.00700000
1263369 10 0.31262000 0.00120000 0.31252000 0.00050000 0.31343000 0.00050000 21.70350000 0.14725400 40.95650000 0.14970900 -9.00000000 0 0 -0.09600700 0.03212500 0.17184000 0.27034000 21.44670000 0.04585330 0.00004735 0.00000200 0.00164368 -0.00000019 -0.00000005 43.22950000 -0.54180000 -999 -999 1.83000000 -21.92440000 250 0.05657330 10.84500000 0.08500000 56665.80000000 0.27430000 32 20.77550000 0.93646000 0.08510000 0.00950000 0.01310000 0.00200000 1.00000000 0.00300000
1294743 10 0.31267000 0.00120000 0.31258000 0.00050000 0.31363000 0.00050000 21.78220000 0.27816700 41.03520000 0.27947500 -9.00000000 0 0 0.20479000 0.03861800 -0.27016800 0.36056000 22.33840000 0.05749730 0.00002083 0.00000110 0.00443979 -0.00000020 -0.00000003 36.10250000 -4.67490000 -999 -999 1.09000000 -20.00680000 250 0.02217270 10.26300000 0.09450000 56912.50000000 0.45810000 51 18.42890000 0.99999000 0.09290000 0.00950000 -0.16930000 0.01000000 1.00000000 0.02500000
20142 1 0.31270000 0.00120000 0.31259000 0.00050000 0.31390000 0.00050000 21.37090000 0.20442400 40.62390000 0.20620000 -9.00000000 0 0 -0.08771400 0.03977000 1.27633000 0.65075000 21.05320000 0.04719820 0.00006804 0.00000296 0.00524123 -0.00000117 -0.00000006 23.00820000 -0.42970000 -9 -9 1.01200000 -25.52440000 250 0.03236490 9.36500000 0.13000000 54412.30000000 0.50000000 40 26.66850000 0.94753000 0.14640000 0.00950000 0.08940000 0.01100000 0.77100000 0.00000000
1283878 10 0.31296000 0.00120000 0.31287000 0.00050000 0.31390000 0.00050000 21.76650000 0.20170000 41.01950000 0.20349900 -9.00000000 0 0 -0.02605800 0.04902200 -0.84420200 0.47435000 21.81900000 0.07382550 0.00003361 0.00000229 0.00932012 -0.00000068 -0.00000008 37.13320000 -4.04130000 -999 -999 0.07000000 -20.31470000 250 0.02306000 11.40900000 0.19550000 57265.50000000 0.42820000 52 9.46024000 1.00000000 0.12230000 0.00950000 -0.04390000 0.00200000 1.00000000 0.00400000
1341894 10 0.31303000 0.00120000 0.31294000 0.00050000 0.31401000 0.00050000 21.75310000 0.17472100 41.00610000 0.17679400 -9.00000000 0 0 -0.05245100 0.03614300 -0.24605400 0.36792000 21.65500000 0.04351200 0.00003908 0.00000157 0.00210869 -0.00000022 -0.00000004 35.30250000 -4.65020000 -999 -999 0.05000000 -20.15260000 250 0.02228130 10.00300000 0.00900000 57390.10000000 0.38800000 24 9.86492000 0.99508000 0.10500000 0.00950000 -0.02460000 0.00100000 1.00000000 0.00300000
19632 1 0.31387000 0.00110000 0.31377000 0.00008000 0.31475000 0.00008000 21.76980000 0.21272700 41.02280000 0.21443400 -9.00000000 0 0 -0.05209700 0.05336900 0.13675000 0.55748000 21.56840000 0.06674980 0.00004233 0.00000260 0.00800680 -0.00000101 -0.00000006 40.28650000 0.14440000 -9 -9 0.89200000 -23.12190000 250 0.02533740 11.11300000 0.10800000 54396.70000000 0.47680000 59 48.52330000 0.83296000 0.17090000 0.00860000 -0.07260000 0.00400000 0.69300000 0.00000000
530112 15 0.31453000 0.00148000 0.31444000 0.00100000 0.31600000 0.00100000 21.87210000 0.15335200 41.12510000 0.15571100 -9.00000000 0 0 -0.05323400 0.03434400 -0.63989700 0.27267000 21.81710000 0.04449180 0.00003366 0.00000138 0.00179109 -0.00000015 -0.00000003 333.56900000 0.92090000 -999 -999 -9.00000000 -21.66330000 250 0.03542560 10.67800000 0.12750000 56487.70000000 0.28660000 52 74.78060000 0.02091610 0.09040000 0.01160000 -0.03720000 0.00100000 1.00000000 0.00200000
15383 1 0.31506000 0.00110000 0.31495000 0.00006000 0.31606000 0.00006000 21.76640000 0.22619900 41.01940000 0.22780400 -9.00000000 0 0 -0.03445500 0.05034300 0.13985000 0.74016000 21.59670000 0.05778250 0.00004124 0.00000219 0.00616492 -0.00000102 -0.00000005 34.14950000 -0.15520000 -9 -9 0.72000000 -24.05430000 250 0.02804390 10.78600000 0.16200000 54030.50000000 0.74000000 54 62.75300000 0.19379000 0.18510000 0.00860000 -0.09490000 0.00400000 0.67200000 0.00000000
6649 1 0.31520000 0.00512000 0.31509000 0.00500000 0.31620000 0.00500000 21.63070000 0.21830100 40.88370000 0.21996400 -9.00000000 0 0 -0.08875500 0.04474600 0.75536000 0.62337000 21.33820000 0.04714390 0.00005232 0.00000227 0.00535651 -0.00000076 -0.00000004 34.27590000 0.53480000 -9 -9 -9.00000000 -24.56290000 250 0.02934630 7.00000000 -9.00000000 53677.90000000 0.61950000 52 37.22840000 0.93907000 0.15590000 0.04010000 0.04100000 0.00900000 0.76000000 0.00000000
110716 15 0.31588000 0.00148000 0.31577000 0.00100000 0.31500000 0.00100000 21.95030000 0.23173600 41.20330000 0.23330400 -9.00000000 0 0 0.00051000 0.04787400 -1.49092000 0.43902000 22.13450000 0.05649540 0.00002513 0.00000131 0.00507543 -0.00000021 -0.00000005 128.98600000 43.49450000 -999 -999 21.03120000 -23.43870000 250 0.02145440 7.00000000 1.00000000 55565.80000000 0.68870000 35 44.64740000 0.12723000 0.12320000 0.01160000 -0.08980000 0.01100000 1.00000000 0.01000000
15776 1 0.31593000 0.00110000 0.31582000 0.00006000 0.31696000 0.00006000 21.68000000 0.22603100 40.93300000 0.22763800 -9.00000000 0 0 -0.13428600 0.05086600 -2.23040000 0.60327000 21.59330000 0.05509770 0.00004137 0.00000210 0.00741477 -0.00000068 -0.00000004 32.82940000 -0.99830000 -9 -9 3.11300000 -23.52000000 250 0.02517940 11.21100000 0.10100000 54033.80000000 0.51180000 48 47.81300000 0.48045000 0.16900000 0.00860000 -0.05290000 0.01400000 0.72500000 0.00000000
6100 1 0.31623000 0.00121000 0.31613000 0.00050000 0.31770000 0.00050000 21.94490000 0.27275800 41.19790000 0.27409100 -9.00000000 0 0 0.05190600 0.06599600 2.09309000 1.17879000 21.87670000 0.08838120 0.00003187 0.00000259 0.03138610 -0.00000237 -0.00000010 333.48300000 1.08650000 -9 -9 1.50800000 -21.67930000 250 0.03601170 10.19400000 0.11700000 53666.00000000 1.16720000 49 47.00710000 0.55427000 0.23450000 0.00940000 0.02770000 0.01300000 0.60100000 0.00000000
100163 15 0.31782000 0.00149000 0.31773000 0.00100000 0.31880000 0.00100000 21.82080000 0.19405200 41.07380000 0.19592100 -9.00000000 0 0 -0.07580600 0.05135100 0.29458000 0.46377000 21.58230000 0.08461050 0.00004179 0.00000326 0.00716764 -0.00000094 -0.00000014 35.44230000 -5.15160000 -999 -999 21.34770000 -19.43780000 250 0.01965680 10.43400000 0.35800000 55522.80000000 0.42160000 15 8.99185000 0.87794000 0.12440000 0.01160000 -0.01310000 0.00100000 1.00000000 0.00200000
1345553 10 0.31804000 0.00121000 0.31795000 0.00050000 0.31902000 0.00050000 21.82420000 0.16501900 41.07720000 0.16721300 -9.00000000 0 0 -0.15053200 0.03134500 0.15139000 0.48452000 21.45640000 0.03877080 0.00004693 0.00000168 0.00403544 -0.00000040 -0.00000004 35.34470000 -4.66800000 -999 -999 0.72000000 -19.86670000 250 0.02164760 10.03400000 0.10350000 57394.40000000 0.39440000 20 16.76960000 0.66788000 0.09980000 0.00940000 0.06770000 0.00300000 1.00000000 0.00300000
080646 15 0.31822000 0.00149000 0.31813000 0.00100000 0.31970000 0.00100000 21.76690000 0.15109600 41.01990000 0.15348900 -9.00000000 0 0 -0.08968200 0.03798200 -1.04365000 0.27178000 21.69070000 0.05371090 0.00003782 0.00000187 0.00328611 -0.00000026 -0.00000005 334.62200000 0.94150000 -999 -999 19.99230000 -21.77900000 250 0.05260640 10.76800000 0.02300000 55462.20000000 0.25170000 46 42.97030000 0.59991000 0.09030000 0.01160000 -0.00520000 0.00200000 1.00000000 0.00200000
550059 15 0.31850000 0.00149000 0.31839000 0.00100000 0.32000000 0.00100000 22.08150000 0.32681200 41.33450000 0.32792500 -9.00000000 0 0 0.05537500 0.11618000 -0.62168400 0.50230000 22.27670000 0.17247000 0.00002205 0.00000350 0.02300180 -0.00000086 -0.00000037 351.30300000 -1.02450000 -999 -999 20.90140000 -23.68890000 250 0.03293170 10.24380000 0.10000000 56558.20000000 0.58340000 32 27.50550000 0.69359000 0.20680000 0.01160000 -0.12010000 0.00200000 1.00000000 0.00800000
310188 15 0.31901000 0.01006000 0.31893000 0.01000000 0.32000000 0.01000000 21.88800000 0.17561000 41.14100000 0.17767400 -9.00000000 0 0 -0.07132800 0.03128300 -0.21931400 0.24038000 21.73090000 0.03858820 0.00003644 0.00000130 0.00181781 -0.00000014 -0.00000003 35.27760000 -4.51960000 -999 -999 19.07580000 -19.94710000 250 0.02223820 11.26400000 0.07100000 55825.10000000 0.28590000 49 36.67080000 0.90313000 0.07760000 0.07790000 -0.02130000 0.00100000 1.00000000 0.00200000
440509 15 0.31901000 0.01006000 0.31892000 0.01000000 0.32000000 0.01000000 21.64110000 0.20208000 40.89410000 0.20387600 -9.00000000 0 0 -0.09353200 0.06121400 -0.43824100 0.65383000 21.46920000 0.08365700 0.00004638 0.00000357 0.02712550 -0.00000172 -0.00000020 34.84960000 -5.43040000 -999 -999 18.48630000 -19.25480000 250 0.01877560 11.50000000 0.10000000 56229.20000000 0.55180000 20 15.23770000 0.76265000 0.10530000 0.07790000 0.00030000 0.00100000 1.00000000 0.00200000
170078 15 0.32096000 0.00149000 0.32089000 0.00100000 0.32000000 0.00100000 21.97850000 0.20553000 41.23150000 0.20729600 -9.00000000 0 0 -0.10074500 0.04378800 -1.10830000 0.54360000 21.88600000 0.05391060 0.00003159 0.00000157 0.00309678 -0.00000020 -0.00000004 186.18300000 47.66810000 -999 -999 21.79340000 -16.95510000 250 0.01034640 10.41900000 0.04500000 55727.60000000 0.60790000 13 7.11229000 0.89627000 0.13280000 0.01150000 0.00320000 0.00200000 1.00000000 0.00200000
330128 15 0.32104000 0.00149000 0.32095000 0.00100000 0.32200000 0.00100000 21.70160000 0.15402500 40.95460000 0.15637300 -9.00000000 0 0 -0.08922200 0.03199100 0.40814000 0.39417000 21.41720000 0.03871380 0.00004865 0.00000173 0.00232913 -0.00000024 -0.00000004 36.82280000 -3.82130000 -999 -999 19.71470000 -20.15080000 250 0.02568600 10.81200000 0.02400000 55890.20000000 0.45760000 26 30.97390000 0.22924000 0.09440000 0.01150000 -0.00070000 0.00100000 1.00000000 0.00200000
1266657 10 0.32118000 0.00512000 0.32108000 0.00500000 0.32200000 0.00500000 21.93910000 0.29219900 41.19210000 0.29344400 -9.00000000 0 0 0.05251800 0.04298900 0.35082000 0.71521000 22.11320000 0.06161430 0.00002563 0.00000145 0.01286420 -0.00000045 -0.00000005 43.27310000 0.55750000 -999 -999 -9.00000000 -22.29940000 250 0.07429340 2.00000000 2.00000000 56688.00000000 0.67080000 16 14.50750000 0.56096000 0.11930000 0.03940000 0.01110000 0.00300000 1.00000000 0.02300000
120085 15 0.32206000 0.00149000 0.32214000 0.00100000 0.32060000 0.00100000 21.47410000 0.19742800 40.72710000 0.19926500 -9.00000000 0 0 0.04262300 0.04238000 -2.28164000 0.32831000 21.86390000 0.05002950 0.00003224 0.00000149 0.00450417 -0.00000026 -0.00000005 150.47100000 2.04260000 -999 -999 19.72790000 17.97740000 250 0.01509020 10.90000000 0.11500000 55571.20000000 0.30340000 31 38.70260000 0.16099000 0.10490000 0.01140000 -0.13100000 0.00700000 1.00000000 0.00700000
580104 15 0.32223000 0.00121000 0.32214000 0.00050000 0.32320000 0.00050000 21.60980000 0.15586400 40.86280000 0.15818600 -9.00000000 0 0 -0.05695300 0.03539900 -0.73356400 0.25118000 21.55660000 0.04552490 0.00004279 0.00000179 0.00190465 -0.00000021 -0.00000004 36.11960000 -4.96730000 -999 -999 -9.00000000 -19.26990000 250 0.02516580 11.50000000 0.01600000 56638.80000000 0.25570000 33 33.03220000 0.46568000 0.09310000 0.00930000 -0.03770000 0.00100000 1.00000000 0.00200000
1261579 10 0.32223000 0.00121000 0.32214000 0.00050000 0.32320000 0.00050000 21.62440000 0.13612100 40.87740000 0.13877300 -9.00000000 0 0 -0.00865800 0.02380500 -0.17057100 0.11094000 21.61950000 0.03093110 0.00004038 0.00000115 0.00032240 -0.00000003 -0.00000002 36.11960000 -4.96730000 -999 -999 3.69000000 -19.26990000 250 0.02516640 11.16300000 0.07200000 56638.50000000 0.10980000 36 32.36980000 0.64198000 0.05610000 0.00930000 -0.05570000 0.00200000 1.00000000 0.00500000
7475 1 0.32276000 0.00512000 0.32265000 0.00500000 0.32420000 0.00500000 21.67860000 0.21017700 40.93160000 0.21190400 -9.00000000 0 0 -0.17028100 0.04075700 0.68821000 0.59901000 21.27850000 0.04354010 0.00005528 0.00000222 0.00495899 -0.00000071 -0.00000004 4.75350000 -0.28150000 -9 -9 -9.00000000 -25.40460000 250 0.02350080 7.00000000 -9.00000000 53676.60000000 0.57080000 39 28.89460000 0.88179000 0.14450000 0.03920000 0.17560000 0.01700000 0.75500000 0.00000000
05D2ab 4 0.32446000 0.00149000 0.32454000 0.00100000 0.32300000 0.00100000 21.81690000 0.12355200 41.06990000 0.12646800 -9.00000000 0 0 -0.04601100 0.02212800 -0.15645700 0.08374600 21.72520000 0.02702280 0.00003664 0.00000091 0.00023343 -0.00000001 -0.00000002 150.46200000 2.10630000 -999 -999 -9.00000000 17.79480000 250 0.01528850 10.09800000 0.08000000 53381.30000000 0.10230000 23 31.10340000 0.12027000 0.05300000 0.01140000 -0.02490000 0.00200000 1.00000000 0.00400000
050291 15 0.32548000 0.00149000 0.32535000 0.00100000 0.32530000 0.00100000 21.97430000 0.19137000 41.22730000 0.19326500 -9.00000000 0 0 0.00732400 0.04019300 0.33582000 0.38842000 21.91830000 0.04721700 0.00003067 0.00000133 0.00438778 -0.00000028 -0.00000004 244.56600000 55.38470000 -999 -999 18.98970000 -29.16030000 250 0.00953809 11.16900000 0.03600000 55349.40000000 0.42540000 38 39.77930000 0.39079000 0.11110000 0.01130000 -0.08160000 0.00100000 1.00000000 0.00500000
500301 15 0.32560000 0.00149000 0.32550000 0.00100000 0.32500000 0.00100000 22.00950000 0.25385400 41.26250000 0.25528600 -9.00000000 0 0 0.18400000 0.04665800 0.72170000 0.37550000 22.32510000 0.06444960 0.00002108 0.00000125 0.00639330 -0.00000026 -0.00000005 215.54800000 52.63180000 -999 -999 20.65670000 -22.33110000 250 0.00802970 10.19630000 0.10000000 56406.10000000 0.43000000 54 65.72840000 0.13157000 0.10390000 0.01130000 -0.19930000 0.00700000 1.00000000 0.01500000
18617 1 0.32580000 0.00111000 0.32570000 0.00006000 0.32732000 0.00006000 21.91090000 0.26992700 41.16390000 0.27127400 -9.00000000 0 0 -0.02638400 0.05835100 -0.18365900 0.93194000 21.76070000 0.06973940 0.00003546 0.00000228 0.00783610 -0.00000111 -0.00000004 345.76200000 0.84920000 -9 -9 0.84500000 -23.80980000 250 0.03676760 10.07600000 0.15000000 54381.40000000 1.20930000 55 42.13920000 0.89840000 0.22770000 0.00840000 -0.14810000 0.00500000 0.61900000 0.00000000
1305626 10 0.32581000 0.00121000 0.32573000 0.00050000 0.32680000 0.00050000 21.79480000 0.13912000 41.04780000 0.14171600 -9.00000000 0 0 -0.10959100 0.02318200 -0.31760000 0.10002000 21.59440000 0.02919660 0.00004133 0.00000111 0.00006476 -0.00000001 -0.00000002 35.65460000 -4.13330000 -999 -999 0.17000000 -19.85760000 250 0.02147580 9.28300000 0.03200000 56974.70000000 0.15040000 52 36.15800000 0.95349000 0.05700000 0.00920000 0.03920000 0.00200000 1.00000000 0.00600000
1308326 10 0.32632000 0.00121000 0.32622000 0.00050000 0.32717000 0.00050000 21.79740000 0.15486500 41.05040000 0.15720100 -9.00000000 0 0 -0.12074400 0.02763500 0.41024000 0.19847000 21.47090000 0.03883400 0.00004631 0.00000166 0.00040499 -0.00000007 -0.00000003 42.27010000 0.58230000 -999 -999 1.30000000 -22.27010000 250 0.05015480 9.66500000 0.01500000 56976.20000000 0.24280000 62 35.88230000 0.99682000 0.07240000 0.00920000 0.05500000 0.00200000 1.00000000 0.00500000
14456 1 0.32804000 0.00111000 0.32794000 0.00004000 0.32956000 0.00004000 21.74720000 0.16969900 41.00020000 0.17183300 -9.00000000 0 0 -0.01995000 0.05087500 -0.04895000 0.57986000 21.60120000 0.07168260 0.00004107 0.00000271 0.00981906 -0.00000099 -0.00000011 343.55100000 1.05070000 -9 -9 0.89700000 -23.40000000 250 0.08689160 11.09500000 0.17600000 54018.60000000 0.48770000 135 97.81850000 0.99325000 0.13760000 0.00840000 -0.14400000 0.00600000 0.60200000 0.00000000
050303 15 0.32842000 0.00149000 0.32829000 0.00100000 0.32820000 0.00100000 22.05490000 0.30724400 41.30790000 0.30842800 -9.00000000 0 0 0.18093000 0.05138900 0.64110000 0.73945000 22.37050000 0.06245600 0.00002022 0.00000116 0.01132760 -0.00000052 -0.00000004 241.43700000 56.07440000 -999 -999 18.91790000 -28.76180000 250 0.00732664 11.24800000 0.02200000 55355.90000000 0.74130000 36 27.39200000 0.84815000 0.16000000 0.01120000 -0.20170000 0.00800000 1.00000000 0.01500000
530219 15 0.32848000 0.01006000 0.32838000 0.01000000 0.33000000 0.01000000 22.09800000 0.27738800 41.35100000 0.27869900 -9.00000000 0 0 -0.13610000 0.07210400 -0.97148000 0.45815000 21.91450000 0.14065000 0.00003078 0.00000399 0.01129660 -0.00000065 -0.00000019 351.52900000 -0.31940000 -999 -999 20.83210000 -23.68450000 250 0.03413290 11.10190000 0.10000000 56472.80000000 1.82280000 29 18.44050000 0.93480000 0.17060000 0.07590000 0.04160000 0.00200000 1.00000000 0.00200000
430003 15 0.32851000 0.00149000 0.32843000 0.00100000 0.33000000 0.00100000 21.68100000 0.29441500 40.93400000 0.29565100 -9.00000000 0 0 0.10222000 0.04776700 1.44162000 0.40168000 21.83500000 0.07132600 0.00003311 0.00000218 -0.00121015 -0.00000038 -0.00000007 333.38000000 -0.45290000 -999 -999 23.68270000 -19.75890000 250 0.07925230 7.00000000 1.08800000 56177.10000000 0.48320000 30 34.32300000 0.26811000 0.14300000 0.01120000 -0.00180000 0.00900000 1.00000000 0.02000000
1337687 10 0.32868000 0.00122000 0.32870000 0.00050000 0.32917000 0.00050000 21.81860000 0.14804300 41.07160000 0.15048500 -9.00000000 0 0 -0.13543800 0.02450300 0.95058000 0.15094000 21.38550000 0.03012600 0.00005009 0.00000139 0.00035302 -0.00000006 -0.00000003 55.04710000 -26.97560000 -999 -999 0.15000000 4.40590000 250 0.01221740 8.40000000 0.13600000 57361.50000000 0.20800000 43 37.01350000 0.72753000 0.06130000 0.00920000 0.07360000 0.00300000 1.00000000 0.00500000
1306073 10 0.32868000 0.00122000 0.32859000 0.00050000 0.32964000 0.00050000 21.84700000 0.14162100 41.10000000 0.14417200 -9.00000000 0 0 -0.04137100 0.03030800 -1.32563000 0.19951000 21.93360000 0.03831040 0.00003024 0.00000107 0.00105349 -0.00000008 -0.00000002 36.85060000 -3.74940000 -999 -999 0.50000000 -19.80640000 250 0.02425330 10.40000000 0.15100000 56972.20000000 0.28680000 52 9.74711000 1.00000000 0.07630000 0.00920000 -0.03350000 0.00200000 1.00000000 0.00300000
6924 1 0.32871000 0.00512000 0.32860000 0.00500000 0.33020000 0.00500000 21.67460000 0.22054900 40.92760000 0.22219500 -9.00000000 0 0 -0.07177600 0.04295900 0.96541000 0.79343000 21.38870000 0.04845190 0.00004995 0.00000223 0.00884579 -0.00000110 -0.00000004 358.96900000 0.87700000 -9 -9 -9.00000000 -25.52380000 250 0.02727770 7.00000000 -9.00000000 53674.60000000 0.68410000 47 35.60140000 0.88812000 0.16470000 0.03860000 0.02600000 0.01100000 0.68300000 0.00000000
1316465 10 0.32907000 0.00122000 0.32910000 0.00050000 0.32961000 0.00050000 21.80360000 0.16293000 41.05660000 0.16515200 -9.00000000 0 0 -0.02719600 0.02287100 0.43224000 0.10403000 21.70830000 0.02833740 0.00003721 0.00000097 0.00030169 -0.00000003 -0.00000002 52.79750000 -27.95930000 -999 -999 1.55000000 4.63720000 250 0.00727767 9.31600000 0.05650000 57021.60000000 0.10650000 37 44.34210000 0.18965000 0.05490000 0.00920000 0.00020000 0.00200000 1.00000000 0.00900000
13934 1 0.32941000 0.00111000 0.32931000 0.00004000 0.33093000 0.00004000 22.15790000 0.30939600 41.41090000 0.31057100 -9.00000000 0 0 -0.08845700 0.07333400 -0.65462300 0.88470000 21.96600000 0.09251520 0.00002935 0.00000250 0.01255610 -0.00000122 -0.00000006 342.11100000 -0.43530000 -9 -9 2.08900000 -21.85790000 250 0.08618940 10.79100000 0.11900000 54007.30000000 0.99100000 66 40.29990000 0.99474000 0.25740000 0.00840000 -0.06730000 0.00600000 0.65600000 0.00000000
540163 15 0.32952000 0.00149000 0.32943000 0.00100000 0.33050000 0.00100000 21.98610000 0.16024000 41.23910000 0.16249800 -9.00000000 0 0 0.03962700 0.03312300 -0.23679100 0.35653000 22.08200000 0.04293040 0.00002638 0.00000104 0.00524832 -0.00000018 -0.00000003 36.07230000 -3.30930000 -999 -999 20.21880000 -20.25730000 250 0.02249170 10.35900000 0.37400000 56516.20000000 0.38520000 38 23.00570000 0.97377000 0.07230000 0.01120000 -0.11400000 0.00200000 1.00000000 0.00600000
1301933 10 0.32968000 0.00122000 0.32960000 0.00050000 0.33065000 0.00050000 21.85010000 0.11158300 41.10310000 0.11480300 -9.00000000 0 0 -0.13295900 0.02262500 -0.22492500 0.08757600 21.57310000 0.02915030 0.00004215 0.00000113 -0.00000494 -0.00000001 -0.00000002 36.66370000 -4.97080000 -999 -999 -9.00000000 -18.78470000 250 0.02301310 10.00600000 0.09950000 56952.90000000 0.11270000 53 70.19750000 0.05694910 0.05530000 0.00920000 0.04860000 0.00300000 1.00000000 0.00300000
13830 1 0.32995000 0.00111000 0.32985000 0.00004000 0.33147000 0.00004000 21.59140000 0.20806800 40.84440000 0.20981300 -9.00000000 0 0 -0.01860000 0.05417300 1.23542000 0.64992000 21.39550000 0.08027880 0.00004964 0.00000367 0.00818515 -0.00000132 -0.00000009 351.56200000 -0.38230000 -9 -9 2.76100000 -23.57300000 250 0.03458120 11.17400000 0.07500000 53991.00000000 0.76030000 61 41.69050000 0.97222000 0.18190000 0.00830000 -0.00850000 0.00600000 0.59100000 0.00000000
120369 15 0.33047000 0.00149000 0.33055000 0.00100000 0.32900000 0.00100000 21.97760000 0.12880700 41.23060000 0.13160700 -9.00000000 0 0 -0.12732400 0.03111900 -0.22377600 0.32789000 21.70440000 0.04517120 0.00003734 0.00000155 0.00420854 -0.00000033 -0.00000004 150.99500000 2.26240000 -999 -999 20.23820000 17.54660000 250 0.02026460 10.56300000 0.16600000 55584.30000000 0.33500000 33 35.90540000 0.33387000 0.07600000 0.01120000 0.03510000 0.00200000 1.00000000 0.00200000
1338675 10 0.33056000 0.00122000 0.33048000 0.00050000 0.33153000 0.00050000 21.91440000 0.21272000 41.16740000 0.21442600 -9.00000000 0 0 0.02246400 0.02664500 0.01990900 0.19015000 22.02750000 0.03423220 0.00002773 0.00000087 0.00145472 -0.00000007 -0.00000002 36.74370000 -4.96770000 -999 -999 0.42000000 -18.74550000 250 0.02193220 9.50700000 0.01700000 57371.90000000 0.18880000 24 10.43970000 0.99248000 0.06170000 0.00920000 -0.00580000 0.00300000 1.00000000 0.01600000
4241 1 0.33063000 0.00122000 0.33052000 0.00050000 0.33200000 0.00050000 21.91590000 0.22950700 41.16890000 0.23109000 -9.00000000 0 0 -0.05428900 0.05589400 0.23506000 0.66919000 21.70160000 0.06414800 0.00003744 0.00000221 0.00718024 -0.00000091 -0.00000005 12.23770000 -0.90570000 -9 -9 0.94600000 -24.51510000 250 0.02730640 9.26100000 0.21000000 53638.40000000 0.74580000 64 46.07560000 0.95561000 0.18980000 0.00910000 -0.06420000 0.01100000 0.63600000 0.00000000
480184 15 0.33089000 0.00149000 0.33080000 0.00100000 0.33000000 0.00100000 21.90560000 0.23792600 41.15860000 0.23945300 -9.00000000 0 0 0.07820900 0.04542100 -2.18801000 0.54844000 22.35760000 0.05400910 0.00002046 0.00000102 0.00481851 -0.00000019 -0.00000003 129.73600000 43.31390000 -999 -999 -9.00000000 -22.21020000 250 0.02061300 11.07300000 0.04000000 56334.10000000 0.56930000 48 54.94730000 0.22820000 0.13180000 0.01120000 -0.16510000 0.01000000 1.00000000 0.00900000
370394 15 0.33090000 0.01006000 0.33080000 0.01000000 0.33000000 0.01000000 21.74300000 0.21032200 40.99600000 0.21204800 -9.00000000 0 0 -0.09463800 0.03489800 -0.44361100 0.53000000 21.56720000 0.03935350 0.00004238 0.00000154 0.00304884 -0.00000025 -0.00000003 132.37900000 45.00220000 -999 -999 22.95180000 -22.70430000 250 0.02418530 10.29100000 6.45600000 56005.00000000 0.63340000 12 9.44550000 0.66448000 0.11520000 0.07540000 -0.00100000 0.00100000 1.00000000 0.00200000
03D1fc 4 0.33103000 0.00149000 0.33094000 0.00100000 0.33200000 0.00100000 21.75680000 0.13443200 41.00980000 0.13711600 -9.00000000 0 0 -0.02303100 0.02376900 0.65439000 0.11829000 21.60060000 0.02905110 0.00004109 0.00000110 0.00053098 -0.00000004 -0.00000002 36.43160000 -4.14410000 -999 -999 -9.00000000 -19.45320000 250 0.02328690 10.39100000 0.03600000 53002.80000000 0.10430000 15 7.33996000 0.94752000 0.05730000 0.01120000 -0.04090000 0.00200000 1.00000000 0.00500000
580235 15 0.33147000 0.01006000 0.33154000 0.01000000 0.33000000 0.01000000 21.77710000 0.21701800 41.03010000 0.21869200 -9.00000000 0 0 0.00228800 0.03992400 -0.33014800 0.30908000 21.83330000 0.05680960 0.00003316 0.00000174 0.00516141 -0.00000031 -0.00000006 150.23500000 2.57960000 -999 -999 22.67180000 17.05120000 250 0.01623780 9.28320000 0.10000000 56643.90000000 0.28010000 25 25.87960000 0.41405000 0.08470000 0.07530000 -0.05200000 0.00300000 1.00000000 0.00900000
20106 1 0.33147000 0.00122000 0.33137000 0.00050000 0.33300000 0.00050000 21.98050000 0.28420100 41.23350000 0.28548100 -9.00000000 0 0 -0.10608300 0.06953500 -1.04485000 0.76361000 21.79330000 0.08318900 0.00003441 0.00000264 0.01452640 -0.00000126 -0.00000006 346.55400000 0.32900000 -9 -9 0.56400000 -23.21400000 250 0.03718300 10.27700000 0.19800000 54404.10000000 0.82300000 36 22.44890000 0.96215000 0.23120000 0.00910000 -0.06570000 0.00800000 0.65900000 0.00000000
370344 15 0.33147000 0.00149000 0.33155000 0.00100000 0.33000000 0.00100000 21.84820000 0.16382600 41.10120000 0.16603600 -9.00000000 0 0 -0.02513700 0.03035100 0.32993000 0.29251000 21.75200000 0.03922370 0.00003575 0.00000129 0.00273865 -0.00000019 -0.00000003 150.17400000 1.83160000 -999 -999 22.24400000 17.63300000 250 0.01536670 9.53800000 0.10000000 56008.70000000 0.36240000 32 28.25020000 0.65693000 0.07470000 0.01110000 -0.02220000 0.00100000 1.00000000 0.00700000
470041 15 0.33189000 0.00149000 0.33179000 0.00100000 0.33100000 0.00100000 21.76190000 0.14144500 41.01490000 0.14399900 -9.00000000 0 0 -0.06996800 0.03172400 0.93764000 0.29717000 21.45280000 0.04113190 0.00004708 0.00000178 0.00471070 -0.00000035 -0.00000010 131.33700000 44.75480000 -999 -999 19.33660000 -22.74150000 250 0.02374500 11.16200000 0.01800000 56302.40000000 0.40740000 49 54.39400000 0.27663000 0.08470000 0.01110000 -0.00680000 0.00100000 1.00000000 0.00200000
1306141 10 0.33237000 0.00122000 0.33240000 0.00050000 0.33286000 0.00050000 21.72400000 0.15692700 40.97700000 0.15923300 -9.00000000 0 0 -0.07621900 0.02824500 -0.13303400 0.21732000 21.57780000 0.03465990 0.00004196 0.00000134 0.00098966 -0.00000009 -0.00000003 54.89780000 -28.91080000 -999 -999 1.84000000 5.95360000 250 0.01173900 9.67800000 0.07500000 56977.30000000 0.28740000 54 23.35520000 0.99991000 0.07300000 0.00910000 0.01750000 0.00200000 1.00000000 0.00600000
130862 15 0.33298000 0.00150000 0.33290000 0.00100000 0.33200000 0.00100000 22.07690000 0.19985900 41.32990000 0.20167500 -9.00000000 0 0 -0.09196400 0.03273200 0.67028000 0.38179000 21.77490000 0.04743320 0.00003500 0.00000153 -0.00067549 -0.00000033 -0.00000003 184.00200000 47.92040000 -999 -999 23.79010000 -16.71480000 250 0.01502970 9.58920000 0.10000000 55607.20000000 0.36700000 30 34.81800000 0.24932000 0.12070000 0.01120000 0.02880000 0.00100000 1.00000000 0.00400000
1309492 10 0.33350000 0.00122000 0.33353000 0.00050000 0.33403000 0.00050000 21.74950000 0.13930400 41.00250000 0.14189600 -9.00000000 0 0 -0.08875800 0.02211100 0.16952000 0.08956300 21.52950000 0.02713180 0.00004387 0.00000110 0.00002732 -0.00000002 -0.00000002 53.30080000 -28.02490000 -999 -999 0.44000000 4.77130000 250 0.00578041 9.56200000 0.06650000 56993.10000000 0.10400000 53 33.56130000 0.98295000 0.05490000 0.00910000 0.02710000 0.00100000 1.00000000 0.00600000
1346956 10 0.33350000 0.00122000 0.33353000 0.00050000 0.33400000 0.00050000 21.78360000 0.17404100 41.03660000 0.17612300 -9.00000000 0 0 -0.07322600 0.03350800 0.98387000 0.37505000 21.48550000 0.04433740 0.00004569 0.00000187 0.00504113 -0.00000042 -0.00000004 54.34350000 -28.82640000 -999 -999 -9.00000000 5.71960000 250 0.00939579 7.00000000 2.00000000 57412.30000000 0.30010000 16 20.18240000 0.21212000 0.08890000 0.00910000 0.02110000 0.00200000 1.00000000 0.00600000
16093 1 0.33450000 0.00111000 0.33439000 0.00003000 0.33603000 0.00003000 21.86740000 0.23416900 41.12040000 0.23572000 -9.00000000 0 0 -0.05589200 0.05773800 1.02797000 0.76833000 21.60690000 0.07803560 0.00004085 0.00000294 0.01162240 -0.00000124 -0.00000006 350.36200000 1.13250000 -9 -9 1.03600000 -24.28040000 250 0.03795320 10.21500000 0.12300000 54045.10000000 0.66220000 41 38.91850000 0.56350000 0.19990000 0.00820000 0.01160000 0.00500000 0.61400000 0.00000000
500511 15 0.33498000 0.00150000 0.33490000 0.00100000 0.33400000 0.00100000 21.77210000 0.16973000 41.02510000 0.17186400 -9.00000000 0 0 -0.00603700 0.02919200 0.91231000 0.19310000 21.66210000 0.03694270 0.00003883 0.00000132 0.00100877 -0.00000009 -0.00000003 184.69600000 47.64730000 -999 -999 21.46700000 -16.39060000 250 0.01417880 9.63300000 0.83600000 56417.70000000 0.27360000 44 48.37640000 0.30067000 0.07040000 0.01110000 -0.00910000 0.00200000 1.00000000 0.00800000
1346966 10 0.33510000 0.00122000 0.33513000 0.00050000 0.33558000 0.00050000 21.77120000 0.17586700 41.02420000 0.17792700 -9.00000000 0 0 -0.10705700 0.03205200 0.58377000 0.40161000 21.44820000 0.03771450 0.00004729 0.00000164 0.00280128 -0.00000022 -0.00000004 55.34070000 -29.14930000 -999 -999 1.35000000 6.22910000 250 0.01175410 9.55700000 0.08400000 57407.50000000 0.44260000 16 8.06505000 0.94691000 0.09360000 0.00900000 0.04170000 0.00200000 1.00000000 0.00600000
1314897 10 0.33671000 0.00122000 0.33663000 0.00050000 0.33769000 0.00050000 21.78370000 0.18225100 41.03670000 0.18424000 -9.00000000 0 0 0.01471200 0.03213400 0.91215000 0.30022000 21.68940000 0.04369630 0.00003787 0.00000152 0.00146057 -0.00000019 -0.00000003 36.60660000 -4.15520000 -999 -999 1.84000000 -19.11610000 250 0.02413110 11.14800000 0.00000000 57301.30000000 0.34110000 46 13.42700000 1.00000000 0.09100000 0.00900000 -0.05760000 0.00200000 1.00000000 0.00700000
470015 15 0.33749000 0.00150000 0.33752000 0.00100000 0.33800000 0.00100000 21.91480000 0.27734200 41.16780000 0.27865300 -9.00000000 0 0 0.05950100 0.08777500 0.66560000 0.76947000 21.93670000 0.11827000 0.00003015 0.00000328 0.03651990 -0.00000145 -0.00000024 54.14860000 -28.62510000 -999 -999 18.22740000 5.44590000 250 0.01129090 11.50000000 0.06400000 56295.90000000 0.88270000 15 18.04690000 0.26021000 0.16920000 0.01100000 -0.11630000 0.00200000 1.00000000 0.00800000
040782 15 0.33751000 0.00150000 0.33739000 0.00100000 0.33730000 0.00100000 21.75680000 0.23569900 41.00980000 0.23724000 -9.00000000 0 0 0.15267000 0.04161200 -0.57239300 0.43259000 22.16110000 0.05090920 0.00002452 0.00000115 0.00556420 -0.00000025 -0.00000004 242.07700000 54.90810000 -999 -999 20.70370000 -27.47230000 250 0.00686749 10.15200000 0.35800000 55352.40000000 0.54390000 35 37.67020000 0.34802000 0.10750000 0.01100000 -0.20460000 0.00800000 1.00000000 0.01300000
04D3kr 4 0.33762000 0.00150000 0.33753000 0.00100000 0.33700000 0.00100000 21.89470000 0.17401900 41.14770000 0.17610100 -9.00000000 0 0 -0.02852800 0.02223600 1.22584000 0.08217100 21.69200000 0.02532800 0.00003777 0.00000088 -0.00011110 -0.00000001 -0.00000002 214.15000000 52.47890000 -999 -999 -9.00000000 -21.41470000 250 0.00832769 9.28700000 0.06650000 53166.00000000 0.11390000 33 16.52520000 0.99252000 0.05640000 0.01100000 0.01400000 0.00400000 1.00000000 0.01100000
1300912 10 0.33778000 0.00122000 0.33780000 0.00050000 0.33834000 0.00050000 21.90070000 0.23229800 41.15370000 0.23386200 -9.00000000 0 0 0.04531200 0.02583800 -0.46756900 0.14381000 22.14880000 0.03258460 0.00002480 0.00000074 0.00038656 -0.00000003 -0.00000002 52.03790000 -27.53290000 -999 -999 0.84000000 3.98520000 250 0.00716656 9.74400000 0.01450000 56946.40000000 0.18870000 59 29.29630000 0.99958000 0.06150000 0.00900000 -0.01340000 0.00500000 1.00000000 0.02000000
380318 15 0.33818000 0.00150000 0.33825000 0.00100000 0.33670000 0.00100000 21.89200000 0.20951000 41.14500000 0.21124200 -9.00000000 0 0 -0.04593300 0.05412900 -0.23935400 0.63959000 21.79000000 0.07390380 0.00003452 0.00000235 0.01594720 -0.00000101 -0.00000010 150.41300000 3.24980000 -999 -999 18.58980000 16.28900000 250 0.01845090 11.44300000 0.01600000 56026.00000000 0.59050000 26 22.78260000 0.64521000 0.13550000 0.01100000 -0.04770000 0.00100000 1.00000000 0.00200000
580276 15 0.33848000 0.00150000 0.33851000 0.00100000 0.33900000 0.00100000 21.86010000 0.19858500 41.11310000 0.20041200 -9.00000000 0 0 -0.09153900 0.04030800 0.11671000 0.51640000 21.60940000 0.04678710 0.00004076 0.00000176 0.00378017 -0.00000029 -0.00000004 53.52140000 -28.80770000 -999 -999 20.50780000 5.42100000 250 0.00662135 10.42100000 0.10800000 56652.40000000 0.66220000 22 31.09930000 0.09410250 0.12920000 0.01100000 -0.00280000 0.00100000 1.00000000 0.00200000
1343337 10 0.33897000 0.00122000 0.33900000 0.00050000 0.33947000 0.00050000 21.80250000 0.35548700 41.05550000 0.35651100 -9.00000000 0 0 0.15165000 0.04147300 0.77205000 0.66735000 22.23320000 0.05284530 0.00002295 0.00000112 0.00681015 -0.00000031 -0.00000003 54.55920000 -28.70990000 -999 -999 1.01000000 5.60060000 250 0.00982796 9.83200000 0.08250000 57394.40000000 0.60670000 21 19.67940000 0.54164000 0.13770000 0.00890000 0.02320000 0.01000000 1.00000000 0.03800000
04D3nh 4 0.34061000 0.00150000 0.34051000 0.00100000 0.34000000 0.00100000 21.92070000 0.19051900 41.17370000 0.19242200 -9.00000000 0 0 -0.01286800 0.02126300 0.60401000 0.08727600 21.86470000 0.02511950 0.00003222 0.00000075 0.00011803 -0.00000001 -0.00000001 215.61100000 52.33340000 -999 -999 -9.00000000 -21.30990000 250 0.00905391 9.35600000 0.02050000 53174.40000000 0.09900000 27 22.98290000 0.68593000 0.05150000 0.01100000 0.02050000 0.00300000 1.00000000 0.01400000
320258 15 0.34098000 0.00150000 0.34090000 0.00100000 0.34200000 0.00100000 21.80570000 0.19241500 41.05870000 0.19430000 -9.00000000 0 0 -0.06565800 0.04368800 -1.86970000 0.41722000 21.88220000 0.04799830 0.00003171 0.00000140 0.00238023 -0.00000020 -0.00000004 34.74800000 -4.88070000 -999 -999 19.93670000 -18.68630000 250 0.01653890 10.95600000 0.04500000 55854.10000000 0.59560000 41 61.85410000 0.01924190 0.12260000 0.01090000 -0.04870000 0.00300000 1.00000000 0.00200000
2533 1 0.34111000 0.00512000 0.34101000 0.00500000 0.34220000 0.00500000 21.81110000 0.25367000 41.06410000 0.25510300 -9.00000000 0 0 -0.07973600 0.05314000 1.77606000 0.72004000 21.51410000 0.07136020 0.00004450 0.00000292 0.00734610 -0.00000154 -0.00000006 31.22070000 -0.32650000 -9 -9 1.22600000 -22.84160000 250 0.02281110 9.75500000 0.18800000 53640.40000000 0.67460000 63 40.60480000 0.98732000 0.19870000 0.03730000 0.15910000 0.01700000 0.64900000 0.00000000
1336009 10 0.34169000 0.00123000 0.34176000 0.00050000 0.34270000 0.00050000 21.95920000 0.31987100 41.21220000 0.32100800 -9.00000000 0 0 0.14044000 0.03611500 -0.44863500 0.34606000 22.51270000 0.04464530 0.00001774 0.00000073 0.00323313 -0.00000011 -0.00000002 8.91620000 -44.89370000 -999 -999 0.87000000 13.69720000 250 0.00941658 9.63400000 0.08100000 57344.30000000 0.38320000 46 25.23390000 0.99454000 0.09370000 0.00900000 0.00070000 0.01200000 1.00000000 0.03600000
1346387 10 0.34446000 0.00512000 0.34448000 0.00500000 0.34500000 0.00500000 22.05510000 0.15005800 41.30810000 0.15246800 -9.00000000 0 0 -0.03198100 0.02769300 -2.12696000 0.33367000 22.27990000 0.03433260 0.00002198 0.00000070 0.00286816 -0.00000011 -0.00000002 52.69500000 -28.64930000 -999 -999 6.99000000 5.00320000 250 0.00816840 10.81200000 0.05250000 57394.80000000 0.21980000 24 14.06050000 0.94527000 0.07300000 0.03700000 -0.04250000 0.00400000 1.00000000 0.00300000
350606 15 0.34448000 0.00150000 0.34450000 0.00100000 0.34500000 0.00100000 22.03840000 0.29798200 41.29140000 0.29920300 -9.00000000 0 0 -0.02130400 0.06327400 -1.23716000 1.44116000 22.12260000 0.07125330 0.00002541 0.00000167 0.05173630 -0.00000144 -0.00000008 54.20330000 -26.76050000 -999 -999 19.54770000 3.83510000 250 0.01024750 10.69910000 0.10000000 55952.80000000 1.17710000 10 12.69870000 0.24101000 0.19740000 0.01080000 -0.08480000 0.00200000 1.00000000 0.00300000
1329312 10 0.34487000 0.00123000 0.34479000 0.00050000 0.34586000 0.00050000 21.98030000 0.16953400 41.23330000 0.17167100 -9.00000000 0 0 -0.06372300 0.03587800 -1.42584000 0.33327000 22.02590000 0.04445290 0.00002777 0.00000114 0.00239249 -0.00000016 -0.00000003 36.26330000 -5.54180000 -999 -999 0.59000000 -17.71640000 250 0.02264640 11.11500000 0.03050000 57309.90000000 0.38280000 53 15.79480000 1.00000000 0.10180000 0.00890000 -0.02010000 0.00200000 1.00000000 0.00300000
470110 15 0.34545000 0.00150000 0.34547000 0.00100000 0.34600000 0.00100000 21.95030000 0.22862200 41.20330000 0.23021000 -9.00000000 0 0 -0.02552100 0.04908300 0.48129000 0.86422000 21.79130000 0.06279520 0.00003447 0.00000199 0.01357080 -0.00000037 -0.00000007 52.07060000 -28.62330000 -999 -999 19.69990000 4.82090000 250 0.00846862 10.57000000 0.01800000 56313.70000000 1.13570000 11 6.64199000 0.82729000 0.14800000 0.01080000 -0.06150000 0.00100000 1.00000000 0.00300000
03D1bp 4 0.34602000 0.00150000 0.34594000 0.00100000 0.34700000 0.00100000 22.07880000 0.13399000 41.33180000 0.13668300 -9.00000000 0 0 -0.04869400 0.02633600 -1.15321000 0.11161000 22.13310000 0.03038720 0.00002516 0.00000070 0.00031495 -0.00000003 -0.00000001 36.65720000 -4.83880000 -999 -999 -9.00000000 -18.15420000 250 0.02068420 10.82100000 0.12350000 52920.20000000 0.10450000 39 69.09720000 0.00209919 0.06520000 0.01080000 -0.01770000 0.00300000 1.00000000 0.00400000
310090 15 0.34696000 0.00150000 0.34686000 0.00100000 0.34850000 0.00100000 22.16330000 0.36936000 41.41630000 0.37034600 -9.00000000 0 0 -0.04983900 0.08822600 -1.33280000 0.58674000 22.19990000 0.08148280 0.00002366 0.00000178 -0.00301264 -0.00000037 -0.00000012 351.30800000 -0.60510000 -999 -999 18.64730000 -22.38220000 250 0.03847340 11.50000000 0.01700000 55818.90000000 0.54440000 23 14.76260000 0.90294000 0.25090000 0.01080000 -0.05830000 0.00200000 1.00000000 0.00200000
050301 15 0.34717000 0.00150000 0.34704000 0.00100000 0.34700000 0.00100000 21.86440000 0.24277500 41.11740000 0.24427200 -9.00000000 0 0 0.15505000 0.03842700 0.84013000 0.49257000 22.08910000 0.04584440 0.00002620 0.00000111 0.00586768 -0.00000031 -0.00000003 244.72400000 55.78290000 -999 -999 19.94220000 -27.91140000 250 0.00675509 10.52120000 0.10000000 55358.30000000 0.43320000 38 51.05090000 0.07663630 0.11150000 0.01080000 -0.18330000 0.00600000 1.00000000 0.01200000
330089 15 0.34881000 0.00150000 0.34872000 0.00100000 0.34980000 0.00100000 22.11910000 0.21674000 41.37210000 0.21841500 -9.00000000 0 0 0.02829800 0.03897200 0.68208000 0.53575000 22.12080000 0.04745080 0.00002545 0.00000111 0.00689040 -0.00000024 -0.00000003 36.19030000 -4.82210000 -999 -999 21.53390000 -18.12980000 250 0.02384160 9.65100000 0.26400000 55890.70000000 0.64360000 26 32.21710000 0.18604000 0.10520000 0.01070000 -0.03750000 0.00300000 1.00000000 0.01000000
160198 15 0.34910000 0.00151000 0.34899000 0.00100000 0.34890000 0.00100000 21.99690000 0.15628900 41.24990000 0.15860400 -9.00000000 0 0 -0.09526700 0.03267600 0.21655000 0.29789000 21.74050000 0.04488300 0.00003613 0.00000149 0.00203698 -0.00000026 -0.00000004 242.90500000 53.97030000 -999 -999 22.32220000 -26.24620000 250 0.00827649 9.88100000 0.71700000 55718.00000000 0.34440000 54 48.14630000 0.69854000 0.08860000 0.01080000 0.01770000 0.00100000 1.00000000 0.00400000
1258906 10 0.34912000 0.00123000 0.34918000 0.00050000 0.35013000 0.00050000 22.02900000 0.20425900 41.28200000 0.20603600 -9.00000000 0 0 -0.00127100 0.03598200 -0.01979700 0.30966000 22.06970000 0.04905320 0.00002668 0.00000121 0.00371292 -0.00000022 -0.00000004 10.26200000 -44.39410000 -999 -999 0.95000000 13.03280000 250 0.00550864 9.19500000 0.01700000 56621.60000000 0.33420000 46 29.20780000 0.97460000 0.08520000 0.00880000 -0.01070000 0.00200000 1.00000000 0.01200000
070955 15 0.34932000 0.00151000 0.34920000 0.00100000 0.34910000 0.00100000 21.88760000 0.15562900 41.14060000 0.15795400 -9.00000000 0 0 -0.04048900 0.02969300 1.42331000 0.33951000 21.63940000 0.03536090 0.00003965 0.00000129 0.00289401 -0.00000021 -0.00000003 241.47500000 55.19780000 -999 -999 21.39180000 -26.77510000 250 0.00608966 9.51300000 0.46400000 55438.50000000 0.35350000 32 19.34030000 0.96179000 0.08050000 0.01080000 0.03460000 0.00300000 1.00000000 0.00500000
380279 15 0.34939000 0.00151000 0.34946000 0.00100000 0.34790000 0.00100000 21.95030000 0.16642800 41.20330000 0.16860400 -9.00000000 0 0 -0.05251800 0.03922200 -1.76662000 0.53203000 22.04050000 0.04810880 0.00002740 0.00000121 0.00883763 -0.00000034 -0.00000004 149.82700000 2.93490000 -999 -999 19.59500000 15.93410000 250 0.01858000 10.97100000 0.02600000 56033.30000000 0.52320000 22 13.87150000 0.90598000 0.10300000 0.01080000 -0.06050000 0.00300000 1.00000000 0.00200000
04D2mc 4 0.34949000 0.00151000 0.34957000 0.00100000 0.34800000 0.00100000 21.75200000 0.22470200 41.00500000 0.22631800 -9.00000000 0 0 0.07825000 0.02914300 -1.78672000 0.11520000 22.24530000 0.03551330 0.00002269 0.00000074 0.00061104 -0.00000004 -0.00000002 150.14800000 1.78420000 -999 -999 -9.00000000 16.88330000 250 0.01521460 10.96000000 0.11800000 53367.20000000 0.12980000 36 54.33140000 0.02556070 0.06850000 0.01080000 -0.06460000 0.00900000 1.00000000 0.01900000
05D2ie 4 0.34949000 0.00151000 0.34956000 0.00100000 0.34800000 0.00100000 22.12260000 0.16929200 41.37560000 0.17143200 -9.00000000 0 0 -0.08296400 0.02587000 -0.07231700 0.14775000 21.96290000 0.02835060 0.00002943 0.00000077 0.00005443 -0.00000003 -0.00000001 150.26200000 2.65810000 -999 -999 -9.00000000 16.24520000 250 0.01603340 9.28700000 0.05250000 53481.00000000 0.13980000 15 14.04250000 0.52231000 0.07170000 0.01080000 0.03380000 0.00200000 1.00000000 0.00800000
440185 15 0.34949000 0.01006000 0.34952000 0.01000000 0.35000000 0.01000000 21.89960000 0.20405300 41.15260000 0.20583100 -9.00000000 0 0 -0.06993200 0.03701000 0.19676000 0.44760000 21.70060000 0.06689850 0.00003748 0.00000231 0.00514961 -0.00000033 -0.00000005 54.34950000 -28.44000000 -999 -999 -9.00000000 5.18680000 250 0.01026350 7.00000000 99.00000000 56199.70000000 1.18410000 35 30.17560000 0.70012000 0.10490000 0.07180000 -0.00620000 0.00100000 1.00000000 0.00400000
20186 1 0.34968000 0.00123000 0.34957000 0.00050000 0.35120000 0.00050000 22.23430000 0.28641400 41.48730000 0.28768400 -9.00000000 0 0 -0.09423500 0.05931300 0.54894000 1.19840000 21.93500000 0.07184080 0.00003020 0.00000200 0.02296970 -0.00000154 -0.00000003 357.29500000 0.79790000 -9 -9 -9.00000000 -24.00980000 250 0.02267950 7.00000000 -9.00000000 54411.50000000 0.99860000 40 20.16140000 0.99623000 0.24110000 0.00880000 0.02070000 0.01200000 0.62900000 0.00000000
1248677 10 0.35015000 0.00123000 0.35017000 0.00050000 0.35067000 0.00050000 21.93370000 0.14451500 41.18670000 0.14701500 -9.00000000 0 0 -0.11888500 0.02194000 0.89971000 0.10732000 21.53890000 0.02754660 0.00004349 0.00000110 0.00034772 -0.00000004 -0.00000002 53.64620000 -28.12700000 -999 -999 1.71000000 4.74920000 250 0.00730891 9.84500000 0.01400000 56554.30000000 0.11450000 56 48.83840000 0.74027000 0.05270000 0.00880000 0.05320000 0.00200000 1.00000000 0.00500000
000196 15 0.35059000 0.00151000 0.35066000 0.00100000 0.34910000 0.00100000 21.98120000 0.16087100 41.23420000 0.16312100 -9.00000000 0 0 -0.05000700 0.02464000 0.45123000 0.24223000 21.80190000 0.03002840 0.00003414 0.00000094 0.00015159 -0.00000003 -0.00000000 150.11500000 2.69400000 -999 -999 21.42190000 16.13410000 250 0.01668500 9.66000000 0.25400000 55216.60000000 0.24340000 50 38.11170000 0.89077000 0.09020000 0.01070000 -0.01050000 0.00100000 1.00000000 0.00400000
050296 15 0.35099000 0.00151000 0.35087000 0.00100000 0.35080000 0.00100000 22.00020000 0.15910300 41.25320000 0.16137800 -9.00000000 0 0 -0.05355100 0.03733200 0.81669000 0.48131000 21.74100000 0.04700530 0.00003611 0.00000156 0.00727302 -0.00000046 -0.00000005 243.45100000 55.60850000 -999 -999 20.23210000 -27.29960000 250 0.00655438 10.90500000 0.02900000 55358.90000000 0.44710000 31 41.49680000 0.09862740 0.10010000 0.01070000 -0.02560000 0.00100000 1.00000000 0.00200000
05D2hc 4 0.35149000 0.01006000 0.35157000 0.01000000 0.35000000 0.01000000 22.22680000 0.20775800 41.47980000 0.20950500 -9.00000000 0 0 0.03098300 0.02449600 -0.67241100 0.16441000 22.41640000 0.02696490 0.00001938 0.00000048 0.00034410 -0.00000001 -0.00000001 150.01900000 1.88600000 -999 -999 -9.00000000 16.70290000 250 0.01598850 10.97700000 0.09200000 53471.70000000 0.14230000 15 11.83340000 0.69160000 0.06470000 0.07140000 -0.05780000 0.00400000 1.00000000 0.01100000
120400 15 0.35149000 0.00151000 0.35156000 0.00100000 0.35000000 0.00100000 22.08130000 0.13631500 41.33430000 0.13896300 -9.00000000 0 0 -0.12133400 0.03810800 0.18728000 0.39986000 21.77310000 0.05609930 0.00003506 0.00000181 0.01119820 -0.00000066 -0.00000007 149.62800000 2.87180000 -999 -999 21.20910000 15.84280000 250 0.01651260 9.83000000 0.04000000 55580.60000000 0.32770000 37 43.52580000 0.21342000 0.07150000 0.01070000 0.04220000 0.00200000 1.00000000 0.00300000
160197 15 0.35372000 0.00151000 0.35361000 0.00100000 0.35350000 0.00100000 22.11270000 0.19003500 41.36570000 0.19194400 -9.00000000 0 0 -0.02709900 0.03890600 -0.21702900 0.35304000 22.04220000 0.04166240 0.00002736 0.00000105 -0.00112308 -0.00000011 -0.00000003 241.61700000 53.87180000 -999 -999 20.50860000 -25.65720000 250 0.00940024 10.15800000 0.07300000 55711.50000000 0.54970000 49 34.04670000 0.94843000 0.11880000 0.01070000 -0.07110000 0.00100000 1.00000000 0.00200000
05D2mp 4 0.35519000 0.00120000 0.35527000 0.00040000 0.35370000 0.00040000 22.21170000 0.22140200 41.46470000 0.22304200 -9.00000000 0 0 0.00572500 0.02463700 1.30429000 0.18887000 22.12080000 0.03266500 0.00002545 0.00000077 0.00110671 -0.00000008 -0.00000001 149.78600000 2.20400000 -999 -999 -9.00000000 16.24500000 250 0.01714570 8.65700000 0.18250000 53711.70000000 0.13820000 32 25.91990000 0.76714000 0.06460000 0.00840000 0.03140000 0.00600000 1.00000000 0.01900000
1688 1 0.35774000 0.00113000 0.35767000 0.00001000 0.35916000 0.00001000 22.10440000 0.29071300 41.35740000 0.29196400 -9.00000000 0 0 -0.01491300 0.07000400 0.38041000 1.33535000 21.91610000 0.09393560 0.00003073 0.00000266 0.02871230 -0.00000263 -0.00000008 321.35800000 0.32450000 -9 -9 1.22100000 -15.57070000 250 0.04416700 10.37900000 0.12500000 53630.40000000 1.22410000 55 37.26660000 0.96794000 0.27990000 0.00790000 -0.13840000 0.00700000 0.48500000 0.00000000
1334423 10 0.35800000 0.00124000 0.35791000 0.00050000 0.35888000 0.00050000 22.10090000 0.21355200 41.35390000 0.21525200 -9.00000000 0 0 0.00331700 0.03266000 0.86810000 0.37997000 22.03700000 0.04625120 0.00002749 0.00000117 0.00303549 -0.00000021 -0.00000003 42.21370000 -0.15220000 -999 -999 0.19000000 -20.10080000 250 0.04013160 9.49900000 0.08250000 57335.80000000 0.42810000 52 23.54730000 0.99977000 0.09400000 0.00870000 0.00150000 0.00200000 1.00000000 0.01200000
04D3fk 4 0.35842000 0.00133000 0.35833000 0.00070000 0.35780000 0.00070000 21.98930000 0.21429800 41.24230000 0.21599200 -9.00000000 0 0 0.07097800 0.02299200 -0.39448800 0.08118500 22.24460000 0.02574090 0.00002271 0.00000054 -0.00002091 -0.00000001 -0.00000001 214.60900000 52.52850000 -999 -999 -9.00000000 -20.45810000 250 0.00686667 10.18900000 0.07650000 53126.90000000 0.08470000 39 48.56640000 0.14016000 0.05830000 0.00930000 -0.07480000 0.00600000 1.00000000 0.01800000
04D2fs 4 0.35850000 0.00151000 0.35858000 0.00100000 0.35700000 0.00100000 21.89540000 0.28773100 41.14840000 0.28899500 -9.00000000 0 0 0.05199200 0.02558500 0.10146000 0.10203000 22.15720000 0.02698330 0.00002461 0.00000061 -0.00032459 -0.00000001 -0.00000001 150.09200000 1.76540000 -999 -999 -9.00000000 16.52830000 250 0.01454430 8.38600000 0.29400000 53107.70000000 0.12930000 17 23.83710000 0.12393000 0.06850000 0.01050000 0.06350000 0.00500000 1.00000000 0.03200000
1280217 10 0.35909000 0.00513000 0.35901000 0.00500000 0.36000000 0.00500000 21.90020000 0.30448200 41.15320000 0.30567700 -9.00000000 0 0 0.08890900 0.03512600 1.80122000 0.55141000 22.04760000 0.04482150 0.00002722 0.00000112 -0.00034209 -0.00000004 -0.00000003 40.89430000 -1.51840000 -999 -999 -9.00000000 -19.30900000 250 0.02587950 8.92000000 0.14850000 57251.30000000 1.45690000 58 79.35240000 0.03279290 0.12160000 0.03570000 0.08580000 0.01500000 1.00000000 0.02700000
160070 15 0.35909000 0.00151000 0.35897000 0.00100000 0.35890000 0.00100000 22.18990000 0.16896500 41.44290000 0.17110900 -9.00000000 0 0 -0.06664300 0.03213800 1.12360000 0.35430000 21.86950000 0.03531940 0.00003208 0.00000104 -0.00080684 -0.00000014 -0.00000002 243.19200000 54.87370000 -999 -999 19.36170000 -26.28980000 250 0.00942062 11.11900000 0.00800000 55712.50000000 0.62050000 50 50.04650000 0.47155000 0.10890000 0.01050000 -0.00090000 0.00200000 1.00000000 0.00200000
1307830 10 0.35946000 0.00513000 0.35949000 0.00500000 0.36000000 0.00500000 22.16830000 0.15209200 41.42130000 0.15447000 -9.00000000 0 0 -0.09903100 0.03034100 -1.76010000 0.20045000 22.18390000 0.03272610 0.00002401 0.00000072 0.00064076 -0.00000005 -0.00000002 53.29450000 -27.95780000 -999 -999 1.34000000 4.42920000 250 0.00581483 10.39900000 0.06300000 57286.20000000 0.24620000 56 20.02140000 1.00000000 0.08350000 0.03570000 0.00980000 0.00400000 1.00000000 0.00300000
050293 15 0.36017000 0.00151000 0.36005000 0.00100000 0.36000000 0.00100000 21.93400000 0.18924400 41.18700000 0.19116100 -9.00000000 0 0 -0.02306300 0.03284100 0.43068000 0.40913000 21.81880000 0.03604180 0.00003361 0.00000112 0.00216786 -0.00000024 -0.00000002 244.44900000 55.30230000 -999 -999 23.99950000 -26.72420000 250 0.00913189 8.55500000 8.05200000 55355.70000000 0.37830000 37 42.53930000 0.24478000 0.10620000 0.01050000 -0.03270000 0.00200000 1.00000000 0.00600000
160126 15 0.36034000 0.00151000 0.36023000 0.00100000 0.35950000 0.00100000 21.82610000 0.22870000 41.07910000 0.23028900 -9.00000000 0 0 -0.00051500 0.04838300 -0.61529400 0.77045000 21.86930000 0.05269340 0.00003208 0.00000156 0.01394660 -0.00000064 -0.00000005 163.28300000 57.20130000 -999 -999 20.09100000 -24.17960000 250 0.00717227 10.91400000 0.08800000 55710.70000000 0.77650000 13 10.03170000 0.69134000 0.14590000 0.01050000 -0.09840000 0.00200000 1.00000000 0.00300000
470244 15 0.36091000 0.01006000 0.36081000 0.01000000 0.36000000 0.01000000 22.17980000 0.19567500 41.43280000 0.19752900 -9.00000000 0 0 -0.12852800 0.03871700 -0.22339000 0.34336000 21.90010000 0.04747820 0.00003119 0.00000136 0.00427039 -0.00000031 -0.00000004 130.40800000 43.77150000 -999 -999 22.84960000 -20.77890000 250 0.02166530 9.11500000 0.90100000 56318.90000000 0.28390000 29 23.94100000 0.73184000 0.10030000 0.06980000 0.03240000 0.00200000 1.00000000 0.00300000
420417 15 0.36147000 0.00151000 0.36138000 0.00100000 0.36300000 0.00100000 21.86290000 0.28675300 41.11590000 0.28802200 -9.00000000 0 0 -0.03731300 0.05887800 -0.18465300 0.67709000 21.76260000 0.07836040 0.00003540 0.00000255 0.00619574 -0.00000086 -0.00000008 333.49500000 -0.19160000 -999 -999 20.15650000 -18.46190000 250 0.06892220 10.93400000 0.06700000 56171.50000000 0.77660000 39 54.07580000 0.05483110 0.19310000 0.01050000 -0.06460000 0.00100000 1.00000000 0.00200000
1294014 10 0.36280000 0.00124000 0.36272000 0.00050000 0.36367000 0.00050000 21.99220000 0.20825400 41.24520000 0.20999700 -9.00000000 0 0 -0.05916300 0.04227700 0.50455000 0.38794000 21.79570000 0.05842300 0.00003433 0.00000185 0.00467189 -0.00000047 -0.00000005 42.80350000 -0.66910000 -999 -999 1.09000000 -19.36050000 250 0.04642630 9.45100000 0.62200000 56919.30000000 0.52450000 33 36.30380000 0.31727000 0.12040000 0.00860000 0.00840000 0.00100000 1.00000000 0.00600000
1346137 10 0.36325000 0.00124000 0.36326000 0.00050000 0.36379000 0.00050000 22.11100000 0.21340000 41.36400000 0.21510100 -9.00000000 0 0 0.02253200 0.04266900 0.79069000 0.61831000 22.04840000 0.04581450 0.00002720 0.00000115 0.01105780 -0.00000028 -0.00000003 53.25920000 -26.85410000 -999 -999 0.38000000 3.51150000 250 0.00751618 10.09300000 0.10100000 57403.20000000 0.72790000 20 4.98102000 0.99973000 0.11890000 0.00860000 -0.06800000 0.00200000 1.00000000 0.00700000
560121 15 0.36499000 0.00152000 0.36491000 0.00100000 0.36600000 0.00100000 22.20960000 0.29031300 41.46260000 0.29156600 -9.00000000 0 0 0.04001300 0.04173700 0.16653000 0.61495000 22.29350000 0.05801440 0.00002171 0.00000116 0.00085866 -0.00000023 -0.00000000 36.33880000 -4.39530000 -999 -999 23.56370000 -17.74730000 250 0.02137990 8.46100000 0.10000000 56595.00000000 0.93500000 41 39.31120000 0.54584000 0.17260000 0.01040000 -0.06770000 0.00400000 1.00000000 0.01000000
100358 15 0.36623000 0.00152000 0.36613000 0.00100000 0.36780000 0.00100000 21.88300000 0.22460800 41.13600000 0.22622500 -9.00000000 0 0 -0.05744500 0.09996000 -0.43014700 0.67219000 21.77890000 0.13122000 0.00003487 0.00000421 0.05001970 -0.00000238 -0.00000042 352.44400000 0.59050000 -999 -999 22.19880000 -22.42010000 250 0.03067660 9.55300000 0.97200000 55518.50000000 0.59660000 13 9.14144000 0.76218000 0.14330000 0.01040000 -0.04230000 0.00200000 1.00000000 0.00400000
190209 15 0.36656000 0.00152000 0.36648000 0.00100000 0.36810000 0.00100000 21.97970000 0.15329700 41.23270000 0.15565700 -9.00000000 0 0 -0.07474400 0.03477200 0.50170000 0.34374000 21.70850000 0.04589270 0.00003721 0.00000157 0.00304546 -0.00000028 -0.00000004 333.08200000 1.03590000 -999 -999 18.60000000 -19.03320000 250 0.03393780 11.50000000 0.09300000 55794.90000000 0.39700000 49 35.57380000 0.92444000 0.09740000 0.01040000 -0.01850000 0.00100000 1.00000000 0.00100000
1308582 10 0.36713000 0.00124000 0.36705000 0.00050000 0.36812000 0.00050000 21.95580000 0.14949300 41.20880000 0.15191100 -9.00000000 0 0 -0.07486100 0.03548300 -0.44384900 0.33281000 21.83320000 0.04633460 0.00003317 0.00000142 0.00457568 -0.00000025 -0.00000004 37.13720000 -4.37280000 -999 -999 0.35000000 -17.53310000 250 0.02266160 10.69800000 0.01000000 57287.80000000 0.33450000 53 17.16090000 1.00000000 0.08750000 0.00850000 -0.00900000 0.00200000 1.00000000 0.00300000
350083 15 0.36790000 0.00152000 0.36780000 0.00100000 0.36700000 0.00100000 22.00970000 0.16335900 41.26270000 0.16557500 -9.00000000 0 0 -0.05135600 0.03176500 0.82654000 0.36964000 21.78140000 0.04016180 0.00003479 0.00000129 0.00067541 -0.00000012 -0.00000003 130.13800000 44.37390000 -999 -999 21.55360000 -20.92280000 250 0.02090940 9.75500000 0.42600000 55945.60000000 0.56420000 42 46.75950000 0.28331000 0.09540000 0.01040000 0.00000000 0.00200000 1.00000000 0.00400000
04D1hd 4 0.36799000 0.00152000 0.36791000 0.00100000 0.36900000 0.00100000 22.21690000 0.15605700 41.46990000 0.15837500 -9.00000000 0 0 -0.09754700 0.02190700 0.78582000 0.06792400 21.89530000 0.02636190 0.00003132 0.00000076 -0.00013024 -0.00000000 -0.00000001 36.53680000 -4.10960000 -999 -999 -9.00000000 -17.81290000 250 0.02382030 8.19900000 0.09050000 53268.30000000 0.08240000 45 61.58320000 0.05064840 0.05640000 0.01040000 0.04360000 0.00200000 1.00000000 0.00800000
1343533 10 0.36839000 0.00125000 0.36844000 0.00050000 0.36947000 0.00050000 22.29490000 0.33534300 41.54790000 0.33642800 -9.00000000 0 0 -0.01294400 0.06862400 -0.89253500 1.16824000 22.38040000 0.07876810 0.00002004 0.00000145 0.03386960 -0.00000098 -0.00000005 7.35840000 -42.26730000 -999 -999 0.13000000 10.79230000 250 0.00687565 10.75900000 0.13050000 57389.60000000 1.01660000 27 10.18290000 0.99859000 0.22210000 0.00850000 -0.05850000 0.00200000 1.00000000 0.00400000
1283936 10 0.36857000 0.00125000 0.36862000 0.00050000 0.36960000 0.00050000 22.21000000 0.34449400 41.46300000 0.34555100 -9.00000000 0 0 0.19216000 0.05912700 0.08645000 0.58781000 22.82680000 0.08142550 0.00001328 0.00000100 0.01820100 -0.00000038 -0.00000005 8.87760000 -44.37130000 -999 -999 0.61000000 12.45630000 250 0.00758667 9.65000000 0.01850000 57268.70000000 0.64740000 76 40.12090000 0.99977000 0.12290000 0.00850000 -0.01700000 0.01700000 1.00000000 0.03800000
15704 1 0.36962000 0.00114000 0.36952000 0.00004000 0.37055000 0.00004000 22.19680000 0.24285700 41.44980000 0.24435300 -9.00000000 0 0 -0.17277900 0.05726200 0.08532100 0.75488000 21.81370000 0.06901000 0.00003377 0.00000215 0.01066380 -0.00000069 -0.00000002 40.21070000 0.65880000 -9 -9 6.31300000 -20.55010000 250 0.03370060 10.93300000 0.11500000 54043.20000000 0.73740000 42 29.82370000 0.92066000 0.20400000 0.00770000 0.11130000 0.01300000 0.59400000 0.00000000
18091 1 0.36987000 0.00114000 0.36977000 0.00003000 0.37114000 0.00003000 21.96550000 0.25361200 41.21850000 0.25504500 -9.00000000 0 0 -0.18873900 0.06477300 -0.62395400 0.69370000 21.62750000 0.08660720 0.00004008 0.00000320 0.01578430 -0.00000170 -0.00000007 23.36750000 0.52470000 -9 -9 1.35200000 -22.85170000 250 0.02160130 10.97200000 0.08600000 54372.20000000 0.61200000 75 57.25030000 0.93661000 0.21590000 0.00770000 0.10120000 0.01600000 0.60000000 0.00000000
510578 15 0.37023000 0.01007000 0.37012000 0.01000000 0.37000000 0.01000000 22.12640000 0.18683700 41.37940000 0.18877800 -9.00000000 0 0 -0.12846300 0.03235200 0.58467000 0.30594000 21.75160000 0.04585640 0.00003576 0.00000151 0.00218360 -0.00000032 -0.00000004 241.23300000 53.91210000 -999 -999 22.18400000 -24.66250000 250 0.00883132 9.81420000 0.10000000 56438.80000000 0.28170000 57 55.32170000 0.53828000 0.09370000 0.06830000 0.05630000 0.00200000 1.00000000 0.00300000
04D2cf 4 0.37052000 0.00152000 0.37059000 0.00100000 0.36900000 0.00100000 22.12290000 0.16099300 41.37590000 0.16324100 -9.00000000 0 0 -0.02137800 0.03431000 -0.85423100 0.21510000 22.19600000 0.04928960 0.00002375 0.00000108 -0.00299885 0.00000013 -0.00000003 150.48400000 1.87950000 -999 -999 -9.00000000 16.10490000 250 0.01593990 10.80900000 0.15750000 53075.90000000 0.92240000 18 17.55720000 0.48516000 0.08320000 0.01030000 -0.03920000 0.00300000 1.00000000 0.00500000
05D4bm 4 0.37053000 0.00152000 0.37051000 0.00100000 0.37200000 0.00100000 22.13030000 0.15773100 41.38330000 0.16002500 -9.00000000 0 0 -0.07281200 0.02225500 0.23660000 0.07019600 21.94810000 0.02743470 0.00002984 0.00000075 0.00010522 -0.00000001 -0.00000001 334.26900000 -17.67760000 -999 -999 -9.00000000 -5.03880000 250 0.02327950 9.04700000 0.07700000 53568.00000000 0.07210000 53 65.82270000 0.11109000 0.05350000 0.01030000 0.02550000 0.00200000 1.00000000 0.00900000
13136 1 0.37057000 0.00114000 0.37046000 0.00004000 0.37206000 0.00004000 22.38650000 0.25520700 41.63950000 0.25663100 -9.00000000 0 0 -0.10456400 0.06146100 0.72897000 0.91339000 22.04530000 0.07455250 0.00002728 0.00000187 0.01282320 -0.00000087 -0.00000003 6.14070000 -0.27910000 -9 -9 2.44000000 -22.67290000 250 0.02065300 11.43300000 0.09300000 53993.90000000 1.18610000 67 51.32540000 0.92192000 0.22720000 0.00770000 0.03720000 0.00700000 0.55700000 0.00000000
05D3jr 4 0.37062000 0.01007000 0.37053000 0.01000000 0.37000000 0.01000000 22.02000000 0.28111300 41.27300000 0.28240700 -9.00000000 0 0 0.04032800 0.02270400 -0.89746700 0.12171000 22.35780000 0.02636110 0.00002046 0.00000050 -0.00021826 0.00000000 -0.00000001 214.87000000 52.86480000 -999 -999 -9.00000000 -20.15440000 250 0.00655006 8.00800000 0.83300000 53494.70000000 0.27640000 41 61.40770000 0.02107800 0.05940000 0.06820000 0.02830000 0.01300000 1.00000000 0.02900000
390471 15 0.37062000 0.00152000 0.37053000 0.00100000 0.37000000 0.00100000 21.81680000 0.13314400 41.06980000 0.13585400 -9.00000000 0 0 -0.16138000 0.02767500 0.92407000 0.30480000 21.32300000 0.03372420 0.00005306 0.00000165 0.00111187 -0.00000020 -0.00000003 214.52000000 53.01400000 -999 -999 19.55500000 -20.22860000 250 0.00940109 10.50400000 0.20900000 56068.90000000 0.32430000 29 53.56590000 0.00362823 0.08330000 0.01030000 0.08920000 0.00400000 1.00000000 0.00100000
320469 15 0.37095000 0.00152000 0.37087000 0.00100000 0.37200000 0.00100000 22.15680000 0.38958600 41.40980000 0.39052000 -9.00000000 0 0 0.03358700 0.13508000 1.50773000 1.11441000 22.05440000 0.18603000 0.00002706 0.00000464 0.06637470 -0.00000341 -0.00000059 34.41830000 -4.83710000 -999 -999 21.51720000 -17.50880000 250 0.01786580 11.50000000 0.19900000 55869.50000000 0.88870000 17 15.33210000 0.57158000 0.26230000 0.01030000 -0.03620000 0.00400000 1.00000000 0.00400000
1291957 10 0.37138000 0.00125000 0.37143000 0.00050000 0.37244000 0.00050000 22.08100000 0.16592200 41.33400000 0.16810400 -9.00000000 0 0 -0.05109300 0.03301900 0.50769000 0.25782000 21.90580000 0.04732050 0.00003102 0.00000135 0.00294027 -0.00000023 -0.00000003 7.20000000 -43.56230000 -999 -999 -9.00000000 11.75920000 250 0.00589827 7.00000000 2.00000000 56905.60000000 0.28540000 51 47.48040000 0.61424000 0.08200000 0.00850000 0.00530000 0.00200000 1.00000000 0.00600000
000199 15 0.37153000 0.00152000 0.37160000 0.00100000 0.37000000 0.00100000 22.13120000 0.11347000 41.38420000 0.11663900 -9.00000000 0 0 -0.11094500 0.02446700 0.89801000 0.22890000 21.73920000 0.02868020 0.00003617 0.00000096 0.00060361 -0.00000005 -0.00000002 151.23100000 2.59090000 -999 -999 23.53260000 15.75830000 250 0.02602790 10.47500000 0.37900000 55214.50000000 0.25720000 50 42.01170000 0.78177000 0.06860000 0.01030000 0.03120000 0.00200000 1.00000000 0.00100000
05D4fo 4 0.37153000 0.00152000 0.37150000 0.00100000 0.37300000 0.00100000 22.17590000 0.16320000 41.42890000 0.16541800 -9.00000000 0 0 -0.05870100 0.02235900 -0.70472500 0.08694900 22.17590000 0.02637480 0.00002419 0.00000059 -0.00017602 -0.00000001 -0.00000001 333.83700000 -17.26810000 -999 -999 -9.00000000 -5.25310000 250 0.02235120 8.38100000 0.36550000 53658.20000000 0.08070000 43 29.19840000 0.94652000 0.05860000 0.01030000 0.02510000 0.00500000 1.00000000 0.00900000
05D4cw 4 0.37353000 0.00152000 0.37351000 0.00100000 0.37500000 0.00100000 22.05840000 0.13027000 41.31140000 0.13303900 -9.00000000 0 0 -0.13361600 0.02461000 -0.84188900 0.10283000 21.88140000 0.02783510 0.00003173 0.00000081 -0.00014412 -0.00000001 -0.00000001 333.70900000 -17.73880000 -999 -999 -9.00000000 -4.83160000 250 0.02190160 10.50300000 0.07250000 53580.40000000 0.16360000 49 79.40530000 0.00387586 0.06570000 0.01020000 0.05950000 0.00500000 1.00000000 0.00300000
16232 1 0.37436000 0.00115000 0.37426000 0.00005000 0.37573000 0.00005000 22.21920000 0.23322800 41.47220000 0.23478600 -9.00000000 0 0 -0.11982200 0.07203100 -0.02182700 0.88417000 21.90130000 0.08807410 0.00003115 0.00000253 0.03260750 -0.00000156 -0.00000009 17.20540000 -0.98960000 -9 -9 1.53500000 -21.93580000 250 0.06168780 10.65100000 0.17300000 54045.30000000 0.88220000 44 33.99190000 0.86169000 0.20560000 0.00770000 -0.00300000 0.00700000 0.55700000 0.00000000
1299643 10 0.37676000 0.00125000 0.37678000 0.00050000 0.37727000 0.00050000 22.16250000 0.15233600 41.41550000 0.15471000 -9.00000000 0 0 -0.09193500 0.02920900 0.65034000 0.25657000 21.86600000 0.03936580 0.00003218 0.00000117 0.00250570 -0.00000017 -0.00000003 55.10260000 -26.72210000 -999 -999 0.44000000 3.75030000 250 0.01204970 9.25300000 0.02800000 56941.10000000 0.29210000 61 43.82700000 0.95241000 0.07330000 0.00830000 0.03140000 0.00200000 1.00000000 0.00600000
1282736 10 0.37805000 0.00125000 0.37798000 0.00050000 0.37908000 0.00050000 22.10680000 0.22154400 41.35980000 0.22318300 -9.00000000 0 0 0.06989800 0.04330600 -0.75967400 0.41234000 22.38080000 0.06003980 0.00002003 0.00000111 0.00704347 -0.00000029 -0.00000004 35.80930000 -6.26810000 -999 -999 1.43000000 -15.94350000 250 0.02515350 10.60300000 0.01550000 57266.40000000 0.42530000 64 36.98550000 0.99729000 0.10720000 0.00830000 -0.10660000 0.00400000 1.00000000 0.01100000
590031 15 0.37852000 0.00152000 0.37859000 0.00100000 0.37700000 0.00100000 22.17410000 0.18039200 41.42710000 0.18240100 -9.00000000 0 0 -0.11813300 0.05627500 -0.72285900 0.60977000 21.96880000 0.08482850 0.00002927 0.00000229 0.01990830 -0.00000113 -0.00000011 149.07300000 2.00230000 -999 -999 21.24030000 15.36930000 250 0.01587780 10.28300000 0.14700000 56647.80000000 0.47680000 24 23.63910000 0.48238000 0.11950000 0.01010000 0.00090000 0.00200000 1.00000000 0.00100000
7779 1 0.37991000 0.00125000 0.37986000 0.00050000 0.38120000 0.00050000 22.04290000 0.21825500 41.29590000 0.21991900 -9.00000000 0 0 -0.14711300 0.05059500 0.32675000 0.91593000 21.68270000 0.05698170 0.00003810 0.00000200 0.01363800 -0.00000091 -0.00000003 310.08000000 -0.00720000 -9 -9 3.32500000 -10.94750000 250 0.05657300 11.17400000 0.15300000 53675.80000000 0.90820000 52 40.69360000 0.87168000 0.19180000 0.00830000 0.09050000 0.00900000 0.54600000 0.00000000
320099 15 0.37997000 0.00152000 0.37989000 0.00100000 0.38100000 0.00100000 22.16240000 0.16155500 41.41540000 0.16379500 -9.00000000 0 0 -0.05615500 0.03692400 0.58051000 0.33997000 21.91500000 0.04788480 0.00003076 0.00000136 0.00232947 -0.00000026 -0.00000004 36.06750000 -3.91600000 -999 -999 19.47020000 -17.56510000 250 0.02787460 10.71070000 0.10000000 55846.30000000 0.34360000 47 32.41320000 0.94798000 0.10370000 0.01010000 -0.04050000 0.00100000 1.00000000 0.00100000
500057 15 0.38061000 0.01007000 0.38052000 0.01000000 0.38000000 0.01000000 22.20840000 0.18609600 41.46140000 0.18804400 -9.00000000 0 0 -0.14154600 0.03008200 1.06665000 0.37249000 21.75660000 0.03487970 0.00003559 0.00000114 0.00236254 -0.00000021 -0.00000002 214.47300000 53.84170000 -999 -999 23.73640000 -20.38100000 250 0.00763861 9.10200000 8.02500000 56393.70000000 0.40520000 49 53.23110000 0.31468000 0.09280000 0.06660000 0.09080000 0.00300000 1.00000000 0.00200000
110425 15 0.38092000 0.00153000 0.38083000 0.00100000 0.38000000 0.00100000 22.19810000 0.19961600 41.45110000 0.20143400 -9.00000000 0 0 0.00779600 0.03568100 -0.19845500 0.42094000 22.22530000 0.04739110 0.00002311 0.00000101 0.00295087 -0.00000026 -0.00000003 132.01200000 44.44930000 -999 -999 22.08180000 -19.91800000 250 0.02287400 9.56300000 0.34200000 55555.10000000 0.38160000 38 41.18430000 0.33302000 0.11070000 0.01010000 -0.07860000 0.00400000 1.00000000 0.00600000
1299785 10 0.38129000 0.00126000 0.38131000 0.00050000 0.38182000 0.00050000 22.20190000 0.20233700 41.45490000 0.20413000 -9.00000000 0 0 0.04601600 0.04122200 0.03774200 0.40977000 22.29870000 0.05624920 0.00002160 0.00000112 0.00662204 -0.00000028 -0.00000004 53.91150000 -28.31930000 -999 -999 2.15000000 4.63690000 250 0.00870959 10.18500000 0.01050000 56943.90000000 0.59390000 56 17.25690000 1.00000000 0.10150000 0.00830000 -0.09230000 0.00300000 1.00000000 0.00900000
000011 15 0.38153000 0.00153000 0.38160000 0.00100000 0.38000000 0.00100000 22.42450000 0.21731200 41.67750000 0.21898300 -9.00000000 0 0 0.11588000 0.04022500 -2.14572000 0.60143000 22.88950000 0.04446490 0.00001254 0.00000051 0.00555042 -0.00000011 -0.00000002 149.97600000 2.41190000 -999 -999 20.71500000 15.21540000 250 0.01522330 11.50000000 0.10000000 55210.80000000 0.51950000 50 47.95280000 0.55592000 0.12100000 0.01010000 -0.26230000 0.01800000 1.00000000 0.00600000
040150 15 0.38185000 0.00153000 0.38174000 0.00100000 0.38100000 0.00100000 22.30850000 0.19705700 41.56150000 0.19889800 -9.00000000 0 0 -0.04729900 0.04299800 -0.24970300 0.52810000 22.20070000 0.05492330 0.00002364 0.00000120 0.00981085 -0.00000045 -0.00000003 162.09800000 57.14820000 -999 -999 22.92210000 -23.11950000 250 0.00652227 8.41300000 0.73800000 55337.80000000 0.38930000 16 15.55660000 0.48431000 0.12280000 0.01010000 -0.05070000 0.00200000 1.00000000 0.00300000
580275 15 0.38248000 0.00153000 0.38250000 0.00100000 0.38300000 0.00100000 22.11960000 0.26379600 41.37260000 0.26517400 -9.00000000 0 0 -0.08379600 0.03948100 -0.49226600 0.93151000 21.95550000 0.04650670 0.00002964 0.00000127 0.00536672 -0.00000059 -0.00000003 54.13910000 -28.61390000 -999 -999 18.84830000 4.89430000 250 0.01093900 11.33000000 0.12700000 56655.40000000 0.93330000 18 10.90170000 0.89848000 0.17880000 0.01010000 -0.03000000 0.00200000 1.00000000 0.00100000
1343401 10 0.38291000 0.00126000 0.38284000 0.00050000 0.38397000 0.00050000 22.11480000 0.20481300 41.36780000 0.20658500 -9.00000000 0 0 -0.06121700 0.03824700 0.92736000 0.70522000 21.82980000 0.04507710 0.00003327 0.00000138 0.00982710 -0.00000056 -0.00000003 34.57210000 -5.65490000 -999 -999 0.97000000 -16.43180000 250 0.02062990 10.74000000 0.07300000 57394.90000000 0.66060000 20 4.50866000 0.99988000 0.13140000 0.00830000 -0.01130000 0.00200000 1.00000000 0.00300000
1281886 10 0.38402000 0.00126000 0.38394000 0.00050000 0.38493000 0.00050000 22.26520000 0.20002600 41.51820000 0.20184000 -9.00000000 0 0 -0.04394400 0.04127500 1.20074000 0.41982000 22.02760000 0.06150990 0.00002773 0.00000157 0.00603133 -0.00000045 -0.00000005 41.72520000 -1.00990000 -999 -999 0.17000000 -18.45190000 250 0.02867840 9.72700000 0.16850000 57268.30000000 0.43290000 64 50.02320000 0.89951000 0.11270000 0.00830000 0.02300000 0.00200000 1.00000000 0.00600000
360139 15 0.38600000 0.00153000 0.38594000 0.00100000 0.38500000 0.00100000 22.26870000 0.14969800 41.52170000 0.15211400 -9.00000000 0 0 -0.03546400 0.03207200 0.63592000 0.29398000 22.06030000 0.03779860 0.00002691 0.00000094 0.00061933 -0.00000012 -0.00000002 185.73900000 47.56750000 -999 -999 21.92030000 -14.46480000 250 0.01145400 11.02200000 0.28600000 55972.00000000 0.32290000 51 58.71260000 0.21374000 0.09350000 0.01000000 -0.05730000 0.00200000 1.00000000 0.00100000
1338170 10 0.38672000 0.00126000 0.38677000 0.00050000 0.38780000 0.00050000 22.12610000 0.26945800 41.37910000 0.27080700 -9.00000000 0 0 0.04348000 0.04617500 -0.42801100 0.64872000 22.34520000 0.05983370 0.00002070 0.00000114 0.01127860 -0.00000039 -0.00000004 6.66990000 -42.96410000 -999 -999 0.62000000 10.91840000 250 0.00582973 9.88900000 0.03800000 57363.70000000 0.75300000 30 22.40160000 0.83904000 0.12730000 0.00820000 -0.03090000 0.00500000 1.00000000 0.01700000
550218 15 0.38744000 0.00153000 0.38735000 0.00100000 0.38900000 0.00100000 22.30370000 0.27213800 41.55670000 0.27347400 -9.00000000 0 0 -0.11486600 0.06704100 -1.55286000 0.49918000 22.17660000 0.09817330 0.00002417 0.00000219 0.00973059 -0.00000074 -0.00000010 332.92700000 0.90130000 -999 -999 23.54210000 -18.06150000 250 0.03999720 9.16260000 0.10000000 56556.00000000 0.48860000 30 33.55660000 0.29891000 0.18180000 0.01000000 -0.05340000 0.01000000 1.00000000 0.00200000
050251 15 0.38781000 0.00153000 0.38772000 0.00100000 0.38720000 0.00100000 22.37720000 0.28260600 41.63020000 0.28389200 -9.00000000 0 0 -0.00722300 0.04991100 0.71518000 0.95549000 22.22270000 0.06145470 0.00002317 0.00000131 0.00968526 -0.00000042 -0.00000003 214.32700000 53.97830000 -999 -999 19.12980000 -20.13730000 250 0.00865436 11.40100000 0.01500000 55367.90000000 0.93430000 31 35.97510000 0.24679000 0.19000000 0.01000000 -0.07910000 0.00200000 1.00000000 0.00200000
420352 15 0.38895000 0.01007000 0.38886000 0.01000000 0.39000000 0.01000000 22.13000000 0.19774300 41.38300000 0.19957800 -9.00000000 0 0 -0.10591300 0.03111600 0.39196000 0.36548000 21.81840000 0.04504870 0.00003362 0.00000140 0.00011299 -0.00000025 -0.00000002 35.18220000 -3.96250000 -999 -999 22.90040000 -17.32980000 250 0.01738530 9.18500000 1.03700000 56165.00000000 0.53550000 34 35.41030000 0.40153000 0.10990000 0.06540000 0.02130000 0.00200000 1.00000000 0.00200000
1290779 10 0.38949000 0.00513000 0.38951000 0.00500000 0.39000000 0.00500000 22.29100000 0.19026900 41.54400000 0.19217600 -9.00000000 0 0 -0.04907600 0.03104000 -0.73814500 0.38318000 22.27680000 0.03716290 0.00002204 0.00000075 0.00149621 -0.00000012 -0.00000002 54.72330000 -27.90510000 -999 -999 -9.00000000 4.43440000 250 0.00950024 7.00000000 2.00000000 56891.90000000 0.58950000 40 42.43870000 0.36634000 0.09950000 0.03330000 -0.02370000 0.00400000 1.00000000 0.00600000
120086 15 0.39255000 0.00153000 0.39262000 0.00100000 0.39100000 0.00100000 22.22120000 0.23574700 41.47420000 0.23728800 -9.00000000 0 0 0.10879000 0.04548300 0.28158000 0.49714000 22.37660000 0.05281460 0.00002011 0.00000098 0.00085674 -0.00000021 -0.00000003 150.78900000 2.14340000 -999 -999 19.33870000 15.25280000 250 0.01608020 11.02900000 0.22000000 55562.30000000 0.65480000 33 34.11610000 0.41379000 0.14350000 0.00990000 -0.19190000 0.00600000 1.00000000 0.00500000
1291794 10 0.39510000 0.00127000 0.39512000 0.00050000 0.39560000 0.00050000 22.21470000 0.20185000 41.46770000 0.20364800 -9.00000000 0 0 -0.01384100 0.03835500 -0.12531000 0.46420000 22.18140000 0.04552230 0.00002407 0.00000101 0.00236226 -0.00000021 -0.00000002 55.16930000 -28.71190000 -999 -999 1.11000000 5.07900000 250 0.01057750 10.93500000 0.03500000 57278.00000000 0.68040000 68 44.55870000 0.98757000 0.12290000 0.00810000 -0.06140000 0.00200000 1.00000000 0.00400000
1296273 10 0.39706000 0.00513000 0.39698000 0.00500000 0.39800000 0.00500000 22.00600000 0.16635800 41.25900000 0.16853500 -9.00000000 0 0 -0.11906100 0.02806200 -0.15697600 0.25023000 21.75040000 0.03476300 0.00003580 0.00000115 0.00022207 -0.00000006 -0.00000002 41.07980000 -0.45040000 -999 -999 -9.00000000 -18.44690000 250 0.03053630 8.56400000 0.44000000 56926.60000000 0.45120000 58 78.96630000 0.03498880 0.08300000 0.03270000 0.03700000 0.00200000 1.00000000 0.00500000
1333438 10 0.39944000 0.00127000 0.39946000 0.00050000 0.40000000 0.00050000 22.45890000 0.28655100 41.71190000 0.28782000 -9.00000000 0 0 0.09632800 0.05194900 0.53931000 0.48070000 22.61470000 0.06283370 0.00001615 0.00000093 0.00315730 -0.00000021 -0.00000003 52.35250000 -28.99670000 -999 -999 -9.00000000 4.60530000 250 0.00692968 10.68200000 0.08500000 57327.20000000 0.57000000 48 30.32010000 0.97832000 0.16160000 0.00810000 -0.11490000 0.00400000 1.00000000 0.01300000
05D4ff 4 0.40050000 0.00154000 0.40048000 0.00100000 0.40200000 0.00100000 22.23880000 0.15602000 41.49180000 0.15833900 -9.00000000 0 0 -0.00702600 0.02548800 -0.72454400 0.12088000 22.32910000 0.02970760 0.00002101 0.00000057 0.00023902 -0.00000002 -0.00000001 334.08400000 -18.04260000 -999 -999 -9.00000000 -4.41820000 250 0.02450170 10.54300000 0.17850000 53635.80000000 0.12710000 45 65.53750000 0.02439380 0.06720000 0.00970000 -0.04730000 0.00300000 1.00000000 0.00700000
110734 15 0.40221000 0.00154000 0.40212000 0.00100000 0.40130000 0.00100000 22.22650000 0.19768800 41.47950000 0.19952400 -9.00000000 0 0 -0.06593800 0.04407300 0.48720000 0.60542000 21.96680000 0.05712670 0.00002933 0.00000154 0.01049970 -0.00000068 -0.00000004 131.06900000 45.34420000 -999 -999 19.20530000 -19.80150000 250 0.02118110 11.40400000 0.01900000 55570.70000000 0.54840000 32 22.28550000 0.89958000 0.13740000 0.00970000 -0.03640000 0.00200000 0.96500000 0.00000000
580312 15 0.40293000 0.00154000 0.40286000 0.00100000 0.40400000 0.00100000 22.29480000 0.28914400 41.54780000 0.29040200 -9.00000000 0 0 -0.21486900 0.04731300 -0.55311800 1.12411000 21.87090000 0.04945480 0.00003204 0.00000146 0.01757650 -0.00000088 -0.00000003 35.25340000 -4.81710000 -999 -999 20.99240000 -16.23030000 250 0.01892720 10.52700000 0.10000000 56654.40000000 0.99350000 14 19.65530000 0.14139000 0.19740000 0.00970000 0.10650000 0.01100000 0.96200000 0.00000000
1329615 10 0.40368000 0.00127000 0.40361000 0.00050000 0.40474000 0.00050000 22.36300000 0.21211600 41.61600000 0.21382800 -9.00000000 0 0 -0.01350100 0.04056200 -0.47281700 0.55457000 22.37920000 0.05357490 0.00002006 0.00000099 0.00531422 -0.00000028 -0.00000002 35.44270000 -5.63980000 -999 -999 2.15000000 -15.60760000 250 0.02030550 10.90800000 0.08450000 57305.00000000 0.76130000 55 31.15680000 0.99605000 0.13130000 0.00800000 -0.06420000 0.00200000 1.00000000 0.00400000
06D3ed 4 0.40463000 0.00154000 0.40454000 0.00100000 0.40400000 0.00100000 22.42170000 0.16383700 41.67470000 0.16604700 -9.00000000 0 0 -0.07640500 0.02234600 -0.39133200 0.08052200 22.33110000 0.02397440 0.00002097 0.00000046 -0.00011749 -0.00000000 -0.00000001 214.69900000 52.75660000 -999 -999 -9.00000000 -18.65610000 250 0.00715005 9.51200000 0.20500000 53876.20000000 0.14060000 41 38.78540000 0.56949000 0.05880000 0.00970000 0.03550000 0.00200000 1.00000000 0.00900000
350050 15 0.40483000 0.00154000 0.40472000 0.00100000 0.40400000 0.00100000 22.08430000 0.20022100 41.33730000 0.20203300 -9.00000000 0 0 -0.01117700 0.03662400 -0.30028100 0.43382000 22.04140000 0.05524670 0.00002738 0.00000139 -0.00002905 -0.00000041 -0.00000003 161.08000000 58.07620000 -999 -999 19.38220000 -22.70960000 250 0.00900712 10.50400000 0.33600000 55923.20000000 0.51230000 41 44.45210000 0.32844000 0.13760000 0.00970000 -0.10500000 0.00300000 0.98000000 0.00000000
05D4dt 4 0.40550000 0.00154000 0.40547000 0.00100000 0.40700000 0.00100000 22.52770000 0.13280100 41.78070000 0.13551800 -9.00000000 0 0 -0.05428700 0.02407800 -0.98438300 0.10459000 22.54060000 0.02716230 0.00001729 0.00000043 -0.00004624 -0.00000001 -0.00000001 333.60800000 -17.67110000 -999 -999 -9.00000000 -4.54440000 250 0.02207210 10.42900000 0.11500000 53609.60000000 0.17140000 50 76.32530000 0.00965899 0.06410000 0.00960000 -0.01690000 0.00300000 1.00000000 0.00400000
1308314 10 0.40646000 0.00514000 0.40648000 0.00500000 0.40700000 0.00500000 22.43840000 0.16664200 41.69140000 0.16881500 -9.00000000 0 0 -0.05672200 0.02876000 -0.02267400 0.27399000 22.31860000 0.03441980 0.00002121 0.00000067 0.00184289 -0.00000008 -0.00000001 53.41560000 -28.94070000 -999 -999 0.74000000 4.73080000 250 0.00675920 7.52200000 0.13850000 56977.70000000 0.35740000 60 61.63050000 0.41750000 0.07950000 0.03210000 -0.00020000 0.00200000 1.00000000 0.00600000
1341370 10 0.40895000 0.00514000 0.40900000 0.00500000 0.41000000 0.00500000 22.44720000 0.23850000 41.70020000 0.24002400 -9.00000000 0 0 0.01642800 0.03762600 1.09764000 0.56368000 22.39590000 0.05521820 0.00001975 0.00000100 0.00908268 -0.00000043 -0.00000003 8.96390000 -44.67670000 -999 -999 1.15000000 11.65380000 250 0.00870372 8.64800000 0.05550000 57376.30000000 0.38420000 24 16.96950000 0.84996000 0.11560000 0.03190000 0.00740000 0.00300000 1.00000000 0.01200000
1306390 10 0.40920000 0.00128000 0.40911000 0.00050000 0.41009000 0.00050000 22.48750000 0.36265000 41.74050000 0.36365400 -9.00000000 0 0 0.15735000 0.06706500 0.01175200 0.91245000 22.85100000 0.08460610 0.00001299 0.00000101 0.00948699 -0.00000032 -0.00000004 43.31640000 -0.03010000 -999 -999 0.30000000 -17.84270000 250 0.05563730 10.29000000 0.07300000 57280.60000000 1.67310000 60 13.33250000 1.00000000 0.21240000 0.00790000 -0.17370000 0.00800000 1.00000000 0.01700000
450339 15 0.40935000 0.00154000 0.40927000 0.00100000 0.41040000 0.00100000 22.45310000 0.27362900 41.70610000 0.27495700 -9.00000000 0 0 -0.03577900 0.05692100 0.87240000 0.64135000 22.22640000 0.10137000 0.00002309 0.00000216 0.01046000 -0.00000112 -0.00000006 36.28740000 -3.35340000 -999 -999 20.71220000 -16.86240000 250 0.02042710 10.54600000 0.19700000 56251.40000000 0.46440000 31 38.01920000 0.18005000 0.19440000 0.00960000 -0.03980000 0.00200000 0.94900000 0.00000000
06D4cq 4 0.40949000 0.00154000 0.40947000 0.00100000 0.41100000 0.00100000 22.42540000 0.17006300 41.67840000 0.17219300 -9.00000000 0 0 -0.04525000 0.02175800 0.42847000 0.09491100 22.29520000 0.02587270 0.00002167 0.00000052 -0.00015791 -0.00000001 -0.00000001 334.23100000 -17.71200000 -999 -999 -9.00000000 -4.60970000 250 0.02330010 9.10700000 0.08800000 53947.40000000 0.10400000 41 63.49280000 0.01367340 0.05820000 0.00960000 0.02050000 0.00200000 1.00000000 0.01000000
020090 15 0.41004000 0.00154000 0.40995000 0.00100000 0.40940000 0.00100000 22.43060000 0.27866300 41.68360000 0.27996800 -9.00000000 0 0 -0.01327800 0.04519100 0.32073000 0.90738000 22.30720000 0.05640400 0.00002144 0.00000111 0.00162850 -0.00000039 -0.00000002 212.87900000 53.57960000 -999 -999 18.67540000 -18.85310000 250 0.01107570 11.32000000 0.27300000 55272.20000000 0.96160000 38 32.30600000 0.72953000 0.19640000 0.00950000 -0.08750000 0.00200000 0.95900000 0.00000000
1307277 10 0.41123000 0.00128000 0.41114000 0.00050000 0.41216000 0.00050000 22.40900000 0.31694100 41.66200000 0.31808900 -9.00000000 0 0 0.06155100 0.05800500 -0.21095100 0.81507000 22.57560000 0.07817980 0.00001674 0.00000121 0.01217940 -0.00000062 -0.00000004 41.73880000 -0.23550000 -999 -999 0.16000000 -17.94820000 250 0.03049360 10.61200000 0.01300000 57284.20000000 0.83680000 61 30.52160000 0.99962000 0.19750000 0.00790000 -0.10720000 0.00400000 1.00000000 0.00900000
530251 15 0.41140000 0.00154000 0.41131000 0.00100000 0.41300000 0.00100000 22.58050000 0.24117100 41.83350000 0.24267700 -9.00000000 0 0 0.06503400 0.05172200 0.02413400 0.47787000 22.70250000 0.06464480 0.00001489 0.00000089 0.00436228 -0.00000020 -0.00000003 334.63400000 1.11490000 -999 -999 22.55240000 -17.71420000 250 0.06566490 9.38090000 0.10000000 56492.70000000 0.51320000 53 41.08170000 0.88333000 0.14500000 0.00950000 -0.12790000 0.00700000 1.00000000 0.00600000
520071 15 0.41161000 0.00154000 0.41152000 0.00100000 0.41100000 0.00100000 22.56010000 0.14664100 41.81310000 0.14910600 -9.00000000 0 0 -0.05907400 0.03914100 -0.20069100 0.43189000 22.40190000 0.05118830 0.00001965 0.00000093 0.00611896 -0.00000025 -0.00000003 215.50400000 53.61930000 -999 -999 19.70770000 -19.03920000 250 0.00617008 10.64100000 0.31900000 56461.50000000 0.43010000 47 30.13420000 0.97351000 0.10130000 0.00950000 -0.05760000 0.00200000 0.94000000 0.00000000
1315296 10 0.41266000 0.00128000 0.41258000 0.00050000 0.41363000 0.00050000 22.53630000 0.32902200 41.78930000 0.33012800 -9.00000000 0 0 0.04500700 0.04692900 -0.05955800 1.05102000 22.71040000 0.05613780 0.00001479 0.00000076 0.01451270 -0.00000039 -0.00000002 40.30160000 -0.76440000 -999 -999 0.80000000 -17.80030000 250 0.02911610 9.82100000 0.06500000 57007.00000000 1.13930000 34 23.72680000 0.90596000 0.18610000 0.00790000 -0.02620000 0.00500000 1.00000000 0.01600000
04D2fp 4 0.41657000 0.00155000 0.41664000 0.00100000 0.41500000 0.00100000 22.47650000 0.14674500 41.72950000 0.14920800 -9.00000000 0 0 -0.05695600 0.02731800 0.37739000 0.12792000 22.27870000 0.02669560 0.00002200 0.00000054 -0.00027487 -0.00000001 -0.00000001 149.86700000 2.32100000 -999 -999 -9.00000000 14.19280000 250 0.01695830 10.23500000 0.21750000 53107.50000000 0.16150000 17 24.30700000 0.11133000 0.07740000 0.00950000 -0.01840000 0.00200000 1.00000000 0.00400000
05D2dw 4 0.41857000 0.00155000 0.41864000 0.00100000 0.41700000 0.00100000 22.36440000 0.20028800 41.61740000 0.20209900 -9.00000000 0 0 -0.02240500 0.02450100 1.14278000 0.16297000 22.20050000 0.02805470 0.00002365 0.00000061 0.00042126 -0.00000004 -0.00000001 149.63400000 2.03220000 -999 -999 -9.00000000 14.26220000 250 0.01677800 8.81500000 0.19600000 53454.40000000 0.12820000 22 24.35890000 0.32870000 0.06800000 0.00940000 0.02160000 0.00300000 1.00000000 0.01400000
440162 15 0.41936000 0.00155000 0.41927000 0.00100000 0.42100000 0.00100000 22.43330000 0.19069700 41.68630000 0.19259900 -9.00000000 0 0 -0.09446200 0.03752200 0.88133000 0.60310000 22.08130000 0.04718930 0.00002639 0.00000115 0.00569970 -0.00000042 -0.00000002 353.26600000 -0.91270000 -999 -999 18.83940000 -19.16080000 250 0.03024070 11.50000000 0.00800000 56215.90000000 0.55740000 45 49.59540000 0.29508000 0.13690000 0.00940000 0.01770000 0.00200000 0.92400000 0.00000000
550137 15 0.41939000 0.00155000 0.41931000 0.00100000 0.42100000 0.00100000 22.20740000 0.22099600 41.46040000 0.22264000 -9.00000000 0 0 0.04322100 0.05910500 0.57740000 0.59892000 22.18390000 0.09364070 0.00002401 0.00000207 0.01395910 -0.00000080 -0.00000009 334.75400000 0.02970000 -999 -999 22.12790000 -16.75320000 250 0.07990250 10.08600000 0.10000000 56560.00000000 0.55000000 35 24.76650000 0.90079000 0.15630000 0.00940000 -0.12440000 0.00400000 0.94600000 0.00000000
1289600 10 0.41960000 0.00129000 0.41962000 0.00050000 0.42019000 0.00050000 22.61320000 0.22299200 41.86620000 0.22462100 -9.00000000 0 0 0.03966500 0.02790500 1.26529000 0.26197000 22.62880000 0.03221520 0.00001594 0.00000047 0.00038151 -0.00000004 -0.00000001 52.04770000 -27.86290000 -999 -999 0.58000000 3.56300000 250 0.00805708 9.71200000 0.05100000 57283.10000000 0.36800000 56 18.23580000 1.00000000 0.08460000 0.00780000 0.02730000 0.00500000 1.00000000 0.01500000
05D3cf 4 0.41965000 0.00155000 0.41956000 0.00100000 0.41900000 0.00100000 22.54510000 0.23420500 41.79810000 0.23575700 -9.00000000 0 0 0.00077600 0.02686600 -0.26250600 0.17416000 22.66800000 0.02739660 0.00001538 0.00000039 0.00013513 -0.00000002 -0.00000001 214.22300000 52.34510000 -999 -999 -9.00000000 -17.80670000 250 0.01057520 9.60900000 0.13800000 53418.80000000 0.21190000 26 22.51050000 0.66047000 0.07680000 0.00940000 0.02930000 0.00300000 1.00000000 0.02000000
1340454 10 0.41995000 0.00129000 0.41997000 0.00050000 0.42047000 0.00050000 22.18640000 0.29317500 41.43940000 0.29441500 -9.00000000 0 0 0.11821000 0.03894000 1.40686000 0.48058000 22.44040000 0.05233210 0.00001896 0.00000091 0.00719640 -0.00000029 -0.00000002 54.75390000 -27.84320000 -999 -999 1.07000000 4.13300000 250 0.00913462 9.90900000 0.01900000 57375.30000000 0.36550000 35 48.12900000 0.06880390 0.11380000 0.00780000 0.04370000 0.01400000 1.00000000 0.02600000
550202 15 0.42036000 0.00155000 0.42027000 0.00100000 0.42200000 0.00100000 22.58130000 0.34312700 41.83430000 0.34418800 -9.00000000 0 0 -0.22143900 0.10031000 0.48719000 0.62175000 22.04020000 0.08867050 0.00002741 0.00000224 0.01918660 -0.00000071 -0.00000020 351.80000000 -0.78290000 -999 -999 22.41330000 -19.03420000 250 0.03981560 9.75100000 0.10000000 56571.60000000 0.81190000 13 9.86245000 0.70514000 0.23610000 0.00940000 0.16310000 0.01400000 0.95100000 0.00000000
1306626 10 0.42088000 0.00129000 0.42090000 0.00050000 0.42140000 0.00050000 22.36480000 0.17435100 41.61780000 0.17643000 -9.00000000 0 0 -0.09801800 0.03098300 0.22138000 0.36234000 22.11110000 0.04337320 0.00002568 0.00000103 0.00286789 -0.00000023 -0.00000002 54.87730000 -27.23900000 -999 -999 0.42000000 3.73170000 250 0.01101780 9.03100000 0.05550000 57284.90000000 0.37970000 67 39.23460000 0.99732000 0.09780000 0.00780000 0.02970000 0.00200000 1.00000000 0.00500000
110430 15 0.42094000 0.00155000 0.42085000 0.00100000 0.42000000 0.00100000 22.47500000 0.24865600 41.72800000 0.25011700 -9.00000000 0 0 0.01127200 0.04499000 -0.89579100 0.57244000 22.52920000 0.05270300 0.00001747 0.00000085 0.00192966 -0.00000029 -0.00000002 132.24900000 44.86570000 -999 -999 22.64530000 -18.53550000 250 0.02381180 9.14000000 0.49200000 55554.00000000 0.51430000 40 57.95530000 0.03291750 0.16030000 0.00940000 -0.16520000 0.00800000 1.00000000 0.00300000
1306991 10 0.42195000 0.00129000 0.42199000 0.00050000 0.42306000 0.00050000 22.28060000 0.26947200 41.53360000 0.27082100 -9.00000000 0 0 -0.06484900 0.05875700 -0.59928200 0.69131000 22.19250000 0.09358670 0.00002382 0.00000205 0.01804760 -0.00000107 -0.00000006 8.46810000 -42.09480000 -999 -999 0.25000000 9.50370000 250 0.01017580 10.91900000 0.00150000 57287.40000000 0.64560000 69 39.97830000 0.99801000 0.18080000 0.00780000 -0.02840000 0.00200000 1.00000000 0.00200000
04D4gg 4 0.42247000 0.00155000 0.42245000 0.00100000 0.42400000 0.00100000 22.39530000 0.23012800 41.64830000 0.23170700 -9.00000000 0 0 0.07305900 0.02637400 1.23110000 0.13835000 22.46260000 0.03022940 0.00001858 0.00000052 0.00044486 -0.00000003 -0.00000001 334.03900000 -17.29440000 -999 -999 -9.00000000 -4.74720000 250 0.02352490 10.05700000 0.34550000 53246.80000000 0.12060000 39 58.69020000 0.02224570 0.07060000 0.00940000 -0.02940000 0.00700000 1.00000000 0.02000000
1345594 10 0.42249000 0.00129000 0.42242000 0.00050000 0.42360000 0.00050000 22.42660000 0.27412200 41.67960000 0.27544900 -9.00000000 0 0 -0.15061100 0.05089000 -0.03314100 1.14420000 22.07670000 0.06402350 0.00002651 0.00000156 0.03048990 -0.00000102 -0.00000003 33.89870000 -5.59980000 -999 -999 0.43000000 -15.28550000 250 0.02017400 11.19000000 0.15400000 57398.00000000 0.97240000 19 11.04850000 0.92220000 0.18500000 0.00780000 0.05850000 0.00400000 1.00000000 0.00200000
490037 15 0.42348000 0.00155000 0.42355000 0.00100000 0.42190000 0.00100000 22.34250000 0.18450000 41.59550000 0.18646500 -9.00000000 0 0 -0.12527700 0.04599600 -0.01735000 0.49454000 22.03280000 0.07450320 0.00002760 0.00000189 0.00953668 -0.00000072 -0.00000006 149.95700000 0.81660000 -999 -999 18.32620000 14.99900000 250 0.01891200 11.41700000 0.23800000 56370.50000000 0.38830000 40 54.51310000 0.06272760 0.13230000 0.00930000 0.02270000 0.00300000 0.91900000 0.00000000
160200 15 0.42360000 0.00155000 0.42349000 0.00100000 0.42340000 0.00100000 22.58730000 0.39990600 41.84030000 0.40081700 -9.00000000 0 0 0.15761000 0.08162500 -0.19541800 0.91668000 22.87120000 0.07644050 0.00001275 0.00000090 -0.01322570 -0.00000022 -0.00000005 242.60800000 54.14960000 -999 -999 19.85000000 -22.43000000 250 0.01018590 10.86700000 0.14500000 55711.30000000 1.50490000 51 42.99090000 0.77989000 0.28100000 0.00930000 -0.28470000 0.01200000 0.96600000 0.00000000
1302523 10 0.42399000 0.00129000 0.42392000 0.00050000 0.42505000 0.00050000 22.47340000 0.13142600 41.72640000 0.13417000 -9.00000000 0 0 -0.02589200 0.02831400 0.30297000 0.26502000 22.34710000 0.03780660 0.00002066 0.00000072 0.00253070 -0.00000010 -0.00000002 36.31760000 -4.65980000 -999 -999 0.79000000 -15.50930000 250 0.02216010 10.49800000 0.02450000 57288.80000000 0.29040000 54 29.59420000 0.99723000 0.06950000 0.00780000 -0.05400000 0.00200000 1.00000000 0.00300000
1312274 10 0.42459000 0.00129000 0.42451000 0.00050000 0.42551000 0.00050000 22.49530000 0.19396100 41.74830000 0.19583100 -9.00000000 0 0 -0.08696600 0.04040400 -1.43009000 0.54183000 22.48350000 0.05133610 0.00001822 0.00000086 0.00606064 -0.00000019 -0.00000002 42.61100000 -0.36170000 -999 -999 0.76000000 -17.23480000 250 0.05369450 10.49400000 0.15650000 56977.00000000 0.60940000 57 25.50100000 0.99990000 0.12490000 0.00780000 -0.00630000 0.00300000 1.00000000 0.00200000
1295027 10 0.42568000 0.00129000 0.42562000 0.00050000 0.42676000 0.00050000 22.45090000 0.19359400 41.70390000 0.19546800 -9.00000000 0 0 -0.04138500 0.04873600 -0.25008600 0.48646000 22.36820000 0.06960880 0.00002026 0.00000130 0.00917402 -0.00000040 -0.00000005 35.43270000 -6.94060000 -999 -999 0.58000000 -14.06000000 250 0.02403510 10.09100000 0.02450000 56910.40000000 0.58080000 64 24.20780000 1.00000000 0.12380000 0.00770000 -0.04400000 0.00200000 1.00000000 0.00200000
1258940 10 0.42602000 0.00129000 0.42594000 0.00050000 0.42694000 0.00050000 22.49870000 0.17335900 41.75170000 0.17544900 -9.00000000 0 0 -0.11712400 0.03822100 -0.15310500 0.38355000 22.23380000 0.05582520 0.00002294 0.00000118 0.00422557 -0.00000028 -0.00000003 42.71480000 -0.52510000 -999 -999 3.07000000 -17.07100000 250 0.05074080 11.22300000 0.14600000 56619.50000000 0.44620000 61 48.07590000 0.88555000 0.11120000 0.00770000 0.02220000 0.00300000 1.00000000 0.00200000
050003 15 0.42700000 0.00155000 0.42689000 0.00100000 0.42680000 0.00100000 22.56000000 0.22794500 41.81300000 0.22953900 -9.00000000 0 0 -0.00449000 0.04098700 1.07494000 0.74091000 22.42640000 0.05713100 0.00001921 0.00000101 0.01106150 -0.00000059 -0.00000003 242.21900000 55.00480000 -999 -999 24.48350000 -22.68640000 250 0.00553362 8.37100000 1.43500000 55355.90000000 0.69540000 39 64.46370000 0.00631866 0.14890000 0.00930000 -0.01350000 0.00400000 1.00000000 0.00300000
110542 15 0.42703000 0.00155000 0.42694000 0.00100000 0.42610000 0.00100000 22.58180000 0.19647700 41.83480000 0.19832400 -9.00000000 0 0 -0.04090800 0.03805100 0.56071000 0.50218000 22.37350000 0.04367100 0.00002017 0.00000081 0.00099753 -0.00000023 -0.00000001 131.82000000 45.29760000 -999 -999 20.61940000 -18.66920000 250 0.02348120 10.59500000 0.24700000 55550.30000000 0.64320000 41 44.37490000 0.33137000 0.14150000 0.00930000 -0.05150000 0.00200000 0.89500000 0.00000000
110719 15 0.42793000 0.00155000 0.42784000 0.00100000 0.42700000 0.00100000 23.02270000 0.23707800 42.27570000 0.23861000 -9.00000000 0 0 -0.04508900 0.05145000 0.54092000 0.61831000 22.80730000 0.05714880 0.00001352 0.00000071 0.00366206 -0.00000023 -0.00000002 129.92300000 43.96440000 -999 -999 20.57260000 -18.27170000 250 0.01948830 11.34800000 0.34300000 55566.70000000 0.85250000 35 40.64500000 0.27313000 0.17240000 0.00930000 -0.04860000 0.00200000 0.89400000 0.00000000
05D2cb 4 0.42859000 0.00156000 0.42865000 0.00100000 0.42700000 0.00100000 22.62950000 0.40263900 41.88250000 0.40354300 -9.00000000 0 0 0.15153000 0.02856400 0.88420000 0.19161000 23.13190000 0.03230260 0.00001003 0.00000030 0.00047668 -0.00000002 -0.00000001 149.85200000 2.32820000 -999 -999 -9.00000000 13.84800000 250 0.01696340 9.53400000 0.07800000 53423.00000000 0.19890000 30 38.36020000 0.14072000 0.08100000 0.00930000 0.11190000 0.01300000 1.00000000 0.06300000
440236 15 0.42895000 0.01007000 0.42888000 0.01000000 0.43000000 0.01000000 22.39130000 0.19150400 41.64430000 0.19339800 -9.00000000 0 0 -0.08438500 0.03779600 -0.76880200 0.52243000 22.26210000 0.04463870 0.00002234 0.00000092 0.00142401 -0.00000015 -0.00000003 37.10190000 -4.42460000 -999 -999 19.57340000 -15.40380000 250 0.02256580 11.41300000 0.18400000 56208.30000000 0.65430000 45 57.06220000 0.10716000 0.12200000 0.06000000 -0.03400000 0.00300000 0.89900000 0.00000000
1306029 10 0.42903000 0.00514000 0.42895000 0.00500000 0.43000000 0.00500000 22.57360000 0.24929900 41.82660000 0.25075700 -9.00000000 0 0 0.02544700 0.03766400 0.99322000 0.51888000 22.56030000 0.04663850 0.00001698 0.00000073 0.00231288 -0.00000015 -0.00000002 40.84160000 -1.95780000 -999 -999 -9.00000000 -16.39330000 250 0.02442250 7.00000000 2.00000000 57279.40000000 0.85360000 59 51.06400000 0.75929000 0.12290000 0.03060000 0.00220000 0.00400000 1.00000000 0.01300000
100101 15 0.42976000 0.00156000 0.42967000 0.00100000 0.42880000 0.00100000 22.66890000 0.19622200 41.92190000 0.19807000 -9.00000000 0 0 -0.07145400 0.04180400 -0.77341700 0.48103000 22.56160000 0.04887600 0.00001696 0.00000076 0.00356106 -0.00000016 -0.00000001 132.14100000 43.98520000 -999 -999 19.09250000 -17.73230000 250 0.02459860 11.50000000 0.16000000 55517.40000000 0.58620000 32 30.41780000 0.54670000 0.14080000 0.00930000 -0.05280000 0.00300000 0.89400000 0.00000000
080723 15 0.43020000 0.00156000 0.43013000 0.00100000 0.43130000 0.00100000 22.58240000 0.16356900 41.83540000 0.16578300 -9.00000000 0 0 -0.15907000 0.03595200 0.16631000 0.34079000 22.18080000 0.04451290 0.00002408 0.00000099 0.00170602 -0.00000017 -0.00000002 34.98640000 -3.96060000 -999 -999 22.55310000 -15.99150000 250 0.01757070 9.75300000 0.32300000 55473.90000000 0.42640000 47 52.02160000 0.28474000 0.10980000 0.00930000 0.06240000 0.00400000 0.95600000 0.00000000
04D1rh 4 0.43494000 0.00156000 0.43487000 0.00100000 0.43600000 0.00100000 22.52980000 0.18167900 41.78280000 0.18367400 -9.00000000 0 0 -0.06407200 0.02552900 0.80878000 0.21002000 22.29300000 0.02636410 0.00002172 0.00000053 0.00014239 -0.00000002 -0.00000001 36.94640000 -4.25380000 -999 -999 -9.00000000 -15.36710000 250 0.02183920 9.88800000 0.13200000 53350.80000000 0.26500000 21 34.28350000 0.03378490 0.07460000 0.00920000 0.02830000 0.00200000 1.00000000 0.01000000
06D4co 4 0.43546000 0.00156000 0.43544000 0.00100000 0.43700000 0.00100000 22.33090000 0.13089400 41.58390000 0.13365000 -9.00000000 0 0 -0.04990500 0.02293000 -0.39404700 0.09516300 22.26420000 0.02566960 0.00002230 0.00000053 -0.00012358 -0.00000000 -0.00000001 333.86100000 -17.86920000 -999 -999 -9.00000000 -4.20120000 250 0.02225980 10.62700000 0.15150000 53940.20000000 0.16520000 45 60.77650000 0.05829850 0.06210000 0.00920000 -0.02300000 0.00200000 1.00000000 0.00400000
000142 15 0.43683000 0.00156000 0.43673000 0.00100000 0.43600000 0.00100000 22.75210000 0.17978400 42.00510000 0.18180000 -9.00000000 0 0 -0.03045500 0.03891700 -0.76983200 0.42620000 22.72830000 0.03578770 0.00001454 0.00000048 0.00215197 -0.00000010 -0.00000001 162.30900000 58.46720000 -999 -999 19.82140000 -21.44030000 250 0.00665107 11.50000000 0.05100000 55214.20000000 0.42900000 55 50.73200000 0.63830000 0.12980000 0.00910000 -0.09560000 0.00300000 0.86200000 0.00000000
1336008 10 0.43760000 0.00130000 0.43765000 0.00050000 0.43867000 0.00050000 22.37230000 0.16393200 41.62530000 0.16614000 -9.00000000 0 0 -0.06659200 0.02879200 0.67080000 0.32047000 22.13470000 0.03669960 0.00002513 0.00000085 0.00213499 -0.00000014 -0.00000002 10.32120000 -43.88620000 -999 -999 0.51000000 10.46420000 250 0.00652798 9.83300000 0.01050000 57348.10000000 0.33230000 45 37.05980000 0.79405000 0.08810000 0.00760000 0.01490000 0.00200000 1.00000000 0.00500000
1333246 10 0.43783000 0.00130000 0.43774000 0.00050000 0.43879000 0.00050000 22.62900000 0.35585400 41.88200000 0.35687700 -9.00000000 0 0 0.13090000 0.06615600 1.74637000 0.87162000 22.78640000 0.10266000 0.00001379 0.00000130 0.01786280 -0.00000083 -0.00000006 41.38400000 -0.06160000 -999 -999 0.86000000 -17.22310000 250 0.02740860 10.90500000 0.03000000 57325.80000000 0.92140000 48 13.99440000 1.00000000 0.21210000 0.00760000 -0.04210000 0.01800000 1.00000000 0.01300000
1310338 10 0.43890000 0.00514000 0.43883000 0.00500000 0.44000000 0.00500000 22.21490000 0.20946100 41.46790000 0.21119400 -9.00000000 0 0 0.01255100 0.02848300 -0.40678800 0.31494000 22.32420000 0.03442670 0.00002110 0.00000067 0.00104451 -0.00000008 -0.00000001 35.04200000 -6.37670000 -999 -999 -9.00000000 -14.14380000 250 0.02360530 7.00000000 2.00000000 56977.30000000 0.42310000 54 44.41290000 0.82079000 0.08780000 0.03000000 -0.04190000 0.00500000 1.00000000 0.01100000
560027 15 0.43891000 0.00156000 0.43883000 0.00100000 0.44000000 0.00100000 22.41520000 0.27865600 41.66820000 0.27996100 -9.00000000 0 0 -0.16392400 0.05622300 -0.52010100 0.64681000 22.09070000 0.05662900 0.00002617 0.00000136 -0.00351945 -0.00000030 -0.00000003 35.85060000 -3.08390000 -999 -999 14.93870000 -16.16530000 250 0.02223940 11.50000000 0.10000000 56569.20000000 1.14850000 37 40.91900000 0.30245000 0.20500000 0.00910000 0.05330000 0.00500000 0.89300000 0.00000000
050607 15 0.43935000 0.00156000 0.43926000 0.00100000 0.43870000 0.00100000 22.57320000 0.20097800 41.82620000 0.20278400 -9.00000000 0 0 0.06054100 0.04424600 0.10818000 0.50736000 22.64910000 0.04689300 0.00001564 0.00000068 0.00508005 -0.00000014 -0.00000002 213.51400000 53.36220000 -999 -999 24.06870000 -17.72200000 250 0.00806122 9.45800000 0.39400000 55367.50000000 0.63570000 31 32.35610000 0.39965000 0.12710000 0.00910000 -0.14780000 0.00800000 1.00000000 0.00300000
040166 15 0.44013000 0.00156000 0.44004000 0.00100000 0.43950000 0.00100000 22.88710000 0.44109000 42.14010000 0.44191500 -9.00000000 0 0 -0.14896800 0.06760300 0.30821000 1.48040000 22.49340000 0.11940000 0.00001806 0.00000199 -0.02080810 0.00000052 -0.00000004 214.12000000 54.05360000 -999 -999 23.81100000 -18.18480000 250 0.00958061 8.79800000 1.16700000 55326.50000000 4.44040000 44 62.07460000 0.04642270 0.31570000 0.00910000 0.06000000 0.00400000 0.93800000 0.00000000
510266 15 0.44067000 0.01007000 0.44059000 0.01000000 0.44000000 0.01000000 22.38340000 0.15788500 41.63640000 0.16017700 -9.00000000 0 0 -0.16994800 0.03375100 -0.47627900 0.31795000 22.04480000 0.03921850 0.00002730 0.00000099 0.00318253 -0.00000022 -0.00000004 214.03300000 51.73210000 -999 -999 18.47060000 -16.69310000 250 0.00987252 11.50000000 0.11100000 56430.70000000 0.32810000 60 58.40690000 0.53414000 0.09640000 0.05860000 0.06420000 0.00600000 0.89100000 0.00000000
1328105 10 0.44149000 0.00130000 0.44154000 0.00050000 0.44259000 0.00050000 22.42930000 0.18157600 41.68230000 0.18357200 -9.00000000 0 0 -0.05447000 0.03557000 0.11357000 0.42447000 22.26230000 0.04943210 0.00002234 0.00000102 0.00324480 -0.00000025 -0.00000002 8.18710000 -43.57690000 -999 -999 2.64000000 10.18610000 250 0.00521422 11.20400000 0.08150000 57302.70000000 0.61620000 74 63.17890000 0.81096000 0.11600000 0.00760000 -0.03430000 0.00200000 1.00000000 0.00200000
1295256 10 0.44245000 0.00514000 0.44246000 0.00500000 0.44300000 0.00500000 22.59930000 0.17077000 41.85230000 0.17289100 -9.00000000 0 0 -0.10270000 0.02763500 -0.14879500 0.34917000 22.37900000 0.03593150 0.00002006 0.00000066 0.00129968 -0.00000012 -0.00000001 53.71940000 -27.83280000 -999 -999 0.81000000 3.73590000 250 0.00791482 8.80300000 0.30250000 56928.20000000 0.37740000 55 57.71290000 0.37528000 0.09220000 0.02980000 0.02290000 0.00200000 1.00000000 0.00500000
06D3df 4 0.44263000 0.00156000 0.44254000 0.00100000 0.44200000 0.00100000 22.65090000 0.13706500 41.90390000 0.13969900 -9.00000000 0 0 -0.03694800 0.02279300 1.15088000 0.16437000 22.39090000 0.02430320 0.00001984 0.00000044 -0.00060699 0.00000001 -0.00000001 215.57200000 52.95770000 -999 -999 -9.00000000 -17.54210000 250 0.00850803 10.46000000 0.03200000 53850.70000000 0.37090000 39 34.17720000 0.68934000 0.06660000 0.00900000 -0.02830000 0.00400000 1.00000000 0.00400000
06D2gb 4 0.44361000 0.00157000 0.44368000 0.00100000 0.44200000 0.00100000 22.54000000 0.18020800 41.79300000 0.18221900 -9.00000000 0 0 -0.01609700 0.03739300 -1.56881000 0.19505000 22.73290000 0.03503950 0.00001448 0.00000047 0.00219737 -0.00000005 -0.00000001 150.19800000 1.98540000 -999 -999 -9.00000000 13.76140000 250 0.01563990 10.90500000 0.12450000 53872.60000000 0.29100000 15 4.46647000 0.99576000 0.09690000 0.00910000 -0.04110000 0.00400000 1.00000000 0.00600000
1291080 10 0.44391000 0.00514000 0.44384000 0.00500000 0.44500000 0.00500000 22.55390000 0.28908900 41.80690000 0.29034700 -9.00000000 0 0 0.00385300 0.04883100 -1.28981000 0.66747000 22.70450000 0.06882630 0.00001487 0.00000094 -0.00067596 -0.00000006 -0.00000002 35.68460000 -6.06360000 -999 -999 0.38000000 -14.11640000 250 0.02265160 8.58200000 0.17200000 56887.50000000 1.85330000 46 52.14540000 0.24729000 0.17020000 0.02970000 -0.10400000 0.01300000 1.00000000 0.01000000
040137 15 0.44764000 0.00157000 0.44756000 0.00100000 0.44700000 0.00100000 22.60220000 0.22232100 41.85520000 0.22395400 -9.00000000 0 0 0.02392600 0.04772600 1.08695000 0.53781000 22.53330000 0.05851340 0.00001741 0.00000094 -0.00029436 -0.00000014 -0.00000003 214.46000000 52.80100000 -999 -999 23.80500000 -17.17890000 250 0.00927443 8.74300000 0.95300000 55326.40000000 1.15290000 45 51.43110000 0.23650000 0.15750000 0.00900000 -0.03490000 0.00600000 0.94900000 0.00000000
1328066 10 0.44886000 0.00514000 0.44890000 0.00500000 0.45000000 0.00500000 22.63230000 0.22016400 41.88530000 0.22181400 -9.00000000 0 0 -0.13376700 0.03794400 0.76252000 0.44690000 22.23190000 0.05575640 0.00002297 0.00000118 0.00346015 -0.00000035 -0.00000002 7.31730000 -42.05220000 -999 -999 0.09000000 9.02480000 250 0.00777099 9.90200000 0.02750000 57298.20000000 0.55650000 75 56.94470000 0.94025000 0.13140000 0.02940000 0.07330000 0.00300000 1.00000000 0.00400000
1320166 10 0.44891000 0.00514000 0.44896000 0.00500000 0.45000000 0.00500000 22.73450000 0.21395100 41.98750000 0.21564800 -9.00000000 0 0 -0.03299300 0.03875700 0.36335000 0.48433000 22.62390000 0.04837690 0.00001601 0.00000071 0.00588814 -0.00000022 -0.00000002 9.34640000 -43.87190000 -999 -999 -9.00000000 10.24280000 250 0.00709548 7.00000000 2.00000000 57021.60000000 0.41330000 27 32.86640000 0.20152000 0.12120000 0.02940000 -0.00730000 0.00200000 1.00000000 0.00600000
050580 15 0.45068000 0.00157000 0.45060000 0.00100000 0.45000000 0.00100000 22.39160000 0.15535700 41.64460000 0.15768600 -9.00000000 0 0 0.02005400 0.03851600 -0.41030200 0.46861000 22.40050000 0.04275340 0.00001967 0.00000077 0.00455875 -0.00000016 -0.00000002 212.99100000 52.07180000 -999 -999 23.24980000 -16.51370000 250 0.01305330 10.42200000 0.14000000 55369.30000000 0.59240000 29 28.26390000 0.50384000 0.11590000 0.00900000 -0.16600000 0.00400000 0.78400000 0.00000000
520016 15 0.45106000 0.01007000 0.45100000 0.01000000 0.45000000 0.01000000 22.67510000 0.21171600 41.92810000 0.21343100 -9.00000000 0 0 -0.08654400 0.03501600 1.09102000 0.56999000 22.33270000 0.03845560 0.00002094 0.00000074 -0.00129413 -0.00000023 -0.00000001 185.33800000 46.97080000 -999 -999 -9.00000000 -12.33780000 250 0.01400310 10.01100000 0.38500000 56423.10000000 0.76010000 36 42.68540000 0.20573000 0.14700000 0.05740000 0.03370000 0.00300000 0.83500000 0.00000000
04D2gb 4 0.45162000 0.01007000 0.45169000 0.01000000 0.45000000 0.01000000 22.33620000 0.22372300 41.58920000 0.22534600 -9.00000000 0 0 0.02276900 0.03402600 -1.60336000 0.17186000 22.63500000 0.02853780 0.00001585 0.00000042 -0.00029016 -0.00000002 -0.00000001 150.59400000 1.89420000 -999 -999 -9.00000000 13.69720000 250 0.01736160 10.24600000 0.09000000 53108.40000000 0.20670000 17 12.12190000 0.79270000 0.10030000 0.05730000 -0.06050000 0.00500000 1.00000000 0.01100000
120094 15 0.45162000 0.00157000 0.45169000 0.00100000 0.45000000 0.00100000 22.73930000 0.15234100 41.99230000 0.15471500 -9.00000000 0 0 -0.16876600 0.03483100 1.04360000 0.43271000 22.23760000 0.03931730 0.00002285 0.00000083 0.00429942 -0.00000022 -0.00000002 150.52600000 2.08780000 -999 -999 23.94290000 13.56220000 250 0.01503040 11.50000000 7.62000000 55570.80000000 0.47460000 38 35.50520000 0.58539000 0.10930000 0.00890000 0.12170000 0.00700000 0.85500000 0.00000000
04D3gt 4 0.45163000 0.00157000 0.45155000 0.00100000 0.45100000 0.00100000 22.46320000 0.30418900 41.71620000 0.30538500 -9.00000000 0 0 0.18447000 0.02831900 -0.23898900 0.11205000 22.97590000 0.02679230 0.00001158 0.00000029 -0.00016933 -0.00000001 -0.00000001 215.63600000 52.64690000 -999 -999 -9.00000000 -17.07110000 250 0.00815071 11.34000000 0.09450000 53137.80000000 0.15190000 45 84.22550000 0.00035513 0.07950000 0.00890000 -0.14540000 0.01200000 1.00000000 0.03400000
1290127 10 0.45218000 0.00131000 0.45223000 0.00050000 0.45330000 0.00050000 22.74290000 0.31893500 41.99590000 0.32007600 -9.00000000 0 0 -0.08995900 0.05075900 1.29535000 0.76479000 22.39110000 0.10179000 0.00001984 0.00000186 0.00118189 -0.00000007 -0.00000001 6.69080000 -43.43400000 -999 -999 -9.00000000 9.91400000 250 0.00568624 2.00000000 2.00000000 56874.50000000 2.36460000 46 53.14890000 0.21811000 0.21120000 0.00750000 0.06510000 0.00300000 1.00000000 0.00500000
1253101 10 0.45328000 0.00131000 0.45333000 0.00050000 0.45440000 0.00050000 22.54230000 0.20602400 41.79530000 0.20778600 -9.00000000 0 0 0.00459100 0.03298300 1.37354000 0.36476000 22.43640000 0.04059190 0.00001903 0.00000071 0.00256601 -0.00000014 -0.00000002 7.46510000 -43.13780000 -999 -999 0.13000000 9.69020000 250 0.00584418 8.52600000 0.19400000 56577.90000000 0.44210000 53 64.42710000 0.13510000 0.10010000 0.00740000 0.03010000 0.00500000 1.00000000 0.01000000
1253039 10 0.45346000 0.00514000 0.45347000 0.00500000 0.45400000 0.00500000 22.63330000 0.14155800 41.88630000 0.14411000 -9.00000000 0 0 -0.10762100 0.02786500 0.30168000 0.26290000 22.32290000 0.03114520 0.00002113 0.00000061 0.00150037 -0.00000007 -0.00000001 54.41860000 -27.52740000 -999 -999 -9.00000000 3.60330000 250 0.00968606 10.79500000 0.13950000 56574.90000000 0.28900000 73 65.34110000 0.72634000 0.08300000 0.02920000 0.01450000 0.00200000 1.00000000 0.00200000
1334302 10 0.45458000 0.00131000 0.45463000 0.00050000 0.45570000 0.00050000 22.53430000 0.20748700 41.78730000 0.20923600 -9.00000000 0 0 -0.03248500 0.03929700 -1.04445000 0.52465000 22.58190000 0.04764450 0.00001664 0.00000073 0.00356049 -0.00000017 -0.00000001 7.36730000 -43.38820000 -999 -999 0.84000000 9.82910000 250 0.00625408 10.51900000 0.03300000 57331.00000000 0.68690000 56 27.77200000 0.99944000 0.13430000 0.00740000 -0.05840000 0.00400000 1.00000000 0.00200000
1306360 10 0.45477000 0.00131000 0.45478000 0.00050000 0.45534000 0.00050000 22.63100000 0.28286300 41.88390000 0.28414900 -9.00000000 0 0 -0.00367300 0.05193800 -0.60873300 0.73219000 22.68320000 0.06031250 0.00001516 0.00000084 0.00354090 -0.00000025 -0.00000002 53.67670000 -26.48700000 -999 -999 1.12000000 2.76310000 250 0.00986918 10.64600000 0.27400000 57278.30000000 1.16340000 71 36.11980000 0.99982000 0.18600000 0.00740000 -0.07860000 0.00300000 1.00000000 0.00400000
1345582 10 0.45885000 0.00515000 0.45878000 0.00500000 0.46000000 0.00500000 22.71490000 0.25073500 41.96790000 0.25218500 -9.00000000 0 0 -0.10434500 0.04884000 0.83591000 1.42695000 22.37130000 0.05472710 0.00002021 0.00000102 0.05698280 -0.00000124 -0.00000004 33.70650000 -4.67470000 -999 -999 1.07000000 -14.87920000 250 0.01845150 9.91400000 0.43000000 57399.10000000 1.36470000 20 9.88755000 0.97017000 0.15820000 0.02890000 0.05000000 0.00200000 1.00000000 0.00400000
380199 15 0.46064000 0.01007000 0.46055000 0.01000000 0.46000000 0.01000000 22.74910000 0.18902500 42.00210000 0.19094300 -9.00000000 0 0 -0.05156500 0.03586100 1.77853000 0.50793000 22.48030000 0.04335030 0.00001828 0.00000073 0.00136182 -0.00000022 -0.00000002 215.23300000 53.00890000 -999 -999 -9.00000000 -16.98400000 250 0.00879382 10.68300000 0.43400000 56039.20000000 0.54510000 50 46.82120000 0.60172000 0.13230000 0.05640000 0.10060000 0.00600000 0.79300000 0.00000000
510597 15 0.46104000 0.01007000 0.46098000 0.01000000 0.46000000 0.01000000 22.76320000 0.22866300 42.01620000 0.23025100 -9.00000000 0 0 -0.09598200 0.04200200 1.61547000 0.56109000 22.39350000 0.05314180 0.00001980 0.00000097 0.00118315 -0.00000037 -0.00000002 185.82100000 47.82280000 -999 -999 22.26550000 -12.67300000 250 0.01134560 9.90660000 0.10000000 56438.70000000 0.51220000 32 38.20400000 0.20823000 0.15930000 0.05630000 0.11300000 0.00600000 0.85800000 0.00000000
05D3lc 4 0.46164000 0.00158000 0.46156000 0.00100000 0.46100000 0.00100000 22.73090000 0.13578300 41.98390000 0.13844100 -9.00000000 0 0 -0.05579200 0.02401900 -0.74473500 0.10714000 22.70260000 0.02427480 0.00001489 0.00000033 -0.00004439 -0.00000000 -0.00000001 215.59600000 52.47890000 -999 -999 -9.00000000 -16.65720000 250 0.00728877 10.77700000 0.05400000 53527.70000000 0.13850000 41 36.07860000 0.68879000 0.06730000 0.00880000 -0.01800000 0.00200000 1.00000000 0.00400000
03D4au 4 0.46643000 0.00158000 0.46641000 0.00100000 0.46800000 0.00100000 23.08940000 0.39557100 42.34240000 0.39649200 -9.00000000 0 0 0.11620000 0.04267000 0.35918000 0.33294000 23.53160000 0.03510290 0.00000694 0.00000022 0.00083195 -0.00000002 -0.00000001 334.04100000 -18.07760000 -999 -999 -9.00000000 -3.87020000 250 0.02455970 9.46400000 0.10650000 52816.10000000 0.50600000 25 20.56230000 0.71674000 0.12980000 0.00870000 0.08350000 0.00800000 1.00000000 0.05100000
000215 15 0.46654000 0.00158000 0.46660000 0.00100000 0.46490000 0.00100000 22.79500000 0.13321300 42.04800000 0.13592200 -9.00000000 0 0 -0.09831000 0.03017900 0.97228000 0.31456000 22.45500000 0.03326000 0.00001871 0.00000057 0.00074158 -0.00000009 -0.00000001 150.81000000 3.14420000 -999 -999 24.26290000 12.63980000 250 0.01655350 8.70700000 8.17700000 55222.80000000 0.32970000 50 44.54680000 0.69117000 0.09980000 0.00870000 0.05510000 0.00400000 0.83400000 0.00000000
04D4jr 4 0.46842000 0.01007000 0.46840000 0.01000000 0.47000000 0.01000000 22.72030000 0.20437000 41.97330000 0.20614600 -9.00000000 0 0 -0.06890800 0.02647300 1.53692000 0.12203000 22.37260000 0.02525570 0.00002018 0.00000047 -0.00015898 -0.00000001 -0.00000001 333.56000000 -17.35020000 -999 -999 -9.00000000 -4.23570000 250 0.02124470 8.02400000 0.67550000 53298.40000000 0.15250000 25 27.41780000 0.33534000 0.07670000 0.05550000 0.03970000 0.00400000 1.00000000 0.01000000
1339149 10 0.46887000 0.00132000 0.46880000 0.00050000 0.46998000 0.00050000 22.51010000 0.23247200 41.76310000 0.23403500 -9.00000000 0 0 0.01603000 0.04200500 -0.26307800 0.50505000 22.60880000 0.05338430 0.00001624 0.00000080 0.00768392 -0.00000025 -0.00000002 35.55500000 -5.87170000 -999 -999 1.45000000 -13.64550000 250 0.02289960 9.94000000 0.00200000 57373.80000000 0.54480000 32 16.39460000 0.98983000 0.11900000 0.00730000 -0.04200000 0.00500000 1.00000000 0.01000000
04D4ju 4 0.47042000 0.00158000 0.47039000 0.00100000 0.47200000 0.00100000 22.96210000 0.40361400 42.21510000 0.40451600 -9.00000000 0 0 0.15107000 0.03413400 0.43812000 0.22493000 23.50270000 0.02914550 0.00000713 0.00000019 -0.00006313 -0.00000001 -0.00000000 334.26100000 -17.33280000 -999 -999 -9.00000000 -4.36200000 250 0.02347220 9.23900000 0.17700000 53293.10000000 0.28680000 25 23.64750000 0.53981000 0.10510000 0.00870000 0.08570000 0.01100000 1.00000000 0.05900000
05D3mx 4 0.47065000 0.01007000 0.47057000 0.01000000 0.47000000 0.01000000 22.76050000 0.17860800 42.01350000 0.18063700 -9.00000000 0 0 -0.08691700 0.03103500 -1.38814000 0.10565000 22.76690000 0.02725520 0.00001404 0.00000035 0.00017615 -0.00000001 -0.00000001 215.53800000 52.21920000 -999 -999 -9.00000000 -16.23570000 250 0.01024010 10.78800000 0.06600000 53570.00000000 0.14540000 20 25.64950000 0.17770000 0.08930000 0.05530000 0.01790000 0.00300000 1.00000000 0.00400000
370367 15 0.47163000 0.00158000 0.47170000 0.00100000 0.47000000 0.00100000 22.72680000 0.20917800 41.97980000 0.21091300 -9.00000000 0 0 -0.02363300 0.03849200 2.78838000 0.61279000 22.49730000 0.04425170 0.00001799 0.00000073 0.00020409 -0.00000024 -0.00000002 149.22200000 1.97790000 -999 -999 22.42890000 12.87900000 250 0.01826890 9.63100000 0.10000000 56011.10000000 0.79510000 33 44.03070000 0.09499120 0.15290000 0.00870000 0.20250000 0.03300000 0.80500000 0.00000000
1316437 10 0.47204000 0.00515000 0.47196000 0.00500000 0.47300000 0.00500000 22.78440000 0.25548700 42.03740000 0.25691000 -9.00000000 0 0 0.03069800 0.04486800 -0.00518000 0.60560000 22.89450000 0.05903060 0.00001248 0.00000068 0.00866285 -0.00000023 -0.00000002 42.56260000 -0.74500000 -999 -999 2.26000000 -15.59400000 250 0.05109770 9.41300000 0.11200000 57010.40000000 0.68580000 41 58.27240000 0.03902180 0.13200000 0.02820000 -0.03800000 0.00500000 1.00000000 0.01200000
05D2bv 4 0.47565000 0.00159000 0.47572000 0.00100000 0.47400000 0.00100000 22.68500000 0.17504200 41.93800000 0.17711200 -9.00000000 0 0 -0.11469500 0.02456800 -0.01036700 0.12199000 22.44580000 0.02563580 0.00001887 0.00000045 0.00011976 -0.00000002 -0.00000001 150.57100000 2.24060000 -999 -999 -9.00000000 12.91850000 250 0.01432790 8.83800000 0.11100000 53404.20000000 0.13820000 34 41.02680000 0.18963000 0.06960000 0.00870000 0.06160000 0.00200000 1.00000000 0.00800000
370329 15 0.47786000 0.00159000 0.47793000 0.00100000 0.47620000 0.00100000 22.97390000 0.22667500 42.22690000 0.22827800 -9.00000000 0 0 -0.19158400 0.04257000 0.29534000 0.61425000 22.53410000 0.05567740 0.00001739 0.00000089 0.00118566 -0.00000032 -0.00000001 151.30900000 1.70070000 -999 -999 21.53230000 13.35200000 250 0.03014050 9.64200000 0.09100000 56006.20000000 0.81340000 35 18.19500000 0.99145000 0.17010000 0.00860000 0.14380000 0.00900000 0.79500000 0.00000000
310146 15 0.47941000 0.01008000 0.47943000 0.01000000 0.48000000 0.01000000 22.61650000 0.20208800 41.86950000 0.20388300 -9.00000000 0 0 -0.12087700 0.04018500 0.73728000 0.45091000 22.25350000 0.04877200 0.00002252 0.00000101 0.00231520 -0.00000031 -0.00000001 52.48660000 -28.74190000 -999 -999 23.08820000 3.83010000 250 0.01150510 9.32450000 0.10000000 55837.30000000 0.48060000 40 16.73900000 0.99956000 0.14470000 0.05450000 0.06720000 0.00400000 0.78300000 0.00000000
1306537 10 0.47946000 0.00515000 0.47948000 0.00500000 0.48000000 0.00500000 22.75770000 0.19714700 42.01070000 0.19898700 -9.00000000 0 0 -0.08636900 0.03583800 1.12072000 0.45788000 22.42860000 0.05331290 0.00001917 0.00000094 0.00556398 -0.00000034 -0.00000002 55.04100000 -27.55920000 -999 -999 0.97000000 3.58730000 250 0.01256730 9.66600000 0.29150000 57288.00000000 0.40450000 71 56.14410000 0.90131000 0.11700000 0.02780000 0.05090000 0.00300000 1.00000000 0.00400000
560054 15 0.47988000 0.00159000 0.47980000 0.00100000 0.48160000 0.00100000 22.64260000 0.23625800 41.89560000 0.23779600 -9.00000000 0 0 -0.01315200 0.06046700 1.67949000 0.78549000 22.45540000 0.08061390 0.00001870 0.00000139 0.00946702 -0.00000071 -0.00000006 353.29600000 -0.33640000 -999 -999 20.74570000 -17.50640000 250 0.02887370 10.84000000 0.03000000 56574.80000000 0.84880000 28 39.89130000 0.06761510 0.19410000 0.00860000 0.04890000 0.00700000 0.70400000 0.00000000
05D3dd 4 0.48064000 0.01008000 0.48056000 0.01000000 0.48000000 0.01000000 22.75110000 0.15807300 42.00410000 0.16036200 -9.00000000 0 0 -0.04317100 0.02402200 -0.21532300 0.12525000 22.67550000 0.02556500 0.00001527 0.00000036 0.00010427 -0.00000002 -0.00000001 215.62700000 52.60680000 -999 -999 -9.00000000 -16.18680000 250 0.00802875 11.22200000 0.09700000 53455.30000000 0.10920000 43 42.97790000 0.47226000 0.06810000 0.05440000 -0.02620000 0.00200000 1.00000000 0.00400000
05D2ac 4 0.48065000 0.00159000 0.48071000 0.00100000 0.47900000 0.00100000 22.72180000 0.13657800 41.97480000 0.13922100 -9.00000000 0 0 -0.06452500 0.02446700 1.12022000 0.11153000 22.40050000 0.02501430 0.00001967 0.00000045 -0.00006133 -0.00000001 -0.00000001 149.74700000 2.48950000 -999 -999 -9.00000000 12.49140000 250 0.01649700 11.15300000 0.05850000 53374.70000000 0.15290000 34 74.10850000 0.00008325 0.06840000 0.00860000 -0.00890000 0.00300000 1.00000000 0.00400000
120044 15 0.48164000 0.00159000 0.48171000 0.00100000 0.48000000 0.00100000 23.05250000 0.20915100 42.30550000 0.21088700 -9.00000000 0 0 -0.14609300 0.04370700 0.78104000 0.63780000 22.63980000 0.05435800 0.00001578 0.00000079 0.00719179 -0.00000036 -0.00000001 148.79200000 1.73020000 -999 -999 24.31830000 12.72010000 250 0.01968320 8.78280000 0.10000000 55570.40000000 0.72630000 39 39.03270000 0.46841000 0.15950000 0.00860000 0.10180000 0.00500000 0.77700000 0.00000000
05D1ix 4 0.48888000 0.01008000 0.48881000 0.01000000 0.49000000 0.01000000 22.83120000 0.19789900 42.08420000 0.19973200 -9.00000000 0 0 -0.07691900 0.02620700 0.54116000 0.13867000 22.60580000 0.02760890 0.00001628 0.00000041 0.00034518 -0.00000002 -0.00000001 36.08320000 -4.67000000 -999 -999 -9.00000000 -13.83530000 250 0.02290930 7.46600000 0.70950000 53719.40000000 0.13490000 30 55.35950000 0.00323165 0.07370000 0.05360000 0.03990000 0.00200000 1.00000000 0.01000000
1292145 10 0.49244000 0.00134000 0.49246000 0.00050000 0.49300000 0.00050000 23.02530000 0.33431500 42.27830000 0.33540300 -9.00000000 0 0 0.11219000 0.06052000 0.57864000 0.66578000 23.28360000 0.07191160 0.00000872 0.00000058 0.00489770 -0.00000018 -0.00000002 53.63050000 -29.64890000 -999 -999 0.26000000 4.51640000 250 0.01011590 9.21800000 0.31250000 57274.10000000 0.93880000 69 46.65320000 0.98212000 0.18920000 0.00710000 -0.05570000 0.01100000 1.00000000 0.01800000
1343208 10 0.49499000 0.00134000 0.49501000 0.00050000 0.49558000 0.00050000 22.82910000 0.16278800 42.08210000 0.16501100 -9.00000000 0 0 -0.01044500 0.03037900 -0.10244300 0.36593000 22.78600000 0.03456730 0.00001379 0.00000044 0.00169935 -0.00000007 -0.00000001 52.84650000 -28.54420000 -999 -999 0.54000000 3.67970000 250 0.00672327 10.38500000 0.03100000 57390.80000000 0.41000000 27 14.07540000 0.98051000 0.09840000 0.00700000 -0.07830000 0.00300000 1.00000000 0.00300000
1305504 10 0.49566000 0.00134000 0.49560000 0.00050000 0.49679000 0.00050000 22.89230000 0.11786600 42.14530000 0.12091900 -9.00000000 0 0 -0.08937800 0.02546400 -0.46314700 0.16276000 22.72870000 0.02975350 0.00001454 0.00000040 0.00045975 -0.00000002 -0.00000001 36.05840000 -5.16460000 -999 -999 2.66000000 -13.39480000 250 0.02247490 10.95300000 0.07350000 56973.70000000 0.23430000 52 29.95180000 0.99393000 0.07110000 0.00700000 -0.00790000 0.00300000 1.00000000 0.00100000
03D1ax 4 0.49579000 0.00126000 0.49572000 0.00015000 0.49692000 0.00015000 22.82870000 0.15155900 42.08170000 0.15394500 -9.00000000 0 0 -0.10574900 0.02975600 -0.73402900 0.10212000 22.69670000 0.02614100 0.00001497 0.00000036 0.00001325 -0.00000001 -0.00000001 36.09720000 -4.72070000 -999 -999 -9.00000000 -13.65070000 250 0.02305140 11.50000000 0.11250000 52915.90000000 0.10810000 29 47.12040000 0.01809960 0.08620000 0.00660000 0.03430000 0.00300000 1.00000000 0.00300000
05D4af 4 0.49739000 0.00160000 0.49737000 0.00100000 0.49900000 0.00100000 22.87380000 0.22423600 42.12680000 0.22585600 -9.00000000 0 0 -0.02952800 0.03068300 0.11363000 0.23312000 22.84090000 0.02843470 0.00001311 0.00000034 -0.00052227 -0.00000002 -0.00000001 334.13800000 -18.00490000 -999 -999 -9.00000000 -3.73480000 250 0.02488570 8.98600000 0.08850000 53536.80000000 0.02490000 39 61.55200000 0.01212380 0.09720000 0.00840000 0.02280000 0.00200000 1.00000000 0.01500000
06D2bk 4 0.50067000 0.00160000 0.50073000 0.00100000 0.49900000 0.00100000 23.00400000 0.25237600 42.25700000 0.25381600 -9.00000000 0 0 -0.00194500 0.03181400 0.48238000 0.28201000 23.00850000 0.02867140 0.00001124 0.00000030 0.00118686 -0.00000004 -0.00000001 149.67900000 2.17200000 -999 -999 -9.00000000 12.26080000 250 0.01655770 8.61700000 0.08550000 53773.80000000 0.32300000 16 20.59090000 0.19478000 0.09910000 0.00830000 0.02930000 0.00300000 1.00000000 0.02000000
350374 15 0.50098000 0.00160000 0.50090000 0.00100000 0.50000000 0.00100000 22.86350000 0.28184300 42.11650000 0.28313300 -9.00000000 0 0 -0.05318600 0.06348300 -0.78958800 0.78327000 22.74610000 0.05972260 0.00001431 0.00000079 0.00441242 -0.00000036 -0.00000001 131.33600000 44.23900000 -999 -999 20.72190000 -15.93740000 250 0.02516910 10.96320000 0.10000000 55955.20000000 0.90050000 28 23.58010000 0.70349000 0.23660000 0.00830000 -0.12190000 0.00600000 0.67100000 0.00000000
1337272 10 0.50282000 0.00135000 0.50276000 0.00050000 0.50400000 0.00050000 22.90800000 0.21687500 42.16100000 0.21854900 -9.00000000 0 0 -0.08199400 0.04851200 -0.98624300 0.56740000 22.80890000 0.06068860 0.00001350 0.00000075 0.01024230 -0.00000029 -0.00000003 34.12840000 -5.68060000 -999 -999 0.12000000 -13.17940000 250 0.01934550 8.60200000 0.13500000 57357.80000000 0.62160000 40 28.34680000 0.91619000 0.13760000 0.00700000 -0.04350000 0.00700000 1.00000000 0.00400000
030006 15 0.50285000 0.00160000 0.50276000 0.00100000 0.50200000 0.00100000 22.81730000 0.31170700 42.07030000 0.31287400 -9.00000000 0 0 -0.09077100 0.07095600 0.47249000 0.99730000 22.52870000 0.12211000 0.00001748 0.00000197 0.02433360 -0.00000156 -0.00000006 162.52500000 58.77740000 -999 -999 22.17390000 -19.26950000 250 0.00740839 9.52400000 1.08400000 55288.50000000 0.85650000 33 26.60020000 0.77691000 0.26140000 0.00830000 0.00940000 0.00400000 0.69400000 0.00000000
510457 15 0.50306000 0.00160000 0.50300000 0.00100000 0.50200000 0.00100000 22.89540000 0.31010900 42.14840000 0.31128200 -9.00000000 0 0 0.08747100 0.07454600 0.78419000 0.90771000 22.92430000 0.08412080 0.00001214 0.00000094 0.00009915 -0.00000059 -0.00000003 186.38900000 48.13690000 -999 -999 20.85900000 -11.98630000 250 0.01136180 8.90250000 0.10000000 56431.60000000 0.90630000 39 35.35170000 0.63703000 0.28290000 0.00830000 -0.17830000 0.01300000 0.57400000 0.00000000
03D1au 4 0.50316000 0.00135000 0.50309000 0.00050000 0.50430000 0.00050000 22.89140000 0.22708800 42.14440000 0.22868700 -9.00000000 0 0 -0.01731800 0.02958600 1.26007000 0.15011000 22.73830000 0.02594610 0.00001441 0.00000034 0.00000697 -0.00000001 -0.00000001 36.04320000 -4.03750000 -999 -999 -9.00000000 -13.89170000 250 0.02559510 9.51700000 0.11050000 52909.70000000 0.21450000 39 28.42050000 0.89435000 0.08710000 0.00700000 0.03390000 0.00400000 1.00000000 0.01700000
1335472 10 0.50593000 0.00135000 0.50598000 0.00050000 0.50705000 0.00050000 22.82600000 0.16450200 42.07900000 0.16670300 -9.00000000 0 0 -0.04702200 0.03242900 -0.07367900 0.35859000 22.69460000 0.03760490 0.00001500 0.00000052 0.00177576 -0.00000009 -0.00000001 9.55530000 -44.04950000 -999 -999 1.79000000 9.40130000 250 0.00564618 10.12500000 0.05000000 57344.60000000 0.39290000 50 38.32780000 0.88585000 0.10640000 0.00700000 -0.04930000 0.00300000 1.00000000 0.00100000
1343759 10 0.50615000 0.00135000 0.50617000 0.00050000 0.50677000 0.00050000 22.85130000 0.14928700 42.10430000 0.15170900 -9.00000000 0 0 -0.09669800 0.02480400 0.43001000 0.34742000 22.57550000 0.02834310 0.00001674 0.00000044 0.00138719 -0.00000006 -0.00000001 51.97900000 -28.56440000 -999 -999 1.37000000 3.46980000 250 0.00728729 9.74000000 0.03600000 57395.80000000 0.29110000 25 24.28500000 0.50296000 0.08290000 0.00700000 0.03420000 0.00300000 1.00000000 0.00400000
310091 15 0.50725000 0.00161000 0.50716000 0.00100000 0.50900000 0.00100000 22.98280000 0.17894900 42.23580000 0.18097400 -9.00000000 0 0 -0.09952700 0.04370800 -0.25775200 0.46641000 22.72850000 0.05241830 0.00001454 0.00000070 0.00327045 -0.00000022 -0.00000001 353.12600000 -0.10470000 -999 -999 23.15450000 -16.84400000 250 0.03030900 9.06600000 1.29700000 55821.00000000 0.51140000 61 55.95630000 0.65874000 0.15010000 0.00830000 -0.03700000 0.00500000 0.68600000 0.00000000
05D4av 4 0.50739000 0.00161000 0.50737000 0.00100000 0.50900000 0.00100000 22.98890000 0.28755700 42.24190000 0.28882200 -9.00000000 0 0 0.16478000 0.02969700 0.87099000 0.17790000 23.30150000 0.02909160 0.00000858 0.00000023 0.00021263 -0.00000001 -0.00000000 333.54400000 -17.91190000 -999 -999 -9.00000000 -3.62660000 250 0.02472940 10.28500000 0.11750000 53553.50000000 0.26440000 48 56.13900000 0.19625000 0.08530000 0.00830000 -0.12090000 0.01000000 1.00000000 0.02900000
090201 15 0.50825000 0.00161000 0.50817000 0.00100000 0.51000000 0.00100000 22.76630000 0.18232400 42.01930000 0.18431200 -9.00000000 0 0 -0.09051900 0.04242800 0.03107200 0.50307000 22.50590000 0.04837350 0.00001785 0.00000080 0.00157766 -0.00000025 -0.00000001 353.32800000 -0.95070000 -999 -999 22.96710000 -16.35840000 250 0.03277410 8.68400000 7.08300000 55483.50000000 0.58050000 33 43.84850000 0.09816280 0.15370000 0.00830000 -0.02830000 0.00400000 0.68100000 0.00000000
180313 15 0.51016000 0.00161000 0.51006000 0.00100000 0.51000000 0.00100000 22.84150000 0.14185900 42.09450000 0.14440500 -9.00000000 0 0 -0.05022000 0.03604000 0.41004000 0.41031000 22.62090000 0.03625200 0.00001606 0.00000054 0.00198683 -0.00000012 -0.00000001 244.31900000 55.37940000 -999 -999 24.20080000 -20.08760000 250 0.00648191 8.82620000 0.10000000 55773.80000000 0.44190000 51 50.13560000 0.50794000 0.12040000 0.00820000 -0.05720000 0.00500000 0.65600000 0.00000000
110484 15 0.51095000 0.00161000 0.51087000 0.00100000 0.51000000 0.00100000 22.80530000 0.23755600 42.05830000 0.23908500 -9.00000000 0 0 0.06193500 0.06336100 -0.35792800 0.56594000 22.80380000 0.06562480 0.00001357 0.00000082 -0.00122253 -0.00000021 -0.00000002 129.18600000 44.55470000 -999 -999 23.79640000 -16.25850000 250 0.02475290 8.86000000 1.13000000 55544.50000000 0.99180000 40 35.77780000 0.66073000 0.21690000 0.00820000 -0.29820000 0.01500000 0.55800000 0.00000000
05D2dy 4 0.51169000 0.01008000 0.51175000 0.01000000 0.51000000 0.01000000 23.13550000 0.22567200 42.38850000 0.22728100 -9.00000000 0 0 -0.13285200 0.02875700 1.58953000 0.28578000 22.62870000 0.02624430 0.00001594 0.00000039 -0.00003374 -0.00000000 -0.00000001 150.24200000 2.18310000 -999 -999 -9.00000000 12.15250000 250 0.01376690 7.73800000 0.82850000 53440.70000000 0.68460000 22 50.02760000 0.00058145 0.09070000 0.05150000 0.08610000 0.00700000 1.00000000 0.00800000
04D1pg 4 0.51387000 0.00161000 0.51380000 0.00100000 0.51500000 0.00100000 23.00370000 0.35864500 42.25670000 0.35966000 -9.00000000 0 0 0.10301000 0.03491100 0.98811000 0.19720000 23.31380000 0.03191640 0.00000848 0.00000025 0.00126171 -0.00000002 -0.00000001 36.76730000 -4.17530000 -999 -999 -9.00000000 -13.47480000 250 0.02367850 9.80800000 0.16100000 53326.90000000 0.24560000 38 32.53110000 0.71995000 0.09840000 0.00820000 0.08490000 0.00900000 1.00000000 0.04700000
04D4in 4 0.51437000 0.00136000 0.51435000 0.00050000 0.51600000 0.00050000 22.97290000 0.19429500 42.22590000 0.19616200 -9.00000000 0 0 -0.07645300 0.02827500 1.52402000 0.14696000 22.61600000 0.02744540 0.00001613 0.00000041 0.00046789 -0.00000002 -0.00000001 333.78600000 -17.26100000 -999 -999 -9.00000000 -4.01970000 250 0.02144660 9.10100000 0.10150000 53278.50000000 0.14540000 37 28.89470000 0.82699000 0.08120000 0.00690000 0.05200000 0.00400000 1.00000000 0.01100000
04D2mj 4 0.51469000 0.00161000 0.51475000 0.00100000 0.51300000 0.00100000 23.07290000 0.40201800 42.32590000 0.40292400 -9.00000000 0 0 0.14883000 0.03420400 1.50549000 0.22470000 23.50890000 0.03172680 0.00000709 0.00000021 0.00035390 -0.00000002 -0.00000000 150.15200000 2.57710000 -999 -999 -9.00000000 11.85550000 250 0.01469740 9.54800000 0.12300000 53374.40000000 0.27170000 34 27.90370000 0.76007000 0.10200000 0.00820000 0.14550000 0.02400000 1.00000000 0.05600000
1338430 10 0.51726000 0.00136000 0.51718000 0.00050000 0.51830000 0.00050000 22.84020000 0.18851700 42.09320000 0.19044100 -9.00000000 0 0 -0.09513300 0.04061500 0.46904000 0.46725000 22.53980000 0.04828060 0.00001730 0.00000077 0.00478239 -0.00000018 -0.00000002 40.63930000 -1.25470000 -999 -999 1.77000000 -14.49370000 250 0.02814600 10.78100000 0.03750000 57362.10000000 0.65800000 33 14.02940000 0.99844000 0.12650000 0.00690000 0.01050000 0.00300000 1.00000000 0.00100000
1334470 10 0.51883000 0.00516000 0.51876000 0.00500000 0.52000000 0.00500000 22.94190000 0.24896100 42.19490000 0.25042100 -9.00000000 0 0 -0.00117600 0.03839000 0.99517000 0.57667000 22.83630000 0.05273230 0.00001317 0.00000064 0.00166962 -0.00000023 -0.00000001 35.05370000 -4.94720000 -999 -999 -9.00000000 -13.15330000 250 0.01857980 7.00000000 2.00000000 57334.10000000 0.67900000 56 63.61170000 0.22621000 0.15060000 0.02600000 -0.00750000 0.00400000 1.00000000 0.00600000
310260 15 0.51885000 0.01008000 0.51879000 0.01000000 0.52000000 0.01000000 22.92940000 0.20781200 42.18240000 0.20955800 -9.00000000 0 0 -0.06065200 0.05088900 -0.01979800 0.54321000 22.71420000 0.04535790 0.00001473 0.00000062 0.00565312 -0.00000018 -0.00000001 36.16890000 -5.10430000 -999 -999 23.13880000 -12.92310000 250 0.02316230 8.79670000 0.10000000 55828.60000000 0.75600000 61 69.73680000 0.20730000 0.16850000 0.05090000 -0.08290000 0.00500000 0.64200000 0.00000000
450175 15 0.51941000 0.00161000 0.51943000 0.00100000 0.52000000 0.00100000 22.99080000 0.31395200 42.24380000 0.31511100 -9.00000000 0 0 -0.15531800 0.08746900 -0.84248000 0.76764000 22.68930000 0.06108590 0.00001508 0.00000085 0.01246020 -0.00000022 -0.00000003 53.28640000 -28.08440000 -999 -999 -9.00000000 3.34680000 250 0.00628562 7.00000000 -9.00000000 56237.50000000 1.28700000 36 28.73460000 0.80001000 0.26750000 0.00810000 0.00210000 0.01000000 0.66700000 0.00000000
06D3el 4 0.51968000 0.00161000 0.51960000 0.00100000 0.51900000 0.00100000 23.03750000 0.19459100 42.29050000 0.19645500 -9.00000000 0 0 -0.14911800 0.02657000 0.82228000 0.11466000 22.60780000 0.02477680 0.00001625 0.00000037 0.00017121 -0.00000001 -0.00000001 214.25500000 52.23240000 -999 -999 -9.00000000 -14.89230000 250 0.01060530 9.55400000 0.09750000 53894.50000000 0.12730000 37 65.61420000 0.00257822 0.07750000 0.00810000 0.10030000 0.00400000 1.00000000 0.00800000
04D2gc 4 0.52271000 0.00162000 0.52277000 0.00100000 0.52100000 0.00100000 23.09660000 0.27259300 42.34960000 0.27392700 -9.00000000 0 0 0.00959700 0.03511800 1.11430000 0.20565000 23.05860000 0.02737550 0.00001073 0.00000027 -0.00015857 -0.00000002 -0.00000000 150.41400000 1.88310000 -999 -999 -9.00000000 12.14130000 250 0.01593260 9.32600000 0.20250000 53118.10000000 0.25480000 14 15.57660000 0.33991000 0.11150000 0.00810000 0.04430000 0.00400000 1.00000000 0.02300000
1295921 10 0.52400000 0.00516000 0.52393000 0.00500000 0.52500000 0.00500000 22.92440000 0.36824800 42.17740000 0.36923600 -9.00000000 0 0 0.08688100 0.06998000 1.00794000 0.96011000 23.06810000 0.10278000 0.00001064 0.00000101 0.02159470 -0.00000071 -0.00000005 42.61490000 -0.87180000 -999 -999 0.60000000 -14.24580000 250 0.05278290 9.09700000 0.29800000 56913.30000000 1.10250000 54 46.84600000 0.74423000 0.22550000 0.02580000 -0.02860000 0.01100000 1.00000000 0.01300000
1322229 10 0.52620000 0.00137000 0.52613000 0.00050000 0.52736000 0.00050000 22.91720000 0.22163200 42.17020000 0.22327100 -9.00000000 0 0 0.00752700 0.03342000 1.17957000 0.58579000 22.81970000 0.03875660 0.00001337 0.00000048 0.00345153 -0.00000016 -0.00000001 35.92640000 -4.01890000 -999 -999 0.13000000 -13.42570000 250 0.02229050 9.74600000 0.01700000 57033.90000000 0.62760000 21 11.92660000 0.94158000 0.12900000 0.00680000 0.00080000 0.00600000 1.00000000 0.00700000
050005 15 0.52859000 0.00162000 0.52851000 0.00100000 0.52790000 0.00100000 22.83250000 0.18688900 42.08550000 0.18882900 -9.00000000 0 0 -0.00712800 0.04359700 1.39309000 0.70700000 22.64390000 0.05235550 0.00001572 0.00000076 0.00523907 -0.00000034 -0.00000001 211.81200000 53.99760000 -999 -999 22.05520000 -15.49050000 250 0.01101820 9.63300000 0.55700000 55353.20000000 0.82690000 35 32.92170000 0.56880000 0.17080000 0.00800000 -0.01340000 0.00800000 0.57300000 0.00000000
1322979 10 0.52937000 0.00516000 0.52939000 0.00500000 0.53000000 0.00500000 23.03830000 0.13841400 42.29130000 0.14102300 -9.00000000 0 0 -0.09353000 0.02424800 0.06297800 0.22362000 22.81230000 0.02639230 0.00001346 0.00000033 0.00062519 -0.00000002 -0.00000001 52.06930000 -28.06370000 -999 -999 0.33000000 3.07000000 250 0.00874836 7.86100000 0.35500000 57039.00000000 0.23620000 29 29.90050000 0.41898000 0.07230000 0.02560000 0.02010000 0.00300000 1.00000000 0.00300000
330106 15 0.53099000 0.00162000 0.53091000 0.00100000 0.53000000 0.00100000 22.62720000 0.23274900 41.88020000 0.23431000 -9.00000000 0 0 -0.01457000 0.07310700 -0.05158400 1.07473000 22.48540000 0.05725460 0.00001819 0.00000096 0.03140060 -0.00000063 -0.00000005 130.00900000 43.74190000 -999 -999 22.20750000 -15.21670000 250 0.02096280 7.00000000 1.00000000 55886.30000000 1.27590000 22 24.81150000 0.30617000 0.20970000 0.00800000 -0.15670000 0.00800000 0.57300000 0.00000000
160066 15 0.53111000 0.00162000 0.53105000 0.00100000 0.53000000 0.00100000 23.25790000 0.28800500 42.51090000 0.28926800 -9.00000000 0 0 -0.05689600 0.05663700 2.34125000 1.41714000 22.98370000 0.06740210 0.00001150 0.00000071 0.02630900 -0.00000078 -0.00000002 186.58800000 46.59590000 -999 -999 23.75490000 -10.57490000 250 0.01032670 8.86400000 7.16700000 55716.20000000 1.65500000 21 12.76080000 0.93962000 0.25740000 0.00800000 0.19480000 0.01500000 0.60700000 0.00000000
1338471 10 0.53124000 0.00137000 0.53117000 0.00050000 0.53228000 0.00050000 23.27230000 0.37997100 42.52530000 0.38093000 -9.00000000 0 0 -0.04711300 0.06140200 -0.95567900 1.20489000 23.25490000 0.10761000 0.00000895 0.00000089 0.01022530 -0.00000045 -0.00000002 41.29160000 -1.56490000 -999 -999 0.93000000 -13.92570000 250 0.02808020 10.12300000 0.09050000 57350.80000000 0.09180000 39 22.90120000 0.98128000 0.26780000 0.00680000 -0.06510000 0.00500000 0.97600000 0.00000000
1337703 10 0.53225000 0.00137000 0.53226000 0.00050000 0.53281000 0.00050000 22.72910000 0.22033100 41.98210000 0.22197900 -9.00000000 0 0 -0.10214300 0.04588800 -1.03663000 0.46508000 22.61670000 0.05422580 0.00001612 0.00000081 0.00358035 -0.00000018 -0.00000001 54.88360000 -26.72430000 -999 -999 0.28000000 2.79060000 250 0.01196500 10.58300000 0.12450000 57358.90000000 0.61190000 42 22.97190000 0.99259000 0.15360000 0.00680000 -0.00190000 0.00600000 0.98500000 0.00000000
06D2ca 4 0.53271000 0.00162000 0.53277000 0.00100000 0.53100000 0.00100000 22.99420000 0.29311300 42.24720000 0.29435400 -9.00000000 0 0 0.03900100 0.03138100 1.32981000 0.34964000 23.04380000 0.02920680 0.00001088 0.00000029 0.00151526 -0.00000005 -0.00000001 149.79000000 2.30250000 -999 -999 -9.00000000 11.60880000 250 0.01723740 9.80800000 0.28950000 53795.80000000 0.45640000 24 42.30780000 0.01191750 0.10080000 0.00800000 0.07280000 0.00700000 1.00000000 0.02900000
06D2cc 4 0.53372000 0.00162000 0.53377000 0.00100000 0.53200000 0.00100000 22.91190000 0.27248400 42.16490000 0.27381900 -9.00000000 0 0 0.07246900 0.04918900 -0.57837500 0.32797000 23.18460000 0.04232760 0.00000955 0.00000037 0.00474583 -0.00000007 -0.00000001 149.86200000 2.45140000 -999 -999 -9.00000000 11.52030000 250 0.01646010 10.87000000 0.10850000 53788.60000000 0.44680000 22 31.58300000 0.08478920 0.13620000 0.00800000 -0.08910000 0.00500000 1.00000000 0.01700000
05D4ek 4 0.53435000 0.00162000 0.53433000 0.00100000 0.53600000 0.00100000 22.89030000 0.22367200 42.14330000 0.22529500 -9.00000000 0 0 0.06683200 0.03057300 0.26236000 0.17641000 23.03430000 0.03076070 0.00001097 0.00000031 0.00079309 -0.00000003 -0.00000001 334.11500000 -17.73630000 -999 -999 -9.00000000 -3.67870000 250 0.02358320 10.85500000 0.10750000 53635.60000000 0.18060000 53 58.63700000 0.27643000 0.08790000 0.00800000 -0.07640000 0.00500000 1.00000000 0.01600000
05D4be 4 0.53534000 0.00162000 0.53532000 0.00100000 0.53700000 0.00100000 23.06750000 0.20291500 42.32050000 0.20470300 -9.00000000 0 0 -0.15860800 0.02759200 0.90843000 0.12929000 22.60650000 0.02579780 0.00001627 0.00000039 0.00003425 -0.00000001 -0.00000001 334.22200000 -17.23610000 -999 -999 -9.00000000 -3.97970000 250 0.02459900 9.44000000 0.13550000 53551.50000000 0.18580000 51 117.35200000 0.00000038 0.08210000 0.00800000 0.11110000 0.00400000 1.00000000 0.00800000
05D2eb 4 0.53572000 0.00162000 0.53578000 0.00100000 0.53400000 0.00100000 22.96040000 0.20776000 42.21340000 0.20950700 -9.00000000 0 0 -0.06104800 0.03115100 0.93473000 0.28868000 22.72380000 0.03352040 0.00001460 0.00000045 0.00197620 -0.00000008 -0.00000001 150.06100000 2.40740000 -999 -999 -9.00000000 11.55010000 250 0.01502110 8.67600000 0.32750000 53452.00000000 0.23490000 22 27.77370000 0.18330000 0.09650000 0.00800000 0.03770000 0.00200000 1.00000000 0.01100000
1289656 10 0.53942000 0.00516000 0.53944000 0.00500000 0.54000000 0.00500000 23.08080000 0.24298000 42.33380000 0.24447600 -9.00000000 0 0 -0.04113800 0.04959900 0.02662800 0.57117000 22.97710000 0.06328760 0.00001157 0.00000067 0.00679975 -0.00000022 -0.00000002 54.30170000 -27.35540000 -999 -999 0.83000000 3.01220000 250 0.00921845 8.72700000 0.17050000 57269.90000000 0.77920000 70 54.16740000 0.91884000 0.15540000 0.02520000 -0.02500000 0.00400000 1.00000000 0.00400000
110426 15 0.54097000 0.00163000 0.54089000 0.00100000 0.54000000 0.00100000 23.02610000 0.23188000 42.27910000 0.23344700 -9.00000000 0 0 0.09364100 0.06606300 0.55454000 0.72701000 22.99010000 0.07108590 0.00001143 0.00000075 0.00230935 -0.00000033 -0.00000002 130.01300000 44.89430000 -999 -999 22.21380000 -15.53870000 250 0.02142340 11.01700000 0.31300000 55548.00000000 1.04570000 41 51.61730000 0.12374000 0.23600000 0.00790000 -0.29620000 0.01400000 0.42300000 0.00000000
1324542 10 0.54152000 0.00138000 0.54154000 0.00050000 0.54210000 0.00050000 23.27700000 0.24096200 42.53000000 0.24247000 -9.00000000 0 0 -0.07327700 0.04268200 0.39642000 0.61571000 23.05560000 0.04544900 0.00001076 0.00000045 0.00398815 -0.00000014 -0.00000001 53.89520000 -29.04800000 -999 -999 0.70000000 3.88970000 250 0.00761693 9.18200000 0.15700000 57043.50000000 0.72620000 30 40.25870000 0.09994920 0.15840000 0.00670000 0.01130000 0.00300000 1.00000000 0.00300000
520041 15 0.54545000 0.00163000 0.54540000 0.00100000 0.54430000 0.00100000 23.31030000 0.18949000 42.56330000 0.19140400 -9.00000000 0 0 -0.17768000 0.05698000 -0.06875600 0.83983000 22.92560000 0.06282050 0.00001213 0.00000070 0.02470510 -0.00000037 -0.00000002 184.13800000 45.96200000 -999 -999 21.47000000 -10.03440000 250 0.00903642 10.67200000 0.27200000 56456.60000000 0.89310000 19 14.14830000 0.77498000 0.16360000 0.00790000 0.10220000 0.01100000 0.62300000 0.00000000
04D4bq 4 0.54834000 0.01008000 0.54832000 0.01000000 0.55000000 0.01000000 22.77050000 0.36221700 42.02350000 0.36322200 -9.00000000 0 0 0.09461600 0.03789800 0.65889000 0.25839000 23.07470000 0.03339880 0.00001057 0.00000033 0.00169356 -0.00000004 -0.00000001 333.70600000 -17.82760000 -999 -999 -9.00000000 -3.48050000 250 0.02235290 8.70600000 0.75250000 53193.70000000 0.29100000 36 46.47430000 0.11341000 0.11370000 0.04850000 0.05640000 0.00700000 1.00000000 0.04200000
1306980 10 0.54881000 0.00516000 0.54886000 0.00500000 0.55000000 0.00500000 22.91650000 0.37759100 42.16950000 0.37855500 -9.00000000 0 0 0.05020000 0.06643300 -1.00983000 0.77693000 23.09940000 0.08558060 0.00001033 0.00000081 -0.00335444 -0.00000036 -0.00000002 7.03610000 -43.29160000 -999 -999 0.71000000 8.39700000 250 0.00649766 10.09500000 0.01700000 57282.10000000 1.12550000 78 63.97570000 0.87368000 0.25400000 0.02480000 -0.17370000 0.00900000 1.00000000 0.00400000
050201 15 0.55021000 0.00163000 0.55011000 0.00100000 0.55000000 0.00100000 23.07230000 0.19401000 42.32530000 0.19588000 -9.00000000 0 0 -0.07233400 0.04637500 0.30618000 0.65545000 22.79880000 0.05465270 0.00001363 0.00000069 0.00693186 -0.00000028 -0.00000001 241.70300000 54.98090000 -999 -999 21.56730000 -18.40160000 250 0.00596474 10.38960000 0.10000000 55354.50000000 0.79560000 44 48.74900000 0.28787000 0.17170000 0.00780000 -0.05700000 0.00600000 0.57100000 0.00000000
06D4bo 4 0.55033000 0.00163000 0.55031000 0.00100000 0.55200000 0.00100000 23.11980000 0.20670000 42.37280000 0.20845600 -9.00000000 0 0 -0.04644700 0.02954100 0.76066000 0.17904000 22.95260000 0.02665860 0.00001183 0.00000029 -0.00004236 -0.00000002 -0.00000000 333.86700000 -17.40920000 -999 -999 -9.00000000 -3.73470000 250 0.02108910 9.96000000 0.22250000 53918.70000000 0.27570000 45 46.42720000 0.41331000 0.09200000 0.00780000 0.03620000 0.00200000 1.00000000 0.01200000
1339450 10 0.55046000 0.00139000 0.55048000 0.00050000 0.55105000 0.00050000 23.15740000 0.37529100 42.41040000 0.37626100 -9.00000000 0 0 0.07863900 0.06658700 -0.97793100 1.10250000 23.39130000 0.08227910 0.00000790 0.00000060 0.01118010 -0.00000033 -0.00000002 53.62100000 -29.16900000 -999 -999 1.49000000 3.85990000 250 0.00872277 11.04400000 0.09300000 57368.70000000 1.13040000 41 28.51960000 0.92976000 0.25130000 0.00670000 -0.20600000 0.01200000 1.00000000 0.00500000
04D3hn 4 0.55267000 0.00164000 0.55260000 0.00100000 0.55200000 0.00100000 22.94080000 0.24265300 42.19380000 0.24415100 -9.00000000 0 0 0.07474600 0.03573000 -0.56836000 0.12108000 23.21610000 0.02705550 0.00000928 0.00000023 0.00035094 -0.00000001 -0.00000000 215.52900000 52.22860000 -999 -999 -9.00000000 -14.27050000 250 0.01038890 10.79000000 0.02200000 53137.20000000 0.18000000 49 93.30590000 0.00013972 0.10500000 0.00780000 -0.09210000 0.00500000 1.00000000 0.01700000
06D2ck 4 0.55375000 0.00164000 0.55380000 0.00100000 0.55200000 0.00100000 23.23700000 0.20536500 42.49000000 0.20713300 -9.00000000 0 0 -0.04007100 0.03748300 0.01226400 0.39297000 23.14010000 0.03368330 0.00000995 0.00000031 0.00252585 -0.00000006 -0.00000000 150.36700000 1.86360000 -999 -999 -9.00000000 11.59720000 250 0.01627740 11.19300000 0.06600000 53793.70000000 0.41820000 25 39.38680000 0.03367970 0.12730000 0.00780000 -0.02360000 0.00200000 1.00000000 0.00400000
1337117 10 0.55384000 0.00139000 0.55389000 0.00050000 0.55500000 0.00050000 22.82970000 0.17534200 42.08270000 0.17740900 -9.00000000 0 0 -0.09065600 0.03299900 0.51154000 0.32638000 22.56080000 0.03486140 0.00001697 0.00000054 0.00109615 -0.00000008 -0.00000001 10.18150000 -43.64490000 -999 -999 0.41000000 8.51150000 250 0.00498507 8.81300000 0.21000000 57361.40000000 0.40250000 39 52.48960000 0.07302140 0.10930000 0.00660000 0.03450000 0.00300000 1.00000000 0.00300000
05D1ee 4 0.55782000 0.00164000 0.55775000 0.00100000 0.55900000 0.00100000 23.18590000 0.19331200 42.43890000 0.19518900 -9.00000000 0 0 -0.00629800 0.03397000 -0.60378200 0.18439000 23.26140000 0.02989320 0.00000890 0.00000025 0.00023967 -0.00000002 -0.00000000 36.19480000 -4.00050000 -999 -999 -9.00000000 -12.79070000 250 0.02583330 10.97300000 0.08750000 53660.60000000 0.20330000 52 50.95250000 0.51511000 0.10500000 0.00780000 -0.04660000 0.00300000 1.00000000 0.00700000
05D1kl 4 0.55882000 0.00164000 0.55875000 0.00100000 0.56000000 0.00100000 23.48010000 0.38234700 42.73310000 0.38330000 -9.00000000 0 0 0.13383000 0.03972800 0.66353000 0.29880000 23.88770000 0.03694170 0.00000500 0.00000017 0.00115599 -0.00000002 -0.00000000 36.13970000 -4.31900000 -999 -999 -9.00000000 -12.60480000 250 0.02162990 8.42500000 0.28250000 53742.90000000 0.41770000 17 14.74100000 0.61413000 0.12590000 0.00780000 0.03930000 0.01000000 1.00000000 0.04800000
04D1hx 4 0.55882000 0.00164000 0.55875000 0.00100000 0.56000000 0.00100000 23.04450000 0.35519000 42.29750000 0.35621500 -9.00000000 0 0 0.11205000 0.03432200 0.27611000 0.19087000 23.43860000 0.02758740 0.00000756 0.00000019 0.00001154 -0.00000001 -0.00000000 36.17710000 -4.79030000 -999 -999 -9.00000000 -12.34890000 250 0.02330880 9.64500000 0.13350000 53260.00000000 0.27140000 48 62.46440000 0.07836780 0.10420000 0.00780000 0.03600000 0.00800000 1.00000000 0.04400000
1289555 10 0.56181000 0.00140000 0.56174000 0.00050000 0.56289000 0.00050000 23.04070000 0.22622400 42.29370000 0.22782900 -9.00000000 0 0 -0.14406200 0.04582200 0.14733000 0.44201000 22.70820000 0.05035110 0.00001482 0.00000069 0.00243648 -0.00000008 -0.00000001 40.73310000 -1.39290000 -999 -999 0.27000000 -13.47640000 250 0.02913630 9.27800000 0.10750000 57275.60000000 0.88330000 73 69.77160000 0.58543000 0.14630000 0.00660000 0.08230000 0.00500000 1.00000000 0.00200000
1303952 10 0.56269000 0.00140000 0.56263000 0.00050000 0.56387000 0.00050000 23.34860000 0.26386400 42.60160000 0.26524200 -9.00000000 0 0 -0.19956500 0.04559400 0.58233000 0.54647000 22.88230000 0.07069890 0.00001262 0.00000082 0.00336338 -0.00000041 -0.00000001 35.87180000 -6.92190000 -999 -999 2.38000000 -11.17780000 250 0.02269470 11.13700000 0.12150000 57289.10000000 0.61270000 64 38.36750000 0.99542000 0.18570000 0.00660000 0.18440000 0.01500000 0.94800000 0.00000000
05D1cc 4 0.56283000 0.00164000 0.56276000 0.00100000 0.56400000 0.00100000 23.17660000 0.23315400 42.42960000 0.23471200 -9.00000000 0 0 -0.01098600 0.03047500 -0.15082900 0.15119000 23.24400000 0.02939300 0.00000904 0.00000024 0.00118295 -0.00000002 -0.00000001 36.62990000 -4.16480000 -999 -999 -9.00000000 -12.55800000 250 0.02455320 9.31600000 0.20250000 53607.90000000 0.22620000 52 79.55750000 0.00827774 0.08330000 0.00770000 0.02680000 0.00300000 1.00000000 0.01800000
1285317 10 0.56437000 0.00140000 0.56441000 0.00050000 0.56555000 0.00050000 23.13980000 0.21945700 42.39280000 0.22111100 -9.00000000 0 0 -0.06566300 0.04146300 0.15080000 0.58335000 22.95900000 0.05275070 0.00001176 0.00000057 0.00678689 -0.00000024 -0.00000001 9.47250000 -43.31450000 -999 -999 0.36000000 8.19680000 250 0.00455352 8.73900000 0.16600000 57268.60000000 0.67190000 82 58.22040000 0.97837000 0.14460000 0.00660000 -0.00790000 0.00400000 1.00000000 0.00300000
1330903 10 0.56437000 0.00140000 0.56430000 0.00050000 0.56544000 0.00050000 23.23510000 0.20582400 42.48810000 0.20758700 -9.00000000 0 0 -0.05721200 0.05000600 -0.09157500 0.60804000 23.07910000 0.05740920 0.00001053 0.00000056 0.01009860 -0.00000020 -0.00000002 41.11630000 -0.64500000 -999 -999 1.90000000 -13.75800000 250 0.02832590 10.32800000 0.17200000 57306.20000000 0.96970000 74 58.44620000 0.90743000 0.14880000 0.00660000 -0.04500000 0.00400000 0.90700000 0.00000000
1338278 10 0.56437000 0.00140000 0.56431000 0.00050000 0.56560000 0.00050000 23.14390000 0.29528400 42.39690000 0.29651500 -9.00000000 0 0 0.00273600 0.05070500 1.56836000 0.79820000 23.02140000 0.05776290 0.00001110 0.00000059 0.00486575 -0.00000023 -0.00000001 34.43000000 -4.97600000 -999 -999 0.29000000 -12.35420000 250 0.01734810 9.91900000 0.05800000 57368.60000000 0.06130000 36 27.07460000 0.85850000 0.19300000 0.00660000 0.04810000 0.00900000 1.00000000 0.00500000
05D1dn 4 0.56481000 0.00164000 0.56475000 0.00100000 0.56600000 0.00100000 23.23430000 0.19084900 42.48730000 0.19275000 -9.00000000 0 0 -0.02281900 0.03424600 1.23413000 0.22423000 23.02140000 0.02747610 0.00001110 0.00000028 0.00005031 -0.00000002 -0.00000000 36.11100000 -4.99160000 -999 -999 -9.00000000 -12.14980000 250 0.02523400 10.23400000 0.04700000 53649.40000000 0.32960000 45 34.82990000 0.86295000 0.11010000 0.00770000 -0.01260000 0.00400000 1.00000000 0.00500000
1317454 10 0.56879000 0.00517000 0.56883000 0.00500000 0.57000000 0.00500000 22.98770000 0.26094400 42.24070000 0.26233700 -9.00000000 0 0 0.04623800 0.04371900 -0.27097400 0.56796000 23.09900000 0.04658390 0.00001034 0.00000044 0.00259567 -0.00000013 -0.00000001 8.02440000 -42.66620000 -999 -999 -9.00000000 7.79160000 250 0.00727989 7.00000000 2.00000000 57015.50000000 0.64660000 25 26.72960000 0.36953000 0.15360000 0.02410000 -0.12400000 0.01000000 1.00000000 0.00700000
1306785 10 0.57542000 0.00141000 0.57535000 0.00050000 0.57667000 0.00050000 22.93820000 0.45206200 42.19120000 0.45286700 -9.00000000 0 0 -0.00346400 0.06125400 -0.95310200 1.37835000 22.98180000 0.09619800 0.00001152 0.00000102 -0.00305250 -0.00000088 -0.00000000 33.79370000 -4.52220000 -999 -999 0.89000000 -12.47430000 250 0.01867880 10.98900000 0.08350000 57284.10000000 1.39280000 38 23.24050000 0.97139000 0.33510000 0.00650000 -0.13870000 0.00700000 0.88500000 0.00000000
05D2dt 4 0.57577000 0.00165000 0.57583000 0.00100000 0.57400000 0.00100000 23.33850000 0.21144100 42.59150000 0.21315800 -9.00000000 0 0 0.02682800 0.03530900 0.18619000 0.27233000 23.38260000 0.03248090 0.00000796 0.00000024 0.00188897 -0.00000004 -0.00000000 150.35000000 1.85770000 -999 -999 -9.00000000 11.23660000 250 0.01628460 10.24400000 0.09600000 53450.70000000 0.25050000 22 24.46520000 0.32332000 0.10860000 0.00760000 -0.06380000 0.00300000 1.00000000 0.01000000
050203 15 0.57619000 0.00165000 0.57609000 0.00100000 0.57600000 0.00100000 23.23570000 0.20029100 42.48870000 0.20210300 -9.00000000 0 0 -0.11808300 0.05700400 1.01825000 0.73675000 22.85640000 0.06781000 0.00001293 0.00000081 0.01528540 -0.00000034 -0.00000002 242.79300000 55.12230000 -999 -999 23.82600000 -17.92880000 250 0.00606575 8.83500000 1.29400000 55350.20000000 0.81780000 50 63.35590000 0.09719630 0.18690000 0.00760000 0.08360000 0.00900000 0.54600000 0.00000000
06D3et 4 0.57668000 0.00165000 0.57661000 0.00100000 0.57600000 0.00100000 23.17330000 0.16464400 42.42630000 0.16684300 -9.00000000 0 0 -0.08762200 0.03278800 -1.34778000 0.14554000 23.18170000 0.02627120 0.00000958 0.00000023 0.00034238 -0.00000001 -0.00000000 215.52000000 52.33840000 -999 -999 -9.00000000 -13.84440000 250 0.00974148 10.76600000 0.09000000 53894.20000000 0.18590000 37 39.96580000 0.33978000 0.09920000 0.00760000 0.02810000 0.00300000 1.00000000 0.00300000
1337228 10 0.57737000 0.00141000 0.57741000 0.00050000 0.57858000 0.00050000 23.39200000 0.28969300 42.64500000 0.29094900 -9.00000000 0 0 -0.07528200 0.07490100 -0.74735200 0.75690000 23.28200000 0.08971370 0.00000873 0.00000072 0.01542910 -0.00000032 -0.00000003 7.52480000 -43.03410000 -999 -999 0.46000000 7.91240000 250 0.00504260 10.34100000 1.78900000 57357.20000000 0.99750000 42 27.11320000 0.96360000 0.21530000 0.00650000 -0.03990000 0.00500000 0.87300000 0.00000000
03D4gf 4 0.57830000 0.01009000 0.57829000 0.01000000 0.58000000 0.01000000 23.16440000 0.24335700 42.41740000 0.24485000 -9.00000000 0 0 -0.03690800 0.03737400 0.52452000 0.31579000 23.05880000 0.02754650 0.00001073 0.00000027 0.00250110 -0.00000002 -0.00000000 333.59600000 -17.73400000 -999 -999 -9.00000000 -3.37190000 250 0.02259680 7.63800000 0.29050000 52936.50000000 0.42160000 15 26.79610000 0.03044250 0.11480000 0.04640000 0.03360000 0.00200000 1.00000000 0.01300000
110721 15 0.57831000 0.00165000 0.57823000 0.00100000 0.57730000 0.00100000 23.19820000 0.23966000 42.45120000 0.24117600 -9.00000000 0 0 -0.02290300 0.07617800 0.48285000 0.69268000 22.97020000 0.06915160 0.00001164 0.00000074 0.00885460 -0.00000032 -0.00000002 130.21600000 44.11430000 -999 -999 20.25840000 -14.35220000 250 0.02153110 11.50000000 0.11500000 55561.70000000 0.97140000 37 55.90910000 0.02377620 0.24890000 0.00760000 -0.13840000 0.00900000 0.42700000 0.00000000
05D1dx 4 0.57882000 0.01009000 0.57875000 0.01000000 0.58000000 0.01000000 23.17420000 0.21268400 42.42720000 0.21439100 -9.00000000 0 0 -0.05011300 0.02955600 0.64671000 0.12020000 23.01470000 0.02491650 0.00001117 0.00000026 -0.00011101 -0.00000001 -0.00000000 36.94580000 -4.03250000 -999 -999 -9.00000000 -12.31030000 250 0.02343130 9.41600000 0.11300000 53666.50000000 0.16640000 50 41.22810000 0.80695000 0.09030000 0.04630000 0.03850000 0.00200000 1.00000000 0.01100000
1332059 10 0.57891000 0.00517000 0.57884000 0.00500000 0.58000000 0.00500000 23.27870000 0.23010800 42.53170000 0.23168600 -9.00000000 0 0 -0.17146100 0.04129900 0.20553000 0.48811000 22.91020000 0.05635320 0.00001230 0.00000064 0.00194957 -0.00000022 -0.00000001 40.86510000 -1.27740000 -999 -999 -9.00000000 -13.20650000 250 0.02863110 7.00000000 2.00000000 57324.60000000 0.53020000 59 51.71890000 0.73825000 0.15960000 0.02370000 0.13960000 0.00800000 0.93800000 0.00000000
05D3jq 4 0.57967000 0.00165000 0.57959000 0.00100000 0.57900000 0.00100000 23.13930000 0.22957800 42.39230000 0.23116000 -9.00000000 0 0 -0.00442200 0.02692800 1.50416000 0.20008000 23.01970000 0.02351130 0.00001112 0.00000024 -0.00011038 -0.00000001 -0.00000000 215.43900000 53.02990000 -999 -999 -9.00000000 -14.13870000 250 0.00914760 8.83200000 0.41950000 53501.10000000 0.38470000 49 74.93050000 0.00997759 0.08440000 0.00760000 0.06360000 0.00600000 1.00000000 0.01800000
05D3gp 4 0.58067000 0.01009000 0.58060000 0.01000000 0.58000000 0.01000000 23.32000000 0.26110400 42.57300000 0.26249600 -9.00000000 0 0 -0.08222600 0.04376400 -0.50192900 0.38712000 23.24200000 0.04689360 0.00000906 0.00000039 0.00421041 -0.00000011 -0.00000001 215.67600000 52.72470000 -999 -999 -9.00000000 -13.97690000 250 0.00765369 9.01500000 0.18500000 53454.90000000 0.35630000 41 43.28160000 0.37418000 0.14290000 0.04620000 0.04980000 0.00300000 1.00000000 0.01000000
03D1aw 4 0.58080000 0.00517000 0.58073000 0.00500000 0.58200000 0.00500000 23.45310000 0.23829700 42.70610000 0.23982100 -9.00000000 0 0 -0.02928100 0.03622200 0.99829000 0.27584000 23.30650000 0.02751480 0.00000854 0.00000022 0.00164969 -0.00000002 -0.00000000 36.06160000 -4.51720000 -999 -999 -9.00000000 -12.13330000 250 0.02182150 9.16900000 0.08800000 52902.80000000 0.36130000 36 52.63090000 0.03623980 0.11210000 0.02370000 0.03880000 0.00200000 1.00000000 0.01400000
04D1jg 4 0.58301000 0.00141000 0.58294000 0.00050000 0.58420000 0.00050000 23.28780000 0.16584500 42.54080000 0.16802900 -9.00000000 0 0 -0.10676900 0.03267800 0.26232000 0.15731000 23.00790000 0.02730400 0.00001124 0.00000028 0.00049267 -0.00000002 -0.00000000 36.55230000 -4.13480000 -999 -999 -9.00000000 -12.22930000 250 0.02347770 11.33800000 0.15050000 53273.60000000 0.21140000 45 37.40990000 0.78192000 0.10030000 0.00640000 0.03650000 0.00200000 1.00000000 0.00300000
05D4ej 4 0.58330000 0.00166000 0.58328000 0.00100000 0.58500000 0.00100000 23.54440000 0.18423300 42.79740000 0.18620100 -9.00000000 0 0 -0.02505400 0.03410500 0.22167000 0.17316000 23.44940000 0.02947530 0.00000749 0.00000020 0.00022514 -0.00000002 -0.00000000 333.96900000 -18.19570000 -999 -999 -9.00000000 -3.15790000 250 0.02428800 10.13300000 0.15600000 53627.80000000 0.18920000 53 47.17220000 0.69945000 0.10730000 0.00760000 -0.03720000 0.00200000 1.00000000 0.00500000
04D1kj 4 0.58382000 0.00166000 0.58375000 0.00100000 0.58500000 0.00100000 23.22350000 0.19664100 42.47650000 0.19848600 -9.00000000 0 0 -0.06898000 0.02870500 0.21618000 0.12600000 23.07170000 0.02493340 0.00001060 0.00000024 -0.00002197 -0.00000001 -0.00000000 36.96940000 -4.18030000 -999 -999 -9.00000000 -12.14500000 250 0.02177780 9.92900000 0.10750000 53297.20000000 0.16910000 46 60.69740000 0.07187410 0.08760000 0.00760000 0.04100000 0.00200000 1.00000000 0.01100000
04D1sa 4 0.58382000 0.00166000 0.58375000 0.00100000 0.58500000 0.00100000 23.39590000 0.18276900 42.64890000 0.18475200 -9.00000000 0 0 -0.06903200 0.03279100 -0.44533500 0.28823000 23.30040000 0.03148570 0.00000859 0.00000025 0.00060478 -0.00000003 -0.00000000 36.98400000 -4.17610000 -999 -999 -9.00000000 -12.14540000 250 0.02154910 10.62300000 0.06400000 53360.20000000 0.31610000 23 31.89910000 0.10226000 0.11210000 0.00760000 -0.00020000 0.00200000 1.00000000 0.00300000
1338387 10 0.58390000 0.00517000 0.58382000 0.00500000 0.58500000 0.00500000 23.16690000 0.19753200 42.41990000 0.19936900 -9.00000000 0 0 -0.07281100 0.04338200 1.46332000 0.50873000 22.86940000 0.04650130 0.00001277 0.00000055 0.00497143 -0.00000015 -0.00000001 40.45130000 -0.36860000 -999 -999 -9.00000000 -13.62480000 250 0.02481230 7.00000000 2.00000000 57364.10000000 0.70380000 33 37.39030000 0.27444000 0.14050000 0.02360000 0.09120000 0.00600000 0.93300000 0.00000000
05D1hm 4 0.58582000 0.00166000 0.58575000 0.00100000 0.58700000 0.00100000 23.45400000 0.37199100 42.70700000 0.37297000 -9.00000000 0 0 0.14468000 0.03969700 1.08259000 0.28503000 23.82570000 0.03498520 0.00000529 0.00000017 0.00144310 -0.00000002 -0.00000000 36.94260000 -4.71730000 -999 -999 -9.00000000 -11.84080000 250 0.02488020 9.85400000 0.17700000 53696.00000000 0.39440000 37 22.08250000 0.97522000 0.12270000 0.00750000 0.03160000 0.01400000 1.00000000 0.04600000
05D4bf 4 0.58730000 0.00166000 0.58728000 0.00100000 0.58900000 0.00100000 23.37110000 0.20123400 42.62410000 0.20303800 -9.00000000 0 0 -0.00532500 0.03928500 0.08144200 0.22996000 23.34780000 0.03127580 0.00000822 0.00000024 0.00219986 -0.00000002 -0.00000000 334.11000000 -18.23210000 -999 -999 -9.00000000 -3.14390000 250 0.02411220 10.23000000 0.08400000 53551.00000000 0.35350000 52 62.19700000 0.15731000 0.11490000 0.00750000 -0.04730000 0.00300000 1.00000000 0.00600000
04D1oh 4 0.58879000 0.01009000 0.58873000 0.01000000 0.59000000 0.01000000 23.24910000 0.21836900 42.50210000 0.22003200 -9.00000000 0 0 -0.07182400 0.03185200 -0.07730500 0.20659000 23.13350000 0.03039240 0.00001001 0.00000028 0.00066722 -0.00000003 -0.00000000 36.25980000 -4.23620000 -999 -999 -9.00000000 -12.11600000 250 0.02339520 9.17000000 0.15250000 53308.30000000 0.20390000 45 50.48310000 0.26576000 0.10110000 0.04570000 0.04270000 0.00200000 1.00000000 0.01000000
03D4gg 4 0.59029000 0.00166000 0.59028000 0.00100000 0.59200000 0.00100000 23.26260000 0.24678100 42.51560000 0.24825300 -9.00000000 0 0 0.01379600 0.03903200 0.99441000 0.43532000 23.16520000 0.03506510 0.00000973 0.00000031 0.00031041 -0.00000006 -0.00000000 334.16800000 -18.16450000 -999 -999 -9.00000000 -3.17550000 250 0.02306360 10.16200000 0.00550000 52943.10000000 0.55950000 13 24.67050000 0.02549360 0.14690000 0.00750000 -0.04570000 0.00300000 1.00000000 0.00800000
04D2mh 4 0.59179000 0.01009000 0.59184000 0.01000000 0.59000000 0.01000000 23.19780000 0.25439900 42.45080000 0.25582800 -9.00000000 0 0 0.00724200 0.03184800 1.58203000 0.17325000 23.11480000 0.02725190 0.00001019 0.00000026 0.00020688 -0.00000002 -0.00000000 149.94100000 2.14100000 -999 -999 -9.00000000 10.78780000 250 0.01736750 9.09700000 0.41800000 53376.40000000 0.25130000 38 43.84630000 0.23741000 0.09790000 0.04550000 0.07560000 0.00700000 1.00000000 0.01900000
05D3lr 4 0.60067000 0.01009000 0.60060000 0.01000000 0.60000000 0.01000000 23.35860000 0.27752800 42.61160000 0.27883800 -9.00000000 0 0 0.09938000 0.03853100 0.19268000 0.35206000 23.57480000 0.03811620 0.00000667 0.00000023 0.00124385 -0.00000005 -0.00000000 215.55100000 53.18430000 -999 -999 -9.00000000 -13.82090000 250 0.00934851 10.87300000 0.05100000 53541.00000000 0.31860000 37 30.73040000 0.75674000 0.13360000 0.04490000 -0.11510000 0.00600000 1.00000000 0.01700000
1338233 10 0.60155000 0.00143000 0.60149000 0.00050000 0.60279000 0.00050000 23.50320000 0.39385500 42.75620000 0.39477900 -9.00000000 0 0 -0.11565800 0.07222900 -1.44643000 0.92656000 23.42170000 0.09689400 0.00000768 0.00000069 0.00033805 -0.00000041 -0.00000000 35.12270000 -5.52930000 -999 -999 1.14000000 -11.39470000 250 0.02214180 10.98400000 0.02400000 57355.90000000 1.08840000 44 15.28440000 0.99998000 0.30320000 0.00640000 0.01040000 0.01100000 0.80100000 0.00000000
05D4ef 4 0.60328000 0.00167000 0.60327000 0.00100000 0.60500000 0.00100000 23.49730000 0.19827000 42.75030000 0.20010000 -9.00000000 0 0 -0.06999600 0.03502100 -1.55174000 0.20642000 23.56990000 0.03257970 0.00000670 0.00000020 -0.00000264 -0.00000002 -0.00000000 333.49700000 -18.21230000 -999 -999 -9.00000000 -2.99220000 250 0.02609620 10.43700000 0.13100000 53625.60000000 0.28460000 52 51.23680000 0.50387000 0.12480000 0.00740000 0.00770000 0.00300000 1.00000000 0.00300000
1335564 10 0.60626000 0.00143000 0.60620000 0.00050000 0.60750000 0.00050000 23.36280000 0.27374800 42.61580000 0.27507600 -9.00000000 0 0 -0.04366200 0.05009100 0.39047000 0.64123000 23.19580000 0.06942930 0.00000946 0.00000060 0.00303107 -0.00000029 -0.00000001 35.12810000 -6.44650000 -999 -999 0.32000000 -10.86270000 250 0.02348100 9.30300000 0.23850000 57343.60000000 0.75420000 52 56.78550000 0.30135000 0.20250000 0.00630000 -0.02680000 0.00500000 0.84200000 0.00000000
03D4dy 4 0.60827000 0.01009000 0.60826000 0.01000000 0.61000000 0.01000000 23.33740000 0.22678600 42.59040000 0.22838800 -9.00000000 0 0 -0.10218000 0.03521300 1.17176000 0.18431000 22.97800000 0.02772490 0.00001156 0.00000030 0.00056420 -0.00000002 -0.00000000 333.71100000 -17.95650000 -999 -999 -9.00000000 -3.14130000 250 0.02222060 7.00000000 52.87050000 52904.20000000 0.26720000 30 30.07470000 0.46183000 0.11150000 0.04440000 0.07700000 0.00300000 1.00000000 0.00900000
1302141 10 0.60876000 0.00518000 0.60880000 0.00500000 0.61000000 0.00500000 23.17520000 0.34928500 42.42820000 0.35032700 -9.00000000 0 0 0.03300500 0.06390300 0.27286000 0.73249000 23.18820000 0.07071170 0.00000952 0.00000062 -0.00656080 -0.00000027 -0.00000001 7.83050000 -42.50140000 -999 -999 0.37000000 7.30140000 250 0.00540567 9.42900000 1.76000000 57279.40000000 1.17770000 75 63.28470000 0.83053000 0.25420000 0.02280000 -0.10120000 0.00800000 0.87800000 0.00000000
1332413 10 0.60878000 0.00518000 0.60873000 0.00500000 0.61000000 0.00500000 23.36490000 0.22916600 42.61790000 0.23075100 -9.00000000 0 0 -0.12322400 0.04094100 1.20129000 0.50416000 22.97750000 0.05302080 0.00001156 0.00000056 0.00014864 -0.00000017 -0.00000001 36.27490000 -5.85300000 -999 -999 0.66000000 -10.99690000 250 0.02302810 9.20600000 0.68600000 57325.50000000 0.57960000 61 61.46250000 0.45932000 0.16300000 0.02280000 0.11850000 0.00800000 0.82100000 0.00000000
05D2he 4 0.60981000 0.00167000 0.60987000 0.00100000 0.60800000 0.00100000 23.43460000 0.32034700 42.68760000 0.32148300 -9.00000000 0 0 0.05831600 0.04070800 0.15684000 0.37523000 23.65390000 0.03059810 0.00000620 0.00000017 0.00293405 -0.00000003 -0.00000000 150.36100000 2.31770000 -999 -999 -9.00000000 10.51860000 250 0.01484110 9.41800000 0.18500000 53467.70000000 0.46780000 19 19.67280000 0.41451000 0.13040000 0.00730000 0.00970000 0.00500000 1.00000000 0.02800000
04D3do 4 0.61071000 0.01009000 0.61064000 0.01000000 0.61000000 0.01000000 23.41560000 0.18224900 42.66860000 0.18423800 -9.00000000 0 0 -0.11401600 0.03109300 -0.81594900 0.14548000 23.28590000 0.02557040 0.00000870 0.00000020 -0.00105663 -0.00000001 -0.00000000 214.44200000 52.26760000 -999 -999 -9.00000000 -13.12780000 250 0.00808667 10.48500000 0.07100000 53113.00000000 0.26220000 42 63.46300000 0.01780400 0.10560000 0.04430000 0.05010000 0.00300000 1.00000000 0.00200000
04D4an 4 0.61127000 0.00167000 0.61125000 0.00100000 0.61300000 0.00100000 23.65190000 0.24621000 42.90490000 0.24768600 -9.00000000 0 0 0.01959300 0.04089100 -0.32842400 0.40784000 23.74820000 0.03970490 0.00000568 0.00000021 0.00196573 -0.00000005 -0.00000000 333.98800000 -17.69550000 -999 -999 -9.00000000 -3.30660000 250 0.02165000 10.54100000 0.15400000 53183.60000000 0.50370000 33 44.94160000 0.08037000 0.14490000 0.00730000 -0.06510000 0.00300000 1.00000000 0.00800000
1295305 10 0.61177000 0.00518000 0.61171000 0.00500000 0.61300000 0.00500000 23.44800000 0.16220800 42.70100000 0.16444000 -9.00000000 0 0 -0.12076900 0.04312700 -0.29121300 0.32301000 23.19690000 0.04744640 0.00000945 0.00000041 0.00169141 -0.00000006 -0.00000001 36.24340000 -4.25090000 -999 -999 0.45000000 -11.75170000 250 0.02290700 8.71100000 0.13250000 56915.70000000 0.56440000 44 37.99400000 0.72573000 0.12010000 0.02270000 0.02700000 0.00600000 0.81200000 0.00000000
05D1ck 4 0.61577000 0.00168000 0.61571000 0.00100000 0.61700000 0.00100000 23.45550000 0.34622100 42.70850000 0.34727200 -9.00000000 0 0 0.10440000 0.03728800 -0.02153400 0.25940000 23.81170000 0.03287680 0.00000536 0.00000016 0.00099810 -0.00000002 -0.00000000 36.10350000 -4.71280000 -999 -999 -9.00000000 -11.48020000 250 0.02272860 9.72400000 0.17200000 53628.20000000 0.27190000 51 67.89870000 0.05682850 0.11990000 0.00730000 -0.02220000 0.00800000 1.00000000 0.03500000
1308957 10 0.61875000 0.00518000 0.61869000 0.00500000 0.62000000 0.00500000 23.46340000 0.38781700 42.71640000 0.38875600 -9.00000000 0 0 -0.14065000 0.10351000 -0.25960300 0.88973000 23.18630000 0.11986000 0.00000954 0.00000105 0.02789560 -0.00000073 -0.00000006 35.13390000 -6.62400000 -999 -999 0.89000000 -10.60030000 250 0.02381550 10.07800000 0.27350000 57288.70000000 0.90620000 45 38.21150000 0.75296000 0.30840000 0.02250000 0.06710000 0.00800000 0.75500000 0.00000000
1335868 10 0.61941000 0.00518000 0.61942000 0.00500000 0.62000000 0.00500000 23.44180000 0.27397300 42.69480000 0.27530000 -9.00000000 0 0 -0.04350800 0.06309100 1.51396000 0.61272000 23.20340000 0.06920050 0.00000939 0.00000060 0.00551452 -0.00000027 -0.00000002 55.08910000 -26.51270000 -999 -999 -9.00000000 2.40060000 250 0.01010690 7.00000000 2.00000000 57348.00000000 0.70150000 43 41.14650000 0.55195000 0.20980000 0.02250000 0.06710000 0.00800000 0.80700000 0.00000000
000202 15 0.61983000 0.00168000 0.61988000 0.00100000 0.61800000 0.00100000 23.50270000 0.15249000 42.75570000 0.15486200 -9.00000000 0 0 -0.16858200 0.04149600 0.61215000 0.52292000 23.05980000 0.03604880 0.00001072 0.00000036 0.00206561 -0.00000009 -0.00000000 150.53900000 1.89920000 -999 -999 23.45050000 10.61830000 250 0.01653870 9.94300000 7.30900000 55215.30000000 0.64100000 53 45.79990000 0.74800000 0.15460000 0.00730000 0.11630000 0.01700000 0.39900000 0.00000000
04D3co 4 0.62070000 0.01009000 0.62063000 0.01000000 0.62000000 0.01000000 23.44580000 0.26677300 42.69880000 0.26813600 -9.00000000 0 0 -0.02644400 0.04443200 -0.66305600 0.19497000 23.51220000 0.03312800 0.00000707 0.00000022 0.00123287 -0.00000002 -0.00000000 214.45800000 52.96360000 -999 -999 -9.00000000 -13.29790000 250 0.00777397 9.51700000 0.24300000 53101.50000000 0.26190000 39 27.85250000 0.90826000 0.13560000 0.04370000 -0.00210000 0.00400000 1.00000000 0.01300000
04D2an 4 0.62183000 0.01009000 0.62188000 0.01000000 0.62000000 0.01000000 23.33640000 0.27429700 42.58940000 0.27562300 -9.00000000 0 0 -0.04935500 0.04775700 -0.30708400 0.56418000 23.30520000 0.03138380 0.00000855 0.00000025 0.00710703 -0.00000005 -0.00000000 150.21800000 2.04120000 -999 -999 -9.00000000 10.46860000 250 0.01508980 7.54200000 0.57400000 53031.20000000 0.68130000 11 8.37336000 0.67952000 0.15630000 0.04360000 0.02370000 0.00300000 1.00000000 0.01000000
03D4dh 4 0.62525000 0.00141000 0.62523000 0.00040000 0.62700000 0.00040000 23.40470000 0.21344700 42.65770000 0.21514800 -9.00000000 0 0 -0.07692500 0.03461200 1.13855000 0.17837000 23.11170000 0.02667880 0.00001022 0.00000025 0.00008350 -0.00000001 -0.00000000 334.37900000 -17.62970000 -999 -999 -9.00000000 -3.34110000 250 0.02472320 9.41400000 0.16250000 52906.20000000 0.26920000 30 43.54700000 0.05239190 0.11270000 0.00610000 0.06040000 0.00300000 1.00000000 0.00800000
04D4fx 4 0.62725000 0.00169000 0.62723000 0.00100000 0.62900000 0.00100000 23.33200000 0.24254300 42.58500000 0.24404100 -9.00000000 0 0 -0.00277100 0.03411400 0.96367000 0.19305000 23.25760000 0.02870340 0.00000893 0.00000024 0.00024993 -0.00000002 -0.00000000 334.15900000 -18.06640000 -999 -999 -9.00000000 -3.07670000 250 0.02429510 8.30500000 0.65550000 53242.50000000 0.22030000 43 55.59230000 0.09433140 0.11130000 0.00720000 0.02390000 0.00300000 1.00000000 0.01500000
05D1cb 4 0.63077000 0.00169000 0.63071000 0.00100000 0.63200000 0.00100000 23.41020000 0.20105100 42.66320000 0.20285600 -9.00000000 0 0 -0.00173100 0.04160300 -0.29251400 0.20646000 23.43390000 0.02942560 0.00000759 0.00000021 0.00038531 -0.00000001 -0.00000001 36.73770000 -4.11760000 -999 -999 -9.00000000 -11.48870000 250 0.02422530 10.11100000 0.07950000 53616.80000000 0.30890000 41 53.64500000 0.08912510 0.12140000 0.00720000 -0.06650000 0.00300000 1.00000000 0.00400000
05D2ci 4 0.63183000 0.00169000 0.63189000 0.00100000 0.63000000 0.00100000 23.05810000 0.32583300 42.31110000 0.32695000 -9.00000000 0 0 0.07309800 0.06492400 -0.93812800 0.24600000 23.33000000 0.04468440 0.00000836 0.00000034 0.00088162 -0.00000005 -0.00000001 150.00800000 2.21590000 -999 -999 -9.00000000 10.22070000 250 0.01686820 10.97700000 0.15900000 53427.90000000 0.27260000 26 37.08650000 0.07342390 0.19720000 0.00720000 -0.14490000 0.00700000 1.00000000 0.01100000
03D4at 4 0.63225000 0.00169000 0.63223000 0.00100000 0.63400000 0.00100000 23.59630000 0.32253400 42.84930000 0.32366200 -9.00000000 0 0 -0.05657300 0.06657500 0.21129000 0.32719000 23.47160000 0.03346110 0.00000733 0.00000023 0.00133045 -0.00000003 -0.00000001 333.60000000 -17.77670000 -999 -999 -9.00000000 -3.12010000 250 0.02251590 8.75100000 0.07750000 52816.90000000 0.55770000 22 23.28490000 0.38580000 0.20440000 0.00720000 0.02900000 0.00200000 1.00000000 0.00800000
1330642 10 0.63399000 0.00145000 0.63392000 0.00050000 0.63521000 0.00050000 23.34420000 0.14511900 42.59720000 0.14760900 -9.00000000 0 0 -0.09459100 0.03778000 1.05101000 0.31482000 23.01640000 0.03991710 0.00001115 0.00000041 0.00178416 -0.00000007 -0.00000001 37.04060000 -4.04710000 -999 -999 0.43000000 -11.44110000 250 0.02216500 9.27000000 0.03600000 57317.80000000 0.37330000 46 30.68290000 0.95973000 0.11330000 0.00620000 0.06740000 0.00600000 0.74900000 0.00000000
04D1pu 4 0.63777000 0.00169000 0.63771000 0.00100000 0.63900000 0.00100000 23.27680000 0.44205500 42.52980000 0.44287900 -9.00000000 0 0 0.09675900 0.08071900 -1.59949000 0.37149000 23.74720000 0.05168640 0.00000569 0.00000027 0.00689405 -0.00000005 -0.00000001 36.86860000 -4.74490000 -999 -999 -9.00000000 -11.06950000 250 0.02470760 9.31400000 0.23950000 53330.20000000 0.02080000 27 34.54180000 0.15086000 0.23170000 0.00710000 -0.11720000 0.03900000 1.00000000 0.02900000
1343871 10 0.63794000 0.00145000 0.63787000 0.00050000 0.63900000 0.00050000 23.61070000 0.30964500 42.86370000 0.31082000 -9.00000000 0 0 -0.19724600 0.07331900 1.30773000 1.08187000 23.18860000 0.07008840 0.00000952 0.00000061 0.02092740 -0.00000038 -0.00000002 43.50250000 -0.37030000 -999 -999 0.66000000 -12.30250000 250 0.05546270 8.74300000 0.92850000 57390.70000000 1.33420000 14 9.03468000 0.82882000 0.25080000 0.00610000 0.32840000 0.01800000 0.70600000 0.00000000
05D4ag 4 0.63824000 0.01009000 0.63823000 0.01000000 0.64000000 0.01000000 23.40640000 0.36652300 42.65940000 0.36751600 -9.00000000 0 0 0.08604400 0.05893200 0.49764000 0.47275000 23.62160000 0.04556430 0.00000639 0.00000027 0.00904862 -0.00000009 -0.00000001 333.44800000 -18.16530000 -999 -999 -9.00000000 -2.87870000 250 0.02474990 8.38100000 0.39250000 53538.60000000 0.48300000 32 38.73060000 0.19194000 0.16960000 0.04260000 -0.02980000 0.00600000 1.00000000 0.02800000
1337325 10 0.63873000 0.00518000 0.63866000 0.00500000 0.64000000 0.00500000 23.52740000 0.26025000 42.78040000 0.26164600 -9.00000000 0 0 -0.22604700 0.06818500 0.08025100 0.59352000 23.15500000 0.06288380 0.00000982 0.00000057 0.00842676 -0.00000020 -0.00000002 35.13500000 -4.65250000 -999 -999 -9.00000000 -11.29370000 250 0.01953960 7.00000000 2.00000000 57357.60000000 0.72390000 32 30.59860000 0.53746000 0.20930000 0.02190000 0.28600000 0.01900000 0.68900000 0.00000000
1334879 10 0.63934000 0.00518000 0.63936000 0.00500000 0.64000000 0.00500000 23.53700000 0.16971000 42.79000000 0.17184400 -9.00000000 0 0 0.09558300 0.04089700 -0.02861900 0.26341000 23.67000000 0.03892650 0.00000611 0.00000022 0.00168626 -0.00000003 -0.00000001 52.40890000 -28.21640000 -999 -999 -9.00000000 2.77270000 250 0.00625712 9.66600000 0.02500000 57336.50000000 0.36220000 41 37.77690000 0.61467000 0.11500000 0.02190000 -0.21920000 0.01700000 0.88300000 0.00000000
05D2ec 4 0.64185000 0.00170000 0.64190000 0.00100000 0.64000000 0.00100000 23.59460000 0.25551900 42.84760000 0.25694100 -9.00000000 0 0 -0.11670000 0.05290600 -0.19678900 0.21155000 23.40180000 0.03273910 0.00000782 0.00000024 0.00075527 -0.00000001 -0.00000001 149.85900000 2.01360000 -999 -999 -9.00000000 10.16520000 250 0.01684850 9.99700000 0.05650000 53440.40000000 0.42060000 21 26.66000000 0.18239000 0.15830000 0.00710000 0.08670000 0.00300000 1.00000000 0.00500000
1308568 10 0.64311000 0.00146000 0.64305000 0.00050000 0.64442000 0.00050000 23.10790000 0.40694700 42.36090000 0.40784200 -9.00000000 0 0 0.10291000 0.09101000 -0.03255000 1.02339000 23.24780000 0.12174000 0.00000901 0.00000101 0.02675630 -0.00000085 -0.00000005 33.87320000 -5.05250000 -999 -999 0.19000000 -11.16690000 250 0.01749050 8.87300000 0.20850000 57289.70000000 0.86960000 50 50.30730000 0.46122000 0.29730000 0.00610000 -0.23560000 0.02000000 0.88400000 0.00000000
04D3cy 4 0.64371000 0.00170000 0.64364000 0.00100000 0.64300000 0.00100000 23.54620000 0.30866200 42.79920000 0.30984100 -9.00000000 0 0 -0.03964300 0.06427700 -0.18932700 0.20437000 23.50980000 0.03504060 0.00000708 0.00000023 0.00137985 -0.00000002 -0.00000001 214.55200000 52.65830000 -999 -999 -9.00000000 -12.78330000 250 0.00886831 9.98000000 0.21200000 53101.10000000 0.26520000 31 30.60050000 0.48646000 0.19390000 0.00710000 0.00580000 0.00200000 1.00000000 0.00800000
05D3ax 4 0.64371000 0.00170000 0.64363000 0.00100000 0.64300000 0.00100000 23.55040000 0.31537400 42.80340000 0.31652800 -9.00000000 0 0 -0.07093100 0.06380700 0.60257000 0.42003000 23.33470000 0.04580390 0.00000832 0.00000035 0.00399310 -0.00000011 -0.00000001 214.82300000 52.68750000 -999 -999 -9.00000000 -12.81390000 250 0.00760838 8.44200000 0.39000000 53399.90000000 0.29610000 24 38.52260000 0.03062830 0.20290000 0.00710000 0.04010000 0.00200000 1.00000000 0.00600000
05D3lb 4 0.64770000 0.00170000 0.64763000 0.00100000 0.64700000 0.00100000 23.56600000 0.28716800 42.81900000 0.28843500 -9.00000000 0 0 0.02440300 0.04867200 0.30349000 0.18291000 23.62040000 0.02823320 0.00000640 0.00000017 0.00009253 -0.00000001 -0.00000000 214.38200000 53.16790000 -999 -999 -9.00000000 -12.95710000 250 0.00924963 8.93100000 0.23000000 53528.70000000 0.26200000 35 24.96620000 0.89545000 0.14730000 0.00710000 -0.02870000 0.00300000 1.00000000 0.01500000
1338266 10 0.64852000 0.00146000 0.64846000 0.00050000 0.64980000 0.00050000 23.78670000 0.27102700 43.03970000 0.27236900 -9.00000000 0 0 -0.11443200 0.06922000 -0.29722200 0.60589000 23.54760000 0.05840450 0.00000684 0.00000037 0.00515189 -0.00000012 -0.00000001 34.90500000 -5.86910000 -999 -999 0.21000000 -10.60060000 250 0.02246830 8.96500000 0.34850000 57367.00000000 0.75870000 55 47.71380000 0.74655000 0.22480000 0.00610000 0.01850000 0.00700000 0.69600000 0.00000000
05D3kt 4 0.64870000 0.00170000 0.64863000 0.00100000 0.64800000 0.00100000 23.48050000 0.30950200 42.73350000 0.31067800 -9.00000000 0 0 0.05167300 0.04800400 -0.43092100 0.19501000 23.69430000 0.03059310 0.00000597 0.00000017 0.00047691 -0.00000001 -0.00000000 214.97400000 52.74300000 -999 -999 -9.00000000 -12.77640000 250 0.00622777 9.13800000 0.17450000 53531.00000000 0.26710000 29 40.97170000 0.06925850 0.14360000 0.00710000 -0.06200000 0.00600000 1.00000000 0.02000000
1334707 10 0.64962000 0.00146000 0.64964000 0.00050000 0.65030000 0.00050000 23.52750000 0.14711400 42.78050000 0.14957100 -9.00000000 0 0 -0.17467400 0.03953900 0.49395000 0.25150000 23.15830000 0.03434580 0.00000979 0.00000031 0.00057180 -0.00000004 -0.00000001 51.77640000 -28.62780000 -999 -999 0.28000000 2.84870000 250 0.01020760 9.26700000 0.23150000 57340.00000000 0.31400000 42 39.81830000 0.56716000 0.11950000 0.00610000 0.19140000 0.01000000 0.67200000 0.00000000
04D1sk 4 0.66213000 0.00147000 0.66207000 0.00050000 0.66340000 0.00050000 23.72630000 0.27846600 42.97930000 0.27977200 -9.00000000 0 0 0.08327100 0.05514800 0.45278000 0.37908000 23.80420000 0.03200150 0.00000540 0.00000016 0.00245852 -0.00000002 -0.00000000 36.09490000 -4.35360000 -999 -999 -9.00000000 -11.01850000 250 0.02203120 10.41600000 0.15000000 53355.30000000 0.52780000 21 10.16620000 0.97667000 0.17180000 0.00600000 -0.16520000 0.00500000 1.00000000 0.00700000
05D3hs 4 0.66470000 0.00171000 0.66463000 0.00100000 0.66400000 0.00100000 23.61680000 0.23242600 42.86980000 0.23398900 -9.00000000 0 0 -0.17511700 0.04757400 0.58036000 0.20646000 23.23050000 0.03411080 0.00000916 0.00000029 0.00123987 -0.00000003 -0.00000001 215.30700000 52.90380000 -999 -999 -9.00000000 -12.62680000 250 0.00846438 9.00400000 0.13000000 53490.90000000 0.28680000 43 43.96980000 0.43029000 0.14300000 0.00700000 0.18840000 0.00600000 0.92000000 0.00000000
05D3mh 4 0.67072000 0.01010000 0.67065000 0.01000000 0.67000000 0.01000000 23.81470000 0.27346500 43.06770000 0.27479500 -9.00000000 0 0 0.04816300 0.05412600 0.65852000 0.47620000 23.78960000 0.03766190 0.00000547 0.00000019 0.00418427 -0.00000004 -0.00000000 214.74900000 52.66760000 -999 -999 -9.00000000 -12.40660000 250 0.00801395 10.07800000 0.27650000 53558.00000000 0.54200000 15 32.36370000 0.00574257 0.17420000 0.04090000 -0.12930000 0.00400000 1.00000000 0.00400000
03D1co 4 0.67773000 0.00172000 0.67767000 0.00100000 0.67900000 0.00100000 23.97210000 0.31062600 43.22510000 0.31179700 -9.00000000 0 0 -0.03960800 0.06653600 0.67911000 0.40655000 23.81050000 0.04457520 0.00000537 0.00000022 0.00623951 -0.00000006 -0.00000000 36.56770000 -4.93510000 -999 -999 -9.00000000 -10.50420000 250 0.02468020 8.64700000 0.28400000 52954.50000000 0.45440000 35 42.79440000 0.17140000 0.20390000 0.00690000 0.00870000 0.00200000 1.00000000 0.00500000
05D2bt 4 0.68190000 0.01010000 0.68195000 0.01000000 0.68000000 0.01000000 23.58460000 0.23784000 42.83760000 0.23936700 -9.00000000 0 0 -0.16162000 0.04833500 0.51418000 0.25606000 23.22390000 0.03276890 0.00000921 0.00000028 0.00179563 -0.00000004 -0.00000001 150.41800000 2.56620000 -999 -999 -9.00000000 9.54150000 250 0.01732200 7.00000000 5.00000000 53401.50000000 0.24540000 30 58.10970000 0.00154997 0.14810000 0.04030000 0.16250000 0.00400000 0.90500000 0.00000000
06D3cc 4 0.68372000 0.00172000 0.68365000 0.00100000 0.68300000 0.00100000 23.91860000 0.40683900 43.17160000 0.40773400 -9.00000000 0 0 -0.00465500 0.08413300 0.71634000 0.61991000 23.77520000 0.07338420 0.00000555 0.00000037 0.00285065 -0.00000020 0.00000000 214.38200000 52.91250000 -999 -999 -9.00000000 -12.31070000 250 0.00695840 10.08300000 0.12700000 53760.50000000 0.72470000 12 5.67728000 0.93147000 0.31070000 0.00690000 -0.07570000 0.00300000 0.82500000 0.00000000
04D4ic 4 0.68519000 0.00172000 0.68517000 0.00100000 0.68700000 0.00100000 23.76360000 0.36517700 43.01660000 0.36617300 -9.00000000 0 0 -0.01586200 0.07198000 -0.87825500 0.38451000 23.84970000 0.04358940 0.00000518 0.00000021 0.00177992 -0.00000004 -0.00000000 333.59100000 -17.94350000 -999 -999 -9.00000000 -2.85090000 250 0.02377030 9.32500000 0.15500000 53256.30000000 0.65940000 38 48.32570000 0.12171000 0.23460000 0.00680000 -0.04690000 0.00600000 1.00000000 0.00700000
05D1ke 4 0.68872000 0.01010000 0.68867000 0.01000000 0.69000000 0.01000000 23.56070000 0.22489300 42.81370000 0.22650800 -9.00000000 0 0 -0.11138100 0.04911700 0.21014000 0.25790000 23.32820000 0.02684840 0.00000837 0.00000021 0.00125156 -0.00000001 -0.00000000 36.69290000 -4.86250000 -999 -999 -9.00000000 -10.39430000 250 0.02009050 8.85100000 0.33250000 53731.30000000 0.34660000 13 19.79240000 0.10051000 0.15160000 0.04000000 0.09050000 0.00200000 0.94100000 0.00000000
1262715 10 0.68935000 0.00519000 0.68937000 0.00500000 0.69000000 0.00500000 23.60050000 0.15442700 42.85350000 0.15677000 -9.00000000 0 0 -0.07570900 0.04213900 1.02416000 0.32528000 23.29160000 0.03156820 0.00000866 0.00000025 0.00077137 -0.00000003 -0.00000001 53.37000000 -28.44270000 -999 -999 -9.00000000 2.85830000 250 0.00626292 11.05200000 0.32550000 56660.30000000 0.40630000 26 25.10600000 0.51298000 0.13420000 0.02050000 0.02390000 0.00800000 0.60200000 0.00000000
1262214 10 0.68936000 0.00519000 0.68937000 0.00500000 0.69000000 0.00500000 23.79140000 0.27064800 43.04440000 0.27199100 -9.00000000 0 0 -0.13953100 0.07225600 0.23704000 0.28080000 23.47180000 0.03229410 0.00000733 0.00000022 -0.00171403 -0.00000002 -0.00000000 53.50270000 -28.66020000 -999 -999 0.18000000 2.97940000 250 0.00655473 8.86400000 0.05750000 56657.20000000 0.37810000 41 61.99420000 0.01869630 0.23730000 0.02050000 0.09450000 0.00900000 0.60800000 0.00000000
06D3em 4 0.69072000 0.01010000 0.69065000 0.01000000 0.69000000 0.01000000 23.66130000 0.42500000 42.91430000 0.42585700 -9.00000000 0 0 0.17067000 0.05993300 -0.14666800 0.35710000 24.10140000 0.03594010 0.00000411 0.00000014 0.00139078 -0.00000002 -0.00000000 214.84800000 53.02300000 -999 -999 -9.00000000 -12.29190000 250 0.00901597 9.45900000 0.24450000 53881.70000000 0.59060000 29 29.86790000 0.42062000 0.19050000 0.03990000 -0.16170000 0.02000000 1.00000000 0.02800000
03D4cz 4 0.69318000 0.00173000 0.69316000 0.00100000 0.69500000 0.00100000 23.66320000 0.31687600 42.91620000 0.31802400 -9.00000000 0 0 -0.06874800 0.08425400 -1.76537000 0.36781000 23.76010000 0.04682120 0.00000562 0.00000024 0.00657405 -0.00000006 -0.00000000 334.17400000 -17.92630000 -999 -999 -9.00000000 -2.91600000 250 0.02454040 10.38900000 0.24500000 52894.60000000 0.41300000 26 26.40660000 0.44094000 0.25930000 0.00680000 -0.00340000 0.00500000 0.70800000 0.00000000
04D4ib 4 0.69718000 0.00173000 0.69716000 0.00100000 0.69900000 0.00100000 23.71620000 0.21101800 42.96920000 0.21273800 -9.00000000 0 0 -0.13852500 0.05200600 0.96890000 0.21666000 23.31470000 0.02960440 0.00000847 0.00000023 0.00070288 -0.00000002 -0.00000000 334.17400000 -18.10510000 -999 -999 -9.00000000 -2.81830000 250 0.02373250 10.99400000 0.11800000 53267.40000000 0.29080000 31 21.93060000 0.88518000 0.16470000 0.00680000 0.11740000 0.00500000 0.67000000 0.00000000
06D4ba 4 0.69818000 0.01010000 0.69816000 0.01000000 0.70000000 0.01000000 23.71410000 0.34174300 42.96710000 0.34280700 -9.00000000 0 0 -0.09300200 0.07067500 0.67840000 0.41089000 23.45270000 0.04959260 0.00000746 0.00000034 0.00215753 -0.00000010 -0.00000000 333.89900000 -18.22910000 -999 -999 -9.00000000 -2.72000000 250 0.02256900 8.54400000 0.42400000 53904.80000000 0.50130000 35 42.20650000 0.18755000 0.23820000 0.03950000 0.07390000 0.00200000 0.94700000 0.00000000
05D4bj 4 0.69918000 0.00173000 0.69916000 0.00100000 0.70100000 0.00100000 23.68720000 0.33738400 42.94020000 0.33846200 -9.00000000 0 0 0.06423200 0.05497200 0.19285000 0.29626000 23.83490000 0.03446880 0.00000525 0.00000017 0.00131871 -0.00000003 -0.00000000 333.74900000 -18.13340000 -999 -999 -9.00000000 -2.74010000 250 0.02412760 9.26500000 0.09650000 53564.00000000 0.34860000 42 52.18420000 0.13486000 0.17410000 0.00680000 -0.07490000 0.00500000 1.00000000 0.01700000
05D4cq 4 0.69918000 0.00173000 0.69916000 0.00100000 0.70100000 0.00100000 23.81610000 0.21364600 43.06910000 0.21534500 -9.00000000 0 0 -0.13462400 0.05363700 0.63738000 0.26364000 23.46180000 0.03164800 0.00000740 0.00000022 0.00083233 -0.00000002 -0.00000000 333.54000000 -18.22670000 -999 -999 -9.00000000 -2.66740000 250 0.02662230 10.55400000 0.15950000 53586.30000000 0.37850000 42 48.70460000 0.22131000 0.17350000 0.00680000 0.10360000 0.00400000 0.66900000 0.00000000
1335718 10 0.69932000 0.00520000 0.69933000 0.00500000 0.70000000 0.00500000 23.85770000 0.15354200 43.11070000 0.15589800 -9.00000000 0 0 -0.14639400 0.03975800 0.62483000 0.26448000 23.48900000 0.03303460 0.00000722 0.00000022 0.00056224 -0.00000003 -0.00000000 52.30940000 -28.38540000 -999 -999 0.55000000 2.65130000 250 0.00751700 8.64200000 0.53650000 57351.30000000 0.32610000 36 30.34220000 0.73420000 0.12370000 0.02030000 0.12380000 0.01000000 0.59000000 0.00000000
05D2ck 4 0.69992000 0.00173000 0.69997000 0.00100000 0.69800000 0.00100000 23.86170000 0.29414400 43.11470000 0.29538000 -9.00000000 0 0 -0.00813500 0.06729700 -2.64608000 0.45867000 24.17990000 0.03913620 0.00000382 0.00000014 0.00423113 -0.00000002 -0.00000000 150.18800000 2.57290000 -999 -999 -9.00000000 9.31370000 250 0.01502530 10.94100000 0.09500000 53416.80000000 0.57000000 24 34.29120000 0.07962460 0.21960000 0.00680000 -0.09950000 0.01400000 0.78900000 0.00000000
04D1si 4 0.70070000 0.00174000 0.70064000 0.00100000 0.70200000 0.00100000 23.66400000 0.22155500 42.91700000 0.22319400 -9.00000000 0 0 -0.01214500 0.05373400 0.13760000 0.29792000 23.58300000 0.03239150 0.00000662 0.00000020 0.00146783 -0.00000003 -0.00000000 36.20330000 -4.56900000 -999 -999 -9.00000000 -10.44160000 250 0.02071320 10.63800000 0.12700000 53359.90000000 0.36670000 19 20.59360000 0.35969000 0.17190000 0.00680000 -0.07560000 0.00300000 0.77900000 0.00000000
04D4hu 4 0.70117000 0.00174000 0.70115000 0.00100000 0.70300000 0.00100000 23.84380000 0.26018500 43.09680000 0.26158200 -9.00000000 0 0 -0.10743700 0.05773300 0.03972000 0.23414000 23.64260000 0.03273820 0.00000627 0.00000019 0.00050155 -0.00000002 -0.00000000 333.90100000 -17.83890000 -999 -999 -9.00000000 -2.89280000 250 0.02261090 9.47500000 0.22200000 53256.90000000 0.37720000 36 54.07870000 0.02694510 0.18570000 0.00680000 0.08440000 0.00200000 0.92400000 0.00000000
04D2iu 4 0.70192000 0.01010000 0.70197000 0.01000000 0.70000000 0.01000000 23.64320000 0.46192500 42.89620000 0.46271300 -9.00000000 0 0 0.03514300 0.08421800 -1.92656000 0.42093000 23.94870000 0.04583280 0.00000473 0.00000020 0.00224835 -0.00000004 0.00000000 150.30500000 2.41500000 -999 -999 -9.00000000 9.37970000 250 0.01625360 7.00000000 5.00000000 53120.70000000 0.51500000 8 7.05255000 0.53097000 0.28190000 0.03940000 -0.13980000 0.03100000 1.00000000 0.01200000
05D2le 4 0.70192000 0.00174000 0.70198000 0.00100000 0.70000000 0.00100000 23.79030000 0.25130600 43.04330000 0.25275300 -9.00000000 0 0 -0.02604400 0.04956200 0.49593000 0.30652000 23.67790000 0.03548810 0.00000606 0.00000020 0.00200338 -0.00000004 -0.00000000 150.47900000 2.09290000 -999 -999 -9.00000000 9.54760000 250 0.01528890 8.03300000 0.69000000 53695.00000000 0.41200000 26 31.06270000 0.22594000 0.15570000 0.00680000 -0.01110000 0.00200000 1.00000000 0.00600000
05D3gv 4 0.71571000 0.00175000 0.71565000 0.00100000 0.71500000 0.00100000 23.74140000 0.24444500 42.99440000 0.24593200 -9.00000000 0 0 -0.06535800 0.06161800 -0.84272200 0.28607000 23.70890000 0.03716530 0.00000589 0.00000020 -0.00056642 -0.00000001 -0.00000000 215.24700000 53.17890000 -999 -999 -9.00000000 -12.05020000 250 0.00807624 10.72600000 0.11300000 53466.60000000 0.58070000 40 43.06080000 0.34163000 0.20400000 0.00670000 -0.00710000 0.00300000 0.68100000 0.00000000
05D3jh 4 0.71874000 0.00175000 0.71867000 0.00100000 0.71800000 0.00100000 23.62090000 0.18648600 42.87390000 0.18843000 -9.00000000 0 0 -0.14484500 0.04914700 -0.63441100 0.18100000 23.44180000 0.03194830 0.00000754 0.00000022 0.00040247 -0.00000002 -0.00000000 214.35600000 52.61880000 -999 -999 -9.00000000 -11.71500000 250 0.00771797 10.81500000 0.13850000 53492.70000000 0.35950000 43 36.77070000 0.73707000 0.15510000 0.00670000 0.12280000 0.00500000 0.64900000 0.00000000
1331993 10 0.71968000 0.00152000 0.71962000 0.00050000 0.72100000 0.00050000 23.91080000 0.20275900 43.16380000 0.20454900 -9.00000000 0 0 -0.09228200 0.05459300 0.40279000 0.40316000 23.64120000 0.04575500 0.00000627 0.00000026 0.00080357 -0.00000005 -0.00000000 35.97180000 -4.45930000 -999 -999 0.62000000 -10.30240000 250 0.02248210 8.93100000 0.02650000 57327.20000000 0.53650000 40 26.62070000 0.94828000 0.18260000 0.00580000 0.02270000 0.00800000 0.58300000 0.00000000
04D1aj 4 0.71969000 0.01010000 0.71964000 0.01000000 0.72100000 0.01000000 23.71700000 0.34116000 42.97000000 0.34222600 -9.00000000 0 0 -0.02769600 0.06638300 0.38010000 0.35878000 23.62160000 0.03498460 0.00000639 0.00000021 0.00143965 -0.00000003 0.00000000 36.47480000 -4.99460000 -999 -999 -9.00000000 -10.01740000 250 0.02595540 7.00000000 5.00000000 52999.00000000 0.56030000 13 19.68020000 0.10348000 0.22090000 0.03850000 -0.00610000 0.00200000 1.00000000 0.00500000
05D4ev 4 0.72015000 0.00175000 0.72013000 0.00100000 0.72200000 0.00100000 23.90820000 0.24165800 43.16120000 0.24316200 -9.00000000 0 0 -0.03818300 0.06058800 -1.12101000 0.28246000 23.96490000 0.04108400 0.00000466 0.00000018 0.00163431 -0.00000003 -0.00000000 333.37700000 -17.70080000 -999 -999 -9.00000000 -2.82680000 250 0.02271960 10.88300000 0.06150000 53631.20000000 0.33420000 45 45.59630000 0.44715000 0.19630000 0.00670000 -0.04300000 0.00400000 0.69500000 0.00000000
06D3gh 4 0.72074000 0.00175000 0.72067000 0.00100000 0.72000000 0.00100000 23.79290000 0.30397700 43.04590000 0.30517400 -9.00000000 0 0 -0.07460800 0.06564600 0.24347000 0.34130000 23.62920000 0.04173130 0.00000634 0.00000024 0.00288897 -0.00000004 0.00000000 214.63100000 52.44290000 -999 -999 -9.00000000 -11.63810000 250 0.00767199 9.30000000 0.24450000 53922.80000000 0.37730000 13 15.49840000 0.27728000 0.21830000 0.00670000 0.05050000 0.00200000 0.92900000 0.00000000
06D3do 4 0.72674000 0.00175000 0.72667000 0.00100000 0.72600000 0.00100000 23.82810000 0.24689100 43.08110000 0.24836300 -9.00000000 0 0 -0.07649500 0.05131200 0.61910000 0.47850000 23.61100000 0.03205760 0.00000645 0.00000019 0.00004600 -0.00000001 -0.00000000 214.24700000 52.88250000 -999 -999 -9.00000000 -11.72550000 250 0.00865570 8.70900000 0.18300000 53849.50000000 1.31070000 30 26.03690000 0.67325000 0.17740000 0.00660000 0.05830000 0.00200000 0.92100000 0.00000000
06D3bz 4 0.72774000 0.00175000 0.72767000 0.00100000 0.72700000 0.00100000 23.75500000 0.25567000 43.00800000 0.25709100 -9.00000000 0 0 -0.10310600 0.06690900 -0.78868600 0.40839000 23.66080000 0.04305520 0.00000616 0.00000024 0.00637251 -0.00000006 0.00000000 214.29200000 53.02480000 -999 -999 -9.00000000 -11.77960000 250 0.00803654 10.29300000 0.06200000 53776.50000000 0.43180000 12 8.28078000 0.76282000 0.21830000 0.00660000 0.05590000 0.00400000 0.65700000 0.00000000
1304127 10 0.72866000 0.00520000 0.72861000 0.00500000 0.73000000 0.00500000 23.75200000 0.28220900 43.00500000 0.28349800 -9.00000000 0 0 -0.24375000 0.07254100 0.43716000 0.75795000 23.35150000 0.06529100 0.00000819 0.00000049 0.00546208 -0.00000024 -0.00000000 35.18050000 -6.95110000 -999 -999 0.58000000 -9.19090000 250 0.02267480 9.31500000 0.78950000 57282.40000000 0.99800000 58 62.83370000 0.30909000 0.26500000 0.01960000 0.36530000 0.03000000 0.51700000 0.00000000
06D4bw 4 0.73014000 0.00176000 0.73012000 0.00100000 0.73200000 0.00100000 23.66560000 0.32082700 42.91860000 0.32196100 -9.00000000 0 0 0.01332200 0.06000600 0.65989000 0.25975000 23.62740000 0.03662160 0.00000635 0.00000021 0.00023752 -0.00000003 -0.00000000 333.76600000 -17.88350000 -999 -999 -9.00000000 -2.76700000 250 0.02195260 9.27600000 0.14950000 53909.30000000 0.47340000 35 39.62370000 0.27127000 0.19630000 0.00660000 -0.03440000 0.00300000 1.00000000 0.00900000
1329166 10 0.73161000 0.00153000 0.73163000 0.00050000 0.73230000 0.00050000 23.92690000 0.19455900 43.17990000 0.19642400 -9.00000000 0 0 -0.05110900 0.05361100 0.12272000 0.35613000 23.75100000 0.04165830 0.00000567 0.00000022 0.00190536 -0.00000004 -0.00000000 52.30350000 -28.91160000 -999 -999 -9.00000000 2.79730000 250 0.00674471 9.99600000 0.91850000 57308.20000000 0.51080000 48 47.10200000 0.50958000 0.17240000 0.00580000 -0.05210000 0.00900000 0.59800000 0.00000000
04D1pp 4 0.73368000 0.00176000 0.73362000 0.00100000 0.73500000 0.00100000 23.73150000 0.19403200 42.98450000 0.19590200 -9.00000000 0 0 -0.11424400 0.05130400 -1.38223000 0.21307000 23.70690000 0.03025050 0.00000591 0.00000016 0.00034028 -0.00000001 -0.00000000 36.30200000 -4.70160000 -999 -999 -9.00000000 -10.01400000 250 0.02326000 11.38200000 0.08950000 53320.30000000 0.34500000 38 53.49690000 0.04893840 0.16570000 0.00660000 0.07240000 0.00500000 0.64900000 0.00000000
04D2gp 4 0.73395000 0.00176000 0.73400000 0.00100000 0.73200000 0.00100000 23.96700000 0.38734900 43.22000000 0.38828900 -9.00000000 0 0 -0.13673900 0.08509700 -1.35262000 0.41314000 23.92980000 0.05072480 0.00000481 0.00000022 0.00369148 -0.00000004 0.00000001 149.83500000 2.50890000 -999 -999 -9.00000000 8.95860000 250 0.01645410 8.83400000 0.23000000 53110.50000000 0.58990000 12 18.14760000 0.11128000 0.28980000 0.00660000 0.13370000 0.01400000 0.85500000 0.00000000
05D2fq 4 0.73495000 0.00176000 0.73501000 0.00100000 0.73300000 0.00100000 24.00070000 0.22298600 43.25370000 0.22461500 -9.00000000 0 0 -0.08230900 0.05715000 0.82938000 0.31632000 23.71850000 0.03359260 0.00000584 0.00000018 0.00153541 -0.00000003 -0.00000000 149.78500000 2.60200000 -999 -999 -9.00000000 8.89860000 250 0.01566870 10.87500000 0.13450000 53463.30000000 0.47150000 18 14.16420000 0.71833000 0.18910000 0.00660000 0.04220000 0.00300000 0.66200000 0.00000000
05D1eo 4 0.73568000 0.00176000 0.73562000 0.00100000 0.73700000 0.00100000 23.92770000 0.25568800 43.18070000 0.25711000 -9.00000000 0 0 -0.05103300 0.06418600 -1.52666000 0.29399000 24.02240000 0.03668080 0.00000442 0.00000015 0.00119688 -0.00000002 -0.00000000 36.34640000 -4.64270000 -999 -999 -9.00000000 -10.01300000 250 0.02206580 11.12500000 0.17700000 53667.00000000 0.43610000 43 42.86580000 0.47707000 0.21020000 0.00660000 -0.02510000 0.00500000 0.67500000 0.00000000
05D2ct 4 0.73596000 0.00176000 0.73602000 0.00100000 0.73400000 0.00100000 23.91450000 0.42478200 43.16750000 0.42563900 -9.00000000 0 0 0.08999700 0.06826200 0.36808000 0.46935000 24.10400000 0.05482470 0.00000410 0.00000021 0.00099407 -0.00000007 -0.00000000 150.42600000 2.12380000 -999 -999 -9.00000000 9.19070000 250 0.01503170 9.76100000 0.06850000 53425.20000000 0.46750000 27 32.50340000 0.21395000 0.24070000 0.00660000 -0.08690000 0.00800000 1.00000000 0.01700000
05D3jk 4 0.73675000 0.00176000 0.73668000 0.00100000 0.73600000 0.00100000 23.73900000 0.21318700 42.99200000 0.21489000 -9.00000000 0 0 -0.13576800 0.04594800 0.78444000 0.18044000 23.40480000 0.02651530 0.00000780 0.00000019 -0.00028581 -0.00000001 -0.00000000 214.19800000 52.59250000 -999 -999 -9.00000000 -11.48070000 250 0.00816362 9.45700000 0.31050000 53507.80000000 0.23260000 42 55.70510000 0.07649610 0.14850000 0.00660000 0.14900000 0.00300000 0.85300000 0.00000000
04D2ja 4 0.74196000 0.00176000 0.74202000 0.00100000 0.74000000 0.00100000 24.22830000 0.32401700 43.48130000 0.32514000 -9.00000000 0 0 -0.20394800 0.07134700 0.36095000 0.40224000 23.81110000 0.05173700 0.00000536 0.00000026 -0.00256269 -0.00000006 0.00000001 149.70200000 1.77170000 -999 -999 -9.00000000 9.16880000 250 0.01775650 10.99100000 0.09450000 53123.20000000 0.48510000 8 3.01921000 0.93315000 0.26660000 0.00650000 0.21430000 0.01000000 0.61100000 0.00000000
04D3fq 4 0.74276000 0.00176000 0.74269000 0.00100000 0.74200000 0.00100000 23.82950000 0.32606300 43.08250000 0.32717900 -9.00000000 0 0 -0.03922500 0.06759900 -0.40896300 0.35531000 23.80750000 0.03643850 0.00000538 0.00000018 0.00192113 -0.00000002 0.00000000 214.24100000 52.37950000 -999 -999 -9.00000000 -11.32700000 250 0.00976998 9.29900000 0.04550000 53120.20000000 0.49660000 38 46.90570000 0.15237000 0.22610000 0.00650000 -0.01350000 0.00400000 0.97000000 0.00000000
05D3jb 4 0.74573000 0.00177000 0.74566000 0.00100000 0.74500000 0.00100000 23.91450000 0.19330200 43.16750000 0.19517900 -9.00000000 0 0 -0.07281900 0.04959300 0.93826000 0.23307000 23.63610000 0.03016260 0.00000630 0.00000018 -0.00009965 -0.00000002 -0.00000000 215.54200000 52.87810000 -999 -999 -9.00000000 -11.56660000 250 0.00784745 10.47100000 0.04650000 53515.30000000 0.25360000 40 63.34360000 0.01078930 0.16400000 0.00660000 0.03270000 0.00300000 0.65900000 0.00000000
04D2kr 4 0.74607000 0.00154000 0.74613000 0.00050000 0.74410000 0.00050000 23.72870000 0.25330500 42.98170000 0.25474000 -9.00000000 0 0 -0.03417500 0.05093600 0.80413000 0.31487000 23.57270000 0.03227620 0.00000668 0.00000020 -0.00085423 -0.00000003 -0.00000000 150.15600000 1.71190000 -999 -999 -9.00000000 9.22850000 250 0.01623290 7.00000000 5.00000000 53359.40000000 0.42610000 28 28.82970000 0.42120000 0.17640000 0.00570000 0.01590000 0.00200000 0.98100000 0.00000000
04D4im 4 0.74911000 0.00177000 0.74910000 0.00100000 0.75100000 0.00100000 23.68660000 0.26109600 42.93960000 0.26248800 -9.00000000 0 0 0.01404800 0.05853600 1.14870000 0.25303000 23.55860000 0.03488690 0.00000677 0.00000022 -0.00162129 -0.00000002 0.00000000 333.75400000 -17.39600000 -999 -999 -9.00000000 -2.93050000 250 0.02033000 11.19900000 0.10250000 53285.10000000 0.36470000 31 160.02700000 0.00000000 0.20090000 0.00650000 -0.05440000 0.00500000 0.79700000 0.00000000
1285160 10 0.74930000 0.00521000 0.74932000 0.00500000 0.75000000 0.00500000 23.92420000 0.16097700 43.17720000 0.16322500 -9.00000000 0 0 -0.17073700 0.04816400 -0.31553000 0.27560000 23.61390000 0.03587250 0.00000643 0.00000021 0.00217424 -0.00000003 -0.00000000 52.39890000 -28.64760000 -999 -999 0.28000000 2.64280000 250 0.00858419 7.97800000 0.34500000 57272.70000000 0.42590000 49 36.25020000 0.91172000 0.14590000 0.01920000 0.11870000 0.01500000 0.51400000 0.00000000
04D3ks 4 0.75074000 0.01011000 0.75068000 0.01000000 0.75000000 0.01000000 23.64820000 0.31757100 42.90120000 0.31871600 -9.00000000 0 0 -0.03514400 0.06274000 0.54287000 0.31152000 23.52090000 0.04175410 0.00000701 0.00000027 0.00008618 -0.00000005 0.00000000 215.64000000 52.18520000 -999 -999 -9.00000000 -11.22760000 250 0.00992894 8.45900000 0.22600000 53163.30000000 0.35450000 27 46.89180000 0.01018100 0.21900000 0.03720000 0.00910000 0.00200000 0.97100000 0.00000000
05D2nt 4 0.75899000 0.00178000 0.75904000 0.00100000 0.75700000 0.00100000 23.99390000 0.23158400 43.24690000 0.23315300 -9.00000000 0 0 -0.01795700 0.05053100 1.53089000 0.31135000 23.82270000 0.03145310 0.00000531 0.00000015 0.00227272 -0.00000002 -0.00000000 150.24300000 2.37270000 -999 -999 -9.00000000 8.85060000 250 0.01539550 9.05400000 0.35500000 53727.60000000 0.42760000 30 34.76680000 0.25122000 0.16200000 0.00650000 0.05780000 0.00600000 0.99800000 0.00000000
05D3mn 4 0.76076000 0.00178000 0.76069000 0.00100000 0.76000000 0.00100000 23.81370000 0.19934100 43.06670000 0.20116100 -9.00000000 0 0 -0.04076500 0.05072900 -0.22309100 0.29140000 23.74100000 0.02800560 0.00000572 0.00000015 0.00165853 -0.00000001 -0.00000000 214.68900000 52.32310000 -999 -999 -9.00000000 -11.11810000 250 0.00760206 10.43200000 0.11450000 53559.30000000 0.33140000 18 21.09730000 0.27453000 0.16590000 0.00650000 -0.03190000 0.00300000 0.66900000 0.00000000
05D4cn 4 0.76110000 0.00178000 0.76108000 0.00100000 0.76300000 0.00100000 23.92370000 0.23508200 43.17670000 0.23662800 -9.00000000 0 0 0.00798000 0.05588200 1.12150000 0.24147000 23.78820000 0.03185740 0.00000548 0.00000016 0.00032323 -0.00000001 -0.00000000 333.38100000 -17.28880000 -999 -999 -9.00000000 -2.89340000 250 0.02251700 10.46100000 0.30550000 53583.50000000 0.38090000 49 94.05600000 0.00011510 0.18500000 0.00650000 -0.04710000 0.00500000 0.77500000 0.00000000
05D1if 4 0.76165000 0.00178000 0.76159000 0.00100000 0.76300000 0.00100000 23.87800000 0.23834700 43.13100000 0.23987200 -9.00000000 0 0 -0.05473100 0.05135900 0.16435000 0.25395000 23.75960000 0.03480490 0.00000563 0.00000018 0.00018581 -0.00000003 -0.00000000 36.12390000 -4.57030000 -999 -999 -9.00000000 -9.80730000 250 0.02118780 7.00000000 5.00000000 53715.50000000 0.21480000 21 28.65440000 0.12255000 0.17390000 0.00650000 0.02270000 0.00200000 0.90600000 0.00000000
04D1qd 4 0.76566000 0.00178000 0.76560000 0.00100000 0.76700000 0.00100000 23.98390000 0.22381200 43.23690000 0.22543400 -9.00000000 0 0 0.01649400 0.05234500 0.17992000 0.27421000 23.96640000 0.03352520 0.00000465 0.00000014 0.00250051 -0.00000002 -0.00000000 36.63780000 -4.10720000 -999 -999 -9.00000000 -9.91620000 250 0.02419280 10.49600000 0.06450000 53329.50000000 0.36920000 32 33.34910000 0.40149000 0.16620000 0.00640000 -0.09440000 0.00400000 0.79000000 0.00000000
04D1de 4 0.76666000 0.00178000 0.76660000 0.00100000 0.76800000 0.00100000 24.16940000 0.24870000 43.42240000 0.25016200 -9.00000000 0 0 -0.12298000 0.05424900 0.90425000 0.24322000 23.85300000 0.03435870 0.00000516 0.00000016 -0.00052016 -0.00000002 0.00000000 36.64960000 -4.42260000 -999 -999 -9.00000000 -9.76970000 250 0.02421070 9.64000000 0.16650000 53246.00000000 0.24750000 44 65.42290000 0.01965980 0.18590000 0.00640000 0.14490000 0.00300000 0.83700000 0.00000000
05D3hh 4 0.76674000 0.00178000 0.76668000 0.00100000 0.76600000 0.00100000 24.10930000 0.26889800 43.36230000 0.27025000 -9.00000000 0 0 -0.00275300 0.06220600 0.53015000 0.42108000 24.00690000 0.05033620 0.00000448 0.00000021 0.00345112 -0.00000006 -0.00000000 214.79200000 52.95930000 -999 -999 -9.00000000 -11.31970000 250 0.00784452 10.40000000 0.16050000 53479.70000000 0.42350000 45 52.96560000 0.19378000 0.21430000 0.00640000 -0.06810000 0.00300000 0.74500000 0.00000000
04D4id 4 0.76709000 0.00178000 0.76707000 0.00100000 0.76900000 0.00100000 24.30570000 0.25572900 43.55870000 0.25715000 -9.00000000 0 0 -0.17068400 0.06071200 0.66935000 0.44350000 23.91640000 0.04500800 0.00000487 0.00000020 0.00134158 -0.00000004 0.00000000 334.08900000 -17.22900000 -999 -999 -9.00000000 -2.99480000 250 0.02541880 10.32400000 0.19600000 53261.70000000 0.70920000 34 30.57010000 0.63651000 0.22050000 0.00640000 0.18480000 0.00800000 0.61100000 0.00000000
04D1pc 4 0.76865000 0.00178000 0.76860000 0.00100000 0.77000000 0.00100000 24.03990000 0.31050400 43.29290000 0.31167500 -9.00000000 0 0 0.09184100 0.06189300 -0.43461600 0.33791000 24.26360000 0.03579910 0.00000354 0.00000012 0.00349927 -0.00000001 -0.00000000 36.60370000 -4.39940000 -999 -999 -9.00000000 -9.76990000 250 0.02283130 10.41800000 0.17950000 53324.80000000 0.46600000 34 37.06730000 0.32935000 0.19860000 0.00640000 -0.17680000 0.00900000 0.98500000 0.00000000
1329196 10 0.76932000 0.00521000 0.76933000 0.00500000 0.77001000 0.00500000 23.96380000 0.16048600 43.21680000 0.16274100 -9.00000000 0 0 -0.07287900 0.04618400 0.49328000 0.28255000 23.71140000 0.03277290 0.00000588 0.00000018 0.00088307 -0.00000002 -0.00000000 53.07580000 -28.90650000 -999 -999 1.41000000 2.79270000 250 0.00740788 9.42400000 1.21850000 57308.90000000 0.43360000 58 41.48530000 0.95008000 0.14860000 0.01880000 -0.00670000 0.01000000 0.54700000 0.00000000
05D4bi 4 0.77309000 0.00178000 0.77308000 0.00100000 0.77500000 0.00100000 24.10380000 0.29384300 43.35680000 0.29508100 -9.00000000 0 0 -0.13070700 0.06346800 0.97441000 0.38297000 23.76520000 0.03909820 0.00000560 0.00000020 0.00090193 -0.00000004 0.00000000 333.98600000 -17.98610000 -999 -999 -9.00000000 -2.63330000 250 0.02377590 9.10900000 0.21800000 53560.30000000 0.53480000 43 55.83840000 0.09063100 0.22050000 0.00640000 0.15690000 0.00300000 0.82800000 0.00000000
1325358 10 0.77929000 0.00522000 0.77931000 0.00500000 0.78000000 0.00500000 23.78650000 0.30991800 43.03950000 0.31109200 -9.00000000 0 0 0.00526300 0.07511000 0.16641000 0.68853000 23.67980000 0.04462820 0.00000605 0.00000025 0.01048030 -0.00000004 0.00000000 52.28410000 -28.95160000 -999 -999 0.52000000 2.68230000 250 0.00671073 8.22300000 0.39450000 57048.20000000 1.00810000 15 21.62780000 0.11794000 0.25150000 0.01860000 -0.15080000 0.01500000 0.74000000 0.00000000
05D4cs 4 0.78807000 0.01011000 0.78806000 0.01000000 0.79000000 0.01000000 24.05120000 0.23047300 43.30420000 0.23204900 -9.00000000 0 0 -0.11811300 0.04820300 1.39711000 0.21328000 23.69610000 0.03069740 0.00000596 0.00000017 -0.00011255 -0.00000001 0.00000000 334.32400000 -17.88020000 -999 -999 -9.00000000 -2.68450000 250 0.02466120 8.98000000 0.63250000 53588.60000000 0.31920000 49 63.09130000 0.08502540 0.16410000 0.03570000 0.16380000 0.00500000 0.83400000 0.00000000
03D4fd 4 0.78907000 0.00180000 0.78905000 0.00100000 0.79100000 0.00100000 24.13070000 0.26982900 43.38370000 0.27117700 -9.00000000 0 0 -0.03602500 0.06563200 0.82118000 0.48128000 23.93820000 0.04051680 0.00000477 0.00000018 0.00489704 -0.00000002 0.00000000 334.06000000 -17.39560000 -999 -999 -9.00000000 -2.85740000 250 0.02406900 10.00500000 0.21950000 52938.50000000 0.70730000 12 9.77431000 0.63575000 0.22710000 0.00640000 -0.01230000 0.00300000 0.68600000 0.00000000
1309749 10 0.78928000 0.00522000 0.78929000 0.00500000 0.79000000 0.00500000 23.94650000 0.16334200 43.19950000 0.16555900 -9.00000000 0 0 -0.13192700 0.04607000 0.62967000 0.32915000 23.59790000 0.03348040 0.00000653 0.00000020 0.00102454 -0.00000003 -0.00000000 52.53840000 -27.31740000 -999 -999 0.34000000 1.99470000 250 0.00786866 9.11500000 0.08200000 56987.80000000 0.41960000 48 35.33870000 0.91271000 0.15290000 0.01840000 0.09980000 0.01200000 0.47800000 0.00000000
04D1ks 4 0.79662000 0.01011000 0.79656000 0.01000000 0.79800000 0.01000000 23.64960000 0.37111500 42.90260000 0.37209600 -9.00000000 0 0 0.10490000 0.06018200 0.68862000 0.26157000 23.84630000 0.03653450 0.00000519 0.00000017 0.00116796 -0.00000002 0.00000000 36.03960000 -4.97870000 -999 -999 -9.00000000 -9.32440000 250 0.02456650 7.96600000 0.71900000 53291.40000000 0.38590000 44 41.03780000 0.59932000 0.20360000 0.03540000 -0.07850000 0.01200000 1.00000000 0.00900000
03D1fq 4 0.79863000 0.01011000 0.79858000 0.01000000 0.80000000 0.01000000 24.18080000 0.28687600 43.43380000 0.28814400 -9.00000000 0 0 -0.04149200 0.06472300 -1.02335000 0.42081000 24.22320000 0.04476650 0.00000367 0.00000015 0.00315076 -0.00000002 0.00000000 36.73190000 -4.30220000 -999 -999 -9.00000000 -9.52110000 250 0.02229020 10.65100000 0.12700000 52999.10000000 0.66180000 14 11.34630000 0.65864000 0.23080000 0.03530000 -0.03270000 0.00500000 0.68100000 0.00000000
Elvis 100 0.83981000 0.00523000 0.83973000 0.00500000 0.83900000 0.00500000 24.10700000 0.21011800 43.36000000 0.21184500 -9.00000000 0 0 -0.04325100 0.03764500 -0.23087800 0.30216000 24.06780000 0.02369940 0.00000424 0.00000009 -0.00032614 0.00000000 -0.00000000 189.45100000 62.22650000 -999 -999 -9.00000000 -13.47280000 250 0.00997655 7.00000000 -9.00000000 52783.70000000 0.79500000 9 21.75830000 0.00967746 0.12450000 0.01750000 0.00810000 0.00500000 1.00000000 0.00500000
Spock 100 0.83981000 0.00161000 0.83973000 0.00050000 0.83900000 0.00050000 23.94820000 0.38948800 43.20120000 0.39042300 -9.00000000 0 0 -0.03001900 0.07220200 0.25173000 0.38187000 23.89210000 0.09503770 0.00000498 0.00000044 0.00056615 -0.00000006 -0.00000000 189.27700000 62.25330000 -999 -999 -9.00000000 -13.48290000 250 0.01049920 8.78000000 0.05000000 53401.30000000 0.55960000 13 14.34930000 0.34971000 0.25730000 0.00540000 0.02140000 0.00400000 1.00000000 0.00800000
Manipogo 100 0.85482000 0.00163000 0.85474000 0.00050000 0.85400000 0.00050000 24.36380000 0.29869500 43.61680000 0.29991300 -9.00000000 0 0 -0.08594700 0.07896300 -0.82422500 0.30158000 24.27160000 0.03632090 0.00000351 0.00000012 0.00065532 -0.00000000 -0.00000001 189.14500000 62.26360000 -999 -999 -9.00000000 -13.31040000 250 0.01034620 10.30000000 0.03000000 53150.40000000 0.80210000 5 16.31310000 0.00600468 0.22960000 0.00540000 -0.00050000 0.00500000 0.82300000 0.00000000
Vilas 100 0.93585000 0.00525000 0.93577000 0.00500000 0.93500000 0.00500000 24.28010000 0.23841500 43.53310000 0.23993900 -9.00000000 0 0 -0.04176800 0.05661200 -0.02741000 0.27384000 24.18490000 0.04416760 0.00000380 0.00000015 -0.00284110 0.00000002 -0.00000000 189.37100000 62.19110000 -999 -999 -9.00000000 -12.43720000 250 0.01011740 11.10000000 0.13000000 52726.80000000 1.37830000 9 35.79780000 0.00009118 0.18050000 0.01610000 -0.02250000 0.00200000 0.83000000 0.00000000
Ombo 100 0.97423000 0.00172000 0.97424000 0.00050000 0.97500000 0.00050000 24.85810000 0.19970200 44.11110000 0.20151900 -9.00000000 0 0 -0.05897800 0.04296400 1.71255000 0.29302000 24.58300000 0.03227000 0.00000264 0.00000008 0.00445788 -0.00000001 -0.00000000 53.10560000 -27.75080000 -999 -999 -9.00000000 1.93310000 250 0.00765879 9.25000000 0.04000000 53369.40000000 0.54470000 11 38.80640000 0.00005714 0.12130000 0.00510000 0.10760000 0.00400000 1.00000000 0.00400000
SCP05D0 101 1.01242000 0.00175000 1.01236000 0.00050000 1.01400000 0.00050000 24.86470000 0.36609000 44.11770000 0.36708500 -9.00000000 0 0 0.01714500 0.09768400 -0.18477900 0.53466000 24.97340000 0.06730080 0.00000184 0.00000011 0.02848250 -0.00000004 -0.00000001 35.42530000 -3.36480000 -999 -999 -9.00000000 -8.43910000 250 0.02157500 10.00000000 0.10000000 53607.10000000 0.84140000 6 2.34822000 0.88505000 0.22610000 0.00500000 -0.02390000 0.00300000 1.00000000 0.01200000
Eagle 100 1.01988000 0.00176000 1.01980000 0.00050000 1.01900000 0.00050000 25.02270000 0.22428400 44.27570000 0.22590300 -9.00000000 0 0 -0.15723800 0.05838900 0.17306000 0.28383000 24.66130000 0.03123420 0.00000245 0.00000007 0.00689064 -0.00000001 -0.00000000 189.33700000 62.22820000 -999 -999 -9.00000000 -11.71780000 250 0.01036750 9.77000000 0.04000000 53295.60000000 0.66120000 7 17.85840000 0.01262530 0.16490000 0.00500000 0.09800000 0.00300000 0.84200000 0.00000000
Ferguson 100 1.02088000 0.00528000 1.02081000 0.00500000 1.02000000 0.00500000 24.71760000 0.47470300 43.97060000 0.47547000 -9.00000000 0 0 -0.04635200 0.07761700 0.23460000 1.36552000 24.60230000 0.15908000 0.00000259 0.00000038 0.00489391 0.00000005 -0.00000000 189.10500000 62.25660000 -999 -999 -9.00000000 -11.72050000 250 0.01017310 9.02000000 0.04000000 53466.40000000 6.19040000 5 11.67410000 0.03953740 0.32840000 0.01500000 0.01030000 0.00200000 1.00000000 0.00300000
Strolger 100 1.02789000 0.00176000 1.02781000 0.00050000 1.02700000 0.00050000 25.28340000 0.35235200 44.53640000 0.35338500 -9.00000000 0 0 -0.19371500 0.06506500 1.99519000 1.36685000 24.72770000 0.06435310 0.00000231 0.00000014 0.01085840 0.00000008 0.00000000 189.08600000 62.18070000 -999 -999 -9.00000000 -11.64310000 250 0.00989498 9.61000000 0.02000000 53469.90000000 4.83230000 5 3.62750000 0.72694000 0.26350000 0.00500000 0.28520000 0.02700000 0.77500000 0.00000000
SCP06U4 101 1.04817000 0.00178000 1.04819000 0.00050000 1.05000000 0.00050000 25.16990000 0.48801100 44.42290000 0.48875800 -9.00000000 0 0 -0.19496500 0.10051000 -0.53054200 1.41172000 24.80390000 0.08065470 0.00000215 0.00000016 0.00525534 -0.00000004 0.00000000 356.37300000 -36.54600000 -999 -999 -9.00000000 2.97910000 250 0.01171630 10.00000000 -9.00000000 53939.20000000 0.19290000 5 4.07764000 0.53829000 0.39560000 0.00500000 0.10620000 0.00500000 0.75000000 0.00000000
Gabi 100 1.12092000 0.00530000 1.12085000 0.00500000 1.12000000 0.00500000 25.18750000 0.22199400 44.44050000 0.22363000 -9.00000000 0 0 -0.12510900 0.05221900 0.59040000 0.30512000 24.86020000 0.03191370 0.00000204 0.00000006 0.00659014 -0.00000001 -0.00000000 189.05800000 62.20210000 -999 -999 -9.00000000 -10.97690000 250 0.00989616 8.54000000 0.18000000 53489.20000000 0.52270000 6 16.67940000 0.01053680 0.15810000 0.01400000 0.09430000 0.00300000 0.90600000 0.00000000
SCP06H5 101 1.23225000 0.00193000 1.23223000 0.00050000 1.23099000 0.00050000 25.06770000 0.60989900 44.32070000 0.61049600 -9.00000000 0 0 -0.05058900 0.11810000 -1.63447000 1.45690000 25.16740000 0.13479000 0.00000154 0.00000019 0.07827890 -0.00000021 0.00000000 218.62600000 34.44920000 -999 -999 -9.00000000 -2.61460000 250 0.01750210 10.00000000 -9.00000000 53860.70000000 1.41940000 4 8.10259000 0.08789160 0.42210000 0.00470000 -0.03740000 0.01300000 1.00000000 0.00400000
Lancaster 100 1.23597000 0.00193000 1.23589000 0.00050000 1.23500000 0.00050000 25.65200000 0.27240000 44.90500000 0.27373500 -9.00000000 0 0 0.04467200 0.04561100 -0.13557500 0.66286000 25.77430000 0.04206580 0.00000088 0.00000003 0.00553552 -0.00000001 -0.00000000 189.23600000 62.21480000 -999 -999 -9.00000000 -10.29170000 250 0.01035890 10.70000000 0.03000000 53432.50000000 1.53070000 9 11.09250000 0.26942000 0.17940000 0.00470000 -0.08820000 0.00400000 1.00000000 0.00400000
Aphrodite 100 1.29911000 0.00535000 1.29912000 0.00500000 1.30001000 0.00500000 25.61110000 0.27396300 44.86410000 0.27529100 -9.00000000 0 0 -0.05671800 0.05021800 0.62301000 0.34804000 25.43940000 0.04080620 0.00000120 0.00000005 0.00547882 -0.00000000 0.00000000 53.15630000 -27.77960000 -999 -999 -9.00000000 1.60560000 250 0.00686365 8.76000000 0.09000000 52552.80000000 0.62280000 10 28.54230000 0.00147721 0.18010000 0.01250000 0.04320000 0.00200000 1.00000000 0.00400000
Thoth 100 1.30410000 0.00199000 1.30412000 0.00050000 1.30501000 0.00050000 25.46760000 0.31536300 44.72060000 0.31651700 -9.00000000 0 0 -0.08166000 0.07964200 -0.37250700 0.50874000 25.32880000 0.08557480 0.00000133 0.00000010 0.00101362 0.00000003 -0.00000000 53.10330000 -27.77160000 -999 -999 -9.00000000 1.59440000 250 0.00731731 10.90000000 0.06000000 52571.00000000 2.89400000 5 12.51340000 0.02839150 0.25800000 0.00460000 0.00640000 0.00300000 0.73000000 0.00000000
Inanna 100 1.30611000 0.00199000 1.30612000 0.00050000 1.30701000 0.00050000 25.76670000 0.44434300 45.01970000 0.44516200 -9.00000000 0 0 0.09498000 0.05369000 -1.61117000 1.43741000 26.26960000 0.19058000 0.00000056 0.00000010 0.01749840 0.00000006 -0.00000000 53.18470000 -27.91840000 -999 -999 -9.00000000 1.64420000 250 0.00692514 10.00000000 -9.00000000 52668.10000000 5.69970000 2 1.72179000 0.42278000 0.25040000 0.00460000 -0.08090000 0.02700000 1.00000000 0.02400000
SCP05D6 101 1.31317000 0.00199000 1.31311000 0.00050000 1.31500000 0.00050000 25.53370000 0.31519500 44.78670000 0.31634900 -9.00000000 0 0 -0.07243600 0.06318400 -0.44928100 0.58251000 25.43850000 0.05152440 0.00000120 0.00000006 0.00871022 -0.00000002 -0.00000000 35.44370000 -3.38230000 -999 -999 -9.00000000 -7.08680000 250 0.02139590 10.00000000 0.10000000 53658.80000000 1.32730000 7 8.23115000 0.31265000 0.21170000 0.00460000 0.01020000 0.00300000 1.00000000 0.00300000
washington 106 1.32910000 0.02009000 1.32911000 0.02000000 1.33001000 0.02000000 25.62150000 0.23681000 44.87450000 0.23834400 -9.00000000 0 0 -0.09573100 0.04354200 0.96560000 0.77533000 25.32980000 0.07931030 0.00000132 0.00000010 0.00277679 0.00000001 -0.00000000 53.08690000 -27.82820000 -999 -999 -9.00000000 1.59040000 250 0.00677937 10.00000000 99.00000000 55616.90000000 3.28420000 9 20.75470000 0.02287050 0.15990000 0.04590000 0.09440000 0.00300000 0.94900000 0.00000000
Borg 100 1.34101000 0.00537000 1.34093000 0.00500000 1.34000000 0.00500000 25.50110000 0.30520300 44.75410000 0.30639500 -9.00000000 0 0 0.03452600 0.04105300 0.88483000 0.78177000 25.54600000 0.04979140 0.00000109 0.00000005 0.00934989 -0.00000000 -0.00000000 189.28800000 62.19140000 -999 -999 -9.00000000 -9.75760000 250 0.01022560 9.69000000 0.04000000 52736.60000000 2.17460000 8 11.96180000 0.15291000 0.17100000 0.01220000 0.01620000 0.00300000 1.00000000 0.01600000
SCP06G4 101 1.35136000 0.00202000 1.35134000 0.00050000 1.34999000 0.00050000 25.29620000 0.31731400 44.54920000 0.31846000 -9.00000000 0 0 0.00388100 0.04904800 1.17151000 0.63543000 25.23230000 0.05009200 0.00000145 0.00000007 0.00562621 -0.00000003 -0.00000000 217.32800000 34.64370000 -999 -999 -9.00000000 -2.44970000 250 0.01228040 7.00000000 0.10000000 53859.70000000 1.14740000 6 5.25995000 0.51093000 0.19720000 0.00460000 0.04460000 0.00300000 1.00000000 0.01000000
Mcguire 100 1.35608000 0.00203000 1.35610000 0.00050000 1.35701000 0.00050000 25.55640000 0.23674700 44.80940000 0.23828200 -9.00000000 0 0 -0.07088000 0.03013100 -0.70320500 0.71101000 25.49450000 0.06778350 0.00000114 0.00000007 0.00287366 -0.00000001 -0.00000000 53.04180000 -27.83050000 -999 -999 -9.00000000 1.56660000 250 0.00714549 10.00000000 99.00000000 53264.20000000 2.89300000 7 15.57800000 0.04883490 0.16350000 0.00460000 0.00110000 0.00400000 0.97100000 0.00000000
Sasquatch 100 1.39103000 0.00538000 1.39096000 0.00500000 1.39000000 0.00500000 25.54140000 0.37337000 44.79440000 0.37434500 -9.00000000 0 0 0.11564000 0.04072200 0.83819000 1.22285000 25.73160000 0.14426000 0.00000091 0.00000012 0.00952293 0.00000000 -0.00000000 189.22500000 62.13970000 -999 -999 -9.00000000 -9.52070000 250 0.00973756 10.90000000 0.07000000 53145.90000000 6.31000000 8 15.47000000 0.07881010 0.24550000 0.01180000 -0.09610000 0.00700000 1.00000000 0.00800000
SCP06K0 101 1.41633000 0.00208000 1.41631000 0.00050000 1.41499000 0.00050000 25.20490000 0.73528100 44.45790000 0.73577600 -9.00000000 0 0 0.11595000 0.09770200 0.56350000 1.39138000 25.48430000 0.14314000 0.00000115 0.00000015 -0.04560970 -0.00000009 0.00000000 219.53500000 34.23840000 -999 -999 -9.00000000 -2.38370000 250 0.01237090 10.00000000 -9.00000000 53747.50000000 0.26830000 10 6.86330000 0.81004000 0.49330000 0.00450000 -0.04840000 0.00700000 1.00000000 0.02400000
carter 106 1.54290000 0.04006000 1.54295000 0.04000000 1.54000000 0.04000000 25.83720000 0.37003100 45.09020000 0.37101400 -9.00000000 0 0 0.13327000 0.07706000 2.34906000 0.82442000 26.13760000 0.11558000 0.00000063 0.00000007 0.02680350 -0.00000004 -0.00000000 150.06100000 2.19240000 -999 -999 -9.00000000 5.48690000 250 0.01654990 10.00000000 0.13000000 55943.20000000 1.51370000 12 20.77100000 0.05383640 0.19780000 0.08090000 0.18240000 0.02000000 1.00000000 0.01500000
Primo 106 1.54901000 0.00213000 1.54903000 0.00010000 1.55001000 0.00010000 26.04000000 0.23220600 45.29300000 0.23377100 -9.00000000 0 0 -0.20185600 0.07688300 -0.51191000 0.41103000 25.74800000 0.08749810 0.00000090 0.00000007 0.00435165 -0.00000001 -0.00000001 53.15840000 -27.77750000 -999 -999 -9.00000000 1.43850000 250 0.00688014 9.46000000 0.23000000 55483.30000000 1.03380000 15 26.20120000 0.03596030 0.19330000 0.00430000 0.20430000 0.00600000 0.69700000 0.00000000
rutledge 106 1.61505000 0.00545000 1.61499000 0.00500000 1.61399000 0.00500000 25.90650000 0.33192700 45.15950000 0.33302400 -9.00000000 0 0 0.06390500 0.04392800 0.94408000 1.08966000 25.99690000 0.06891330 0.00000072 0.00000005 0.01026560 -0.00000003 -0.00000000 215.20000000 53.07280000 -999 -999 -9.00000000 -6.88720000 250 0.00905251 10.00000000 -9.00000000 56456.50000000 1.72560000 8 2.92493000 0.93898000 0.22300000 0.01060000 -0.02030000 0.00500000 1.00000000 0.00200000
geta 106 1.69706000 0.04006000 1.69702000 0.04000000 1.70000000 0.04000000 26.03330000 0.37952100 45.28630000 0.38048000 -9.00000000 0 0 -0.16442200 0.09943600 0.99124000 0.95298000 25.69900000 0.08822180 0.00000094 0.00000008 -0.00413208 -0.00000003 -0.00000001 322.35000000 0.14020000 -999 -999 -9.00000000 -5.02910000 250 0.03625230 10.00000000 99.00000000 56139.60000000 1.89730000 12 9.15387000 0.68973000 0.32090000 0.07480000 0.26800000 0.00500000 0.63300000 0.00000000
stone 106 1.80119000 0.02014000 1.80111000 0.02000000 1.80000000 0.02000000 26.23350000 0.28068500 45.48650000 0.28198100 -9.00000000 0 0 -0.02448300 0.08630600 -0.54453600 0.70361000 26.19370000 0.08033610 0.00000060 0.00000004 0.01885750 -0.00000002 -0.00000000 189.32000000 62.27820000 -999 -999 -9.00000000 -8.19550000 250 0.01050630 10.00000000 0.31000000 56481.90000000 1.16310000 11 11.69320000 0.38714000 0.23700000 0.03580000 -0.09680000 0.00400000 0.64100000 0.00000000
wilson 106 1.91165000 0.00263000 1.91160000 0.00100000 1.91401000 0.00100000 26.17030000 0.35762400 45.42330000 0.35864200 -9.00000000 0 0 0.06370900 0.14866000 -1.65392000 0.77302000 26.28020000 0.17033000 0.00000055 0.00000009 0.07078190 -0.00000006 -0.00000001 34.44310000 -5.25660000 -999 -999 -9.00000000 -5.29110000 250 0.01947220 10.00000000 0.18000000 55539.30000000 1.49020000 9 5.54378000 0.78457000 0.31680000 0.00440000 -0.38350000 0.01300000 0.60400000 0.00000000
colfax 106 2.26137000 0.02018000 2.26130000 0.02000000 2.26000000 0.02000000 26.92980000 0.28001100 46.18280000 0.28130900 -9.00000000 0 0 0.11885000 0.13129000 0.03023000 1.18197000 26.80970000 0.07100960 0.00000034 0.00000002 0.01988270 0.00000000 0.00000000 189.15700000 62.30920000 -999 -999 -9.00000000 -7.26610000 250 0.01062250 10.00000000 -9.00000000 56078.30000000 5.68280000 13 10.19320000 0.67807000 0.44550000 0.02970000 -0.53560000 0.00900000 0.16400000 0.00000000
